Fecha,Dia_Semana,SANTA_FE_TG1,SANTA_FE_TG2,SANTA_FE_TG3,PACIFICO_TG1,PACIFICO_TG2,PACIFICO_TG3,LAJA_TG3,LAJA_TG4,SF _ENERGÍA_TG4,SF _ENERGÍA_(NETO),LAJA AP,PACIFICO AP,SANTA FE AP
2026-01-01 01:00:00,jueves,-19.03,-44.57,-43.82,-29.98,-28.09,-9.54,-26.55,-19.95,-46.8,-40.86,-1.15,-20.05,-9.29
2026-01-01 02:00:00,jueves,-19.02,-44.63,-44.46,-30.04,-27.1,-9.58,-23.46,-33.91,-48.46,-42.36,-11.4,-19.39,-8.01
2026-01-01 03:00:00,jueves,-18.94,-44.61,-44.03,-30.02,-27.35,-9.48,-24.2,-32.18,-49.32,-43.19,-10.28,-19.05,-6.92
2026-01-01 04:00:00,jueves,-19.01,-44.71,-44.49,-32.05,-28.15,-9.56,-26.43,-26.41,-52.38,-45.91,-6.93,-21.55,-7.23
2026-01-01 05:00:00,jueves,-19.06,-44.69,-44.46,-32.1,-30.62,-9.56,-25.09,-29.58,-58.14,-51.6,-8.38,-24.05,-8.07
2026-01-01 06:00:00,jueves,-19.07,-44.54,-44.34,-32.14,-31.15,-9.55,-25.79,-26.59,-54.28,-47.77,-6.25,-25.4,-7.24
2026-01-01 07:00:00,jueves,-19.09,-44.56,-44.31,-32.32,-28.46,-9.6,-26.3,-27.82,-53.74,-47.35,-8.01,-22.84,-7.07
2026-01-01 08:00:00,jueves,-18.99,-44.46,-42.5,-31.79,-27.1,-9.53,-25.21,-27.91,-56.37,-49.94,-6.99,-21.0,-6.41
2026-01-01 09:00:00,jueves,-19.08,-44.44,-42.98,-31.97,-25.56,-9.54,-25.55,-22.42,-50.48,-44.67,-2.18,-19.99,-6.92
2026-01-01 10:00:00,jueves,-19.05,-44.42,-43.96,-32.17,-28.11,-9.59,-25.9,-22.88,-45.66,-40.24,-3.55,-22.58,-8.11
2026-01-01 11:00:00,jueves,-19.04,-44.35,-42.95,-32.15,-25.07,-9.56,-25.12,-21.4,-50.88,-45.28,-0.82,-19.0,-6.57
2026-01-01 12:00:00,jueves,-19.06,-44.27,-43.53,-32.15,-28.4,-9.53,-24.56,-25.97,-49.06,-43.4,-4.35,-22.57,-6.46
2026-01-01 13:00:00,jueves,-19.02,-44.37,-42.01,-32.27,-32.01,-9.51,-25.47,-27.14,-50.88,-45.14,-6.57,-25.91,-4.83
2026-01-01 14:00:00,jueves,-18.98,-44.27,-42.74,-32.05,-32.5,-9.5,-25.51,-24.85,-49.65,-43.68,-4.46,-26.86,-5.44
2026-01-01 15:00:00,jueves,-18.98,-44.12,-43.53,-32.15,-32.05,-9.53,-24.98,-25.61,-49.97,-43.87,-4.89,-26.37,-5.57
2026-01-01 16:00:00,jueves,-18.98,-44.21,-41.54,-31.88,-32.64,-9.56,-25.75,-24.01,-52.73,-46.53,-7.09,-26.38,-3.76
2026-01-01 17:00:00,jueves,-18.96,-44.13,-43.39,-32.03,-35.71,-9.52,-23.61,-31.21,-46.83,-40.95,-12.06,-29.18,-5.62
2026-01-01 18:00:00,jueves,-18.97,-44.24,-40.37,-32.06,-34.27,-9.52,-24.15,-29.58,-50.17,-44.39,-11.02,-27.69,-2.8
2026-01-01 19:00:00,jueves,-18.98,-44.2,-40.15,-32.28,-34.96,-9.58,-24.29,-25.31,-46.53,-41.03,-7.1,-28.56,-2.68
2026-01-01 20:00:00,jueves,-18.95,-44.21,-40.65,-31.86,-33.45,-9.6,-22.62,-29.81,-47.1,-41.4,-10.32,-26.53,-2.71
2026-01-01 21:00:00,jueves,-18.96,-44.22,-39.93,-32.18,-32.01,-9.58,-24.0,-27.22,-50.52,-44.71,-8.58,-25.66,-2.32
2026-01-01 22:00:00,jueves,-18.97,-44.28,-43.19,-32.13,-30.27,-9.53,-22.98,-26.85,-51.9,-45.69,-6.41,-24.41,-7.03
2026-01-01 23:00:00,jueves,-19.0,-44.17,-40.71,-31.78,-26.41,-9.51,-24.4,-25.95,-58.83,-52.47,-6.37,-19.7,-5.01
2026-01-02 00:00:00,viernes,-18.99,-44.13,-41.49,-31.98,-28.11,-9.62,-23.48,-30.27,-56.92,-50.6,-10.31,-22.07,-4.59
2026-01-02 01:00:00,viernes,-19.02,-44.23,-42.51,-32.05,-28.98,-9.52,-24.1,-28.86,-56.39,-50.12,-9.68,-22.57,-5.96
2026-01-02 02:00:00,viernes,-19.04,-44.19,-40.27,-32.12,-29.94,-9.54,-24.93,-31.81,-59.66,-53.43,-12.98,-23.39,-3.5
2026-01-02 03:00:00,viernes,-19.06,-44.16,-43.87,-32.13,-31.0,-9.54,-25.75,-34.68,-53.47,-47.32,-17.68,-24.81,-6.91
2026-01-02 04:00:00,viernes,-19.12,-44.2,-42.24,-32.11,-33.38,-9.5,-25.52,-32.72,-55.75,-49.53,-12.75,-26.93,-5.32
2026-01-02 05:00:00,viernes,-19.04,-44.17,-41.81,-32.03,-34.14,-9.56,-27.44,-28.25,-54.05,-48.05,-8.96,-27.85,-5.09
2026-01-02 06:00:00,viernes,-19.06,-44.19,-43.42,-32.11,-34.05,-9.53,-26.04,-31.35,-51.34,-45.3,-10.83,-28.59,-5.63
2026-01-02 07:00:00,viernes,-19.06,-44.26,-42.43,-32.13,-34.64,-9.47,-25.26,-32.21,-54.56,-48.39,-10.82,-29.01,-4.96
2026-01-02 08:00:00,viernes,-19.09,-44.38,-43.16,-31.95,-32.35,-9.54,-25.85,-34.81,-51.98,-45.94,-14.35,-26.62,-5.73
2026-01-02 09:00:00,viernes,-19.11,-44.41,-39.52,-32.02,-27.38,-9.55,-26.77,-30.65,-58.99,-53.09,-11.22,-22.01,-3.02
2026-01-02 10:00:00,viernes,-19.11,-44.4,-40.7,-31.7,-31.37,-9.57,-27.3,-28.25,-50.21,-44.62,-9.69,-24.89,-4.2
2026-01-02 11:00:00,viernes,-19.12,-44.26,-41.11,-31.87,-31.7,-9.54,-25.28,-30.74,-44.19,-38.68,-10.04,-26.0,-3.88
2026-01-02 12:00:00,viernes,-19.1,-44.45,-38.57,-31.96,-34.89,-9.53,-25.82,-28.83,-50.7,-45.25,-8.01,-29.45,-2.2
2026-01-02 13:00:00,viernes,-19.06,-44.36,-42.43,-32.03,-34.68,-9.56,-24.91,-35.84,-43.4,-37.94,-13.98,-29.57,-4.87
2026-01-02 14:00:00,viernes,-19.02,-44.66,-38.44,-31.71,-33.26,-9.57,-25.34,-34.31,-51.87,-46.21,-12.98,-27.86,-1.79
2026-01-02 15:00:00,viernes,-19.02,-44.64,-39.56,-31.75,-30.69,-9.56,-25.63,-32.19,-50.28,-44.55,-10.94,-24.64,-2.98
2026-01-02 16:00:00,viernes,-19.03,-44.75,-38.31,-31.57,-31.04,-9.54,-25.79,-30.95,-53.07,-47.25,-10.18,-24.76,-1.82
2026-01-02 17:00:00,viernes,-18.98,-44.54,-36.77,-30.96,-33.89,-9.56,-25.37,-29.15,-56.44,-50.49,-7.76,-27.11,-0.11
2026-01-02 18:00:00,viernes,-19.0,-44.47,-40.75,-31.76,-34.12,-9.58,-25.28,-33.04,-49.53,-43.99,-11.45,-27.89,-3.65
2026-01-02 19:00:00,viernes,-19.0,-44.49,-37.28,-31.81,-33.42,-9.53,-24.82,-34.25,-55.45,-49.85,-12.4,-27.19,-0.74
2026-01-02 20:00:00,viernes,-18.95,-44.27,-40.23,-31.99,-33.86,-9.56,-25.48,-33.49,-48.98,-43.34,-12.43,-27.26,-2.81
2026-01-02 21:00:00,viernes,-18.98,-44.53,-40.11,-32.1,-34.96,-9.56,-25.35,-33.76,-57.06,-50.99,-12.4,-28.27,-3.67
2026-01-02 22:00:00,viernes,-18.95,-44.34,-40.59,-32.05,-34.12,-9.56,-25.62,-31.19,-57.42,-51.24,-9.83,-26.53,-3.76
2026-01-02 23:00:00,viernes,-18.94,-44.27,-42.2,-31.67,-32.09,-9.5,-25.41,-31.23,-53.17,-46.9,-9.68,-24.05,-4.66
2026-01-03 00:00:00,sábado,-18.94,-44.32,-40.0,-32.0,-33.57,-9.55,-26.29,-35.68,-60.22,-53.95,-14.88,-26.03,-2.96
2026-01-03 01:00:00,sábado,-18.97,-44.25,-41.37,-31.97,-33.13,-9.52,-26.88,-37.51,-54.03,-47.84,-17.42,-26.53,-4.53
2026-01-03 02:00:00,sábado,-18.95,-44.18,-41.71,-31.97,-32.87,-9.58,-26.64,-39.74,-55.67,-49.12,-18.88,-27.22,-4.59
2026-01-03 03:00:00,sábado,-18.96,-44.19,-41.76,-31.9,-31.48,-9.55,-26.07,-40.22,-59.04,-52.73,-19.29,-25.03,-4.12
2026-01-03 04:00:00,sábado,-19.0,-44.18,-43.88,-31.94,-32.62,-9.54,-27.08,-40.01,-55.06,-48.53,-20.42,-26.01,-5.84
2026-01-03 05:00:00,sábado,-18.98,-44.24,-42.12,-31.98,-34.11,-9.55,-28.74,-36.95,-59.56,-53.24,-18.97,-28.46,-4.7
2026-01-03 06:00:00,sábado,-19.0,-44.24,-43.32,-32.14,-33.62,-9.5,-26.84,-38.23,-57.2,-50.99,-17.59,-28.14,-6.24
2026-01-03 07:00:00,sábado,-19.04,-44.19,-43.01,-32.03,-33.38,-9.6,-27.01,-37.38,-55.98,-49.8,-17.06,-27.37,-5.82
2026-01-03 08:00:00,sábado,-19.05,-44.22,-41.57,-31.52,-32.66,-9.5,-27.85,-36.16,-54.01,-48.22,-16.82,-26.39,-3.43
2026-01-03 09:00:00,sábado,-19.02,-44.19,-41.48,-31.75,-33.95,-9.53,-26.82,-32.79,-48.38,-42.99,-12.9,-27.85,-3.77
2026-01-03 10:00:00,sábado,-19.02,-44.33,-37.6,-32.09,-33.61,-9.61,-26.34,-35.94,-53.29,-47.82,-15.03,-27.89,-0.54
2026-01-03 11:00:00,sábado,-18.99,-44.34,-38.56,-31.57,-32.67,-9.55,-25.38,-35.82,-52.22,-46.75,-13.52,-26.33,-0.6
2026-01-03 12:00:00,sábado,-18.97,-44.39,-37.98,-31.79,-33.91,-9.55,-26.13,-32.37,-50.26,-44.79,-12.0,-27.14,-0.97
2026-01-03 13:00:00,sábado,-18.88,-44.46,-35.96,-31.94,-32.35,-9.6,-25.89,-31.86,-53.99,-48.48,-11.0,-25.81,0.91
2026-01-03 14:00:00,sábado,-18.9,-44.33,-40.94,-31.63,-29.21,-9.55,-26.3,-30.17,-47.39,-41.75,-9.38,-22.11,-3.56
2026-01-03 15:00:00,sábado,-18.84,-44.51,-38.0,-31.76,-31.98,-9.55,-25.76,-29.97,-53.99,-48.09,-8.78,-25.08,-1.49
2026-01-03 16:00:00,sábado,-18.87,-44.46,-38.97,-31.73,-34.75,-9.49,-25.49,-33.14,-49.72,-43.9,-11.24,-28.39,-2.46
2026-01-03 17:00:00,sábado,-18.88,-44.48,-39.3,-31.94,-34.65,-9.56,-26.17,-27.7,-53.04,-47.38,-6.85,-28.46,-2.59
2026-01-03 18:00:00,sábado,-18.85,-41.21,-36.97,-31.91,-35.47,-9.55,-23.47,-42.3,-64.6,-58.91,-19.19,-29.16,2.79
2026-01-03 19:00:00,sábado,-18.86,-41.82,-39.94,-31.52,-31.42,-9.55,-25.58,-36.26,-56.99,-51.47,-16.53,-24.53,-3.01
2026-01-03 20:00:00,sábado,-18.85,-41.82,-40.08,-32.09,-34.52,-9.53,-23.95,-33.24,-51.14,-45.67,-12.69,-28.12,-7.1
2026-01-03 21:00:00,sábado,-18.83,-41.57,-39.64,-32.06,-35.48,-9.6,-24.41,-31.94,-51.93,-46.42,-11.79,-28.94,-5.67
2026-01-03 22:00:00,sábado,-18.84,-41.75,-35.46,-32.06,-32.33,-9.51,-24.37,-32.13,-60.44,-54.62,-11.46,-26.13,-2.13
2026-01-03 23:00:00,sábado,-18.91,-39.36,-37.43,-31.65,-31.92,-9.57,-24.82,-34.47,-54.78,-48.8,-14.33,-25.17,-2.01
2026-01-04 00:00:00,domingo,-18.99,-42.62,-39.96,-32.11,-32.18,-9.59,-25.72,-33.69,-40.51,-34.43,-14.78,-25.9,-7.04
2026-01-04 01:00:00,domingo,-18.97,-43.35,-35.96,-32.09,-31.11,-9.53,-24.82,-37.56,-34.98,-28.88,-16.52,-25.16,-3.33
2026-01-04 02:00:00,domingo,-18.97,-43.45,-35.56,-31.93,-32.63,-9.5,-25.52,-36.52,-31.19,-25.32,-16.05,-26.38,-1.75
2026-01-04 03:00:00,domingo,-18.91,-43.8,-33.52,-31.87,-32.98,-9.57,-25.77,-39.26,-29.08,-23.27,-17.77,-26.45,1.22
2026-01-04 04:00:00,domingo,-18.92,-43.59,-29.58,-32.12,-33.08,-9.6,-25.2,-42.68,-40.67,-34.81,-20.3,-26.82,0.62
2026-01-04 05:00:00,domingo,-18.84,-40.05,-34.11,-32.14,-32.45,-9.55,-25.7,-39.74,-28.77,-23.03,-17.88,-26.75,-3.25
2026-01-04 06:00:00,domingo,-18.97,-41.0,-32.72,-32.03,-34.51,-9.49,-25.77,-39.31,-24.91,-19.36,-17.69,-28.3,-3.57
2026-01-04 07:00:00,domingo,-19.02,-39.68,-32.92,-32.05,-30.27,-9.57,-26.68,-33.68,-30.75,-25.09,-13.05,-23.91,-2.63
2026-01-04 08:00:00,domingo,-18.99,-39.34,-25.93,-31.87,-32.97,-9.56,-25.28,-35.88,-37.72,-32.04,-14.01,-26.83,3.29
2026-01-04 09:00:00,domingo,-18.92,-39.49,-18.78,-32.04,-33.27,-9.49,-27.79,-32.06,-23.77,-18.08,-12.65,-28.04,9.12
2026-01-04 10:00:00,domingo,-18.99,-38.06,-12.09,-31.83,-32.38,-9.58,-24.44,-38.59,-11.32,-6.05,-15.12,-27.31,14.86
2026-01-04 11:00:00,domingo,-19.0,-38.32,-10.26,-31.8,-26.76,-9.57,-25.73,-33.61,-11.92,-6.6,-11.92,-21.45,15.97
2026-01-04 12:00:00,domingo,-19.0,-38.42,-12.83,-32.06,-26.65,-9.53,-26.35,-33.75,-10.67,-5.2,-13.26,-20.71,13.72
2026-01-04 13:00:00,domingo,-18.92,-38.41,-12.54,-32.21,-29.37,-9.55,-26.51,-32.5,-7.5,-1.85,-11.64,-23.96,12.1
2026-01-04 14:00:00,domingo,-18.96,-38.28,-10.69,-32.02,-28.45,-9.56,-25.13,-33.84,-8.89,-3.06,-12.07,-22.07,16.62
2026-01-04 15:00:00,domingo,-18.98,-38.44,-10.37,-32.04,-27.09,-9.53,-26.05,-30.73,-8.0,-2.14,-9.18,-20.63,14.95
2026-01-04 16:00:00,domingo,-18.97,-38.16,-10.89,-31.95,-27.45,-9.53,-24.92,-34.61,-10.72,-4.85,-12.01,-21.64,12.47
2026-01-04 17:00:00,domingo,-18.96,-38.42,-16.34,-32.16,-28.92,-9.49,-24.85,-35.49,-20.39,-14.52,-13.0,-23.1,4.26
2026-01-04 18:00:00,domingo,-18.86,-34.82,-18.67,-31.89,-35.72,-9.5,-24.57,-36.33,-16.09,-10.17,-13.83,-28.98,8.78
2026-01-04 19:00:00,domingo,-18.69,-30.28,-17.39,-32.17,-35.18,-9.58,-24.88,-33.71,-12.26,-6.07,-11.47,-29.54,18.16
2026-01-04 20:00:00,domingo,-18.79,-30.91,-17.98,-32.01,-34.59,-9.54,-25.16,-30.97,-15.47,-9.53,-9.4,-28.28,20.16
2026-01-04 21:00:00,domingo,-18.83,-32.31,-18.6,-32.24,-34.16,-9.57,-25.62,-29.68,-17.75,-11.95,-8.52,-28.62,19.25
2026-01-04 22:00:00,domingo,-18.98,-30.19,-14.69,-32.02,-33.67,-9.51,-25.64,-27.93,-11.41,-5.62,-6.11,-28.14,25.98
2026-01-04 23:00:00,domingo,-18.99,-32.71,-16.41,-32.05,-32.07,-9.51,-25.75,-31.16,-31.33,-25.14,-9.25,-26.4,22.38
2026-01-05 00:00:00,lunes,-18.97,-40.87,-20.21,-32.09,-33.42,-9.62,-27.19,-30.42,-30.35,-23.87,-10.35,-27.79,10.93
2026-01-05 01:00:00,lunes,-18.97,-41.11,-20.15,-32.14,-33.11,-9.59,-26.63,-35.34,-17.93,-11.89,-14.5,-27.38,11.49
2026-01-05 02:00:00,lunes,-18.95,-43.16,-22.6,-32.03,-31.4,-9.56,-27.07,-34.46,-33.48,-27.34,-13.85,-24.98,8.06
2026-01-05 03:00:00,lunes,-18.97,-43.72,-32.61,-31.92,-33.23,-9.56,-26.53,-34.74,-23.01,-16.8,-13.71,-26.77,-1.58
2026-01-05 04:00:00,lunes,-18.95,-43.66,-36.29,-32.22,-35.77,-9.49,-26.54,-33.43,-21.7,-16.02,-12.88,-29.39,-4.95
2026-01-05 05:00:00,lunes,-18.92,-43.31,-35.39,-32.12,-34.06,-9.57,-26.91,-31.15,-13.59,-7.96,-11.03,-28.26,-1.87
2026-01-05 06:00:00,lunes,-19.0,-43.71,-31.99,-31.99,-34.12,-9.53,-27.19,-34.17,-11.61,-6.03,-14.43,-27.7,1.22
2026-01-05 07:00:00,lunes,-19.0,-44.01,-36.39,-31.85,-32.03,-9.55,-26.56,-38.39,-16.68,-11.08,-17.58,-26.39,-3.43
2026-01-05 08:00:00,lunes,-18.99,-44.02,-42.88,-31.82,-33.94,-9.52,-27.42,-33.88,-16.14,-10.37,-14.38,-28.29,-8.67
2026-01-05 09:00:00,lunes,-18.96,-44.25,-43.32,-32.15,-35.33,-9.55,-26.51,-34.07,-28.3,-22.43,-14.16,-30.01,-9.8
2026-01-05 10:00:00,lunes,-19.04,-44.89,-35.77,-32.16,-33.81,-9.6,-26.1,-30.06,-46.45,-40.87,-10.2,-28.0,-2.84
2026-01-05 11:00:00,lunes,-19.08,-44.77,-41.78,-31.89,-31.4,-9.54,-26.04,-32.28,-40.91,-35.27,-12.25,-26.3,-7.91
2026-01-05 12:00:00,lunes,-19.04,-44.64,-39.0,-31.58,-31.96,-9.55,-26.08,-32.85,-54.42,-48.34,-11.86,-26.18,-5.15
2026-01-05 13:00:00,lunes,-19.01,-44.73,-39.42,-31.92,-32.18,-9.57,-25.53,-33.01,-54.49,-48.47,-11.45,-26.29,-2.95
2026-01-05 14:00:00,lunes,-19.0,-44.86,-39.19,-31.79,-32.24,-9.48,-24.7,-33.71,-47.88,-41.91,-11.33,-25.91,-4.39
2026-01-05 15:00:00,lunes,-19.0,-44.87,-39.13,-32.12,-32.19,-9.55,-24.85,-35.51,-47.87,-41.92,-12.91,-26.44,-3.97
2026-01-05 16:00:00,lunes,-19.1,-44.91,-42.22,-31.71,-32.47,-9.58,-26.02,-35.28,-40.15,-34.61,-14.9,-26.31,-8.45
2026-01-05 17:00:00,lunes,-18.98,-44.84,-40.36,-31.83,-34.28,-9.51,-24.39,-36.09,-50.05,-44.18,-15.9,-28.14,-6.88
2026-01-05 18:00:00,lunes,-18.8,-44.47,-43.43,-31.79,-28.82,-9.46,-24.94,-39.19,-40.44,-34.91,-19.82,-23.21,-7.88
2026-01-05 19:00:00,lunes,-19.08,-44.47,-44.32,-32.05,-26.38,-9.04,-24.81,-41.22,-37.85,-32.44,-21.7,-20.27,-8.81
2026-01-05 20:00:00,lunes,-18.98,-44.35,-41.9,-32.29,-32.33,-9.09,-24.94,-37.74,-44.81,-39.23,-19.89,-26.32,-5.33
2026-01-05 21:00:00,lunes,-19.02,-44.52,-43.13,-31.86,-32.46,-9.43,-25.96,-43.46,-49.97,-43.83,-25.73,-25.79,-6.25
2026-01-05 22:00:00,lunes,-19.01,-44.39,-43.95,-32.11,-32.97,-9.62,-25.81,-45.93,-50.05,-43.81,-27.25,-26.75,-7.37
2026-01-05 23:00:00,lunes,-19.03,-44.67,-44.33,-31.84,-31.74,-9.5,-26.21,-40.69,-48.87,-42.3,-20.53,-25.05,-7.34
2026-01-06 00:00:00,martes,-19.07,-44.55,-44.46,-31.85,-31.38,-9.54,-26.97,-39.22,-47.92,-41.19,-18.72,-25.31,-8.05
2026-01-06 01:00:00,martes,-19.04,-44.38,-41.97,-32.16,-31.85,-9.52,-27.06,-36.6,-55.32,-48.63,-16.38,-26.4,-5.54
2026-01-06 02:00:00,martes,-19.04,-44.4,-42.93,-32.12,-33.65,-9.55,-27.45,-33.26,-51.81,-45.28,-13.6,-27.95,-6.77
2026-01-06 03:00:00,martes,-19.05,-44.4,-43.79,-31.99,-31.26,-9.6,-26.97,-32.97,-50.17,-43.97,-12.83,-25.53,-6.7
2026-01-06 04:00:00,martes,-19.05,-44.36,-44.01,-32.06,-31.82,-9.54,-26.44,-33.61,-53.06,-46.34,-13.17,-26.06,-7.66
2026-01-06 05:00:00,martes,-19.09,-44.44,-40.18,-32.18,-30.68,-9.55,-26.76,-31.47,-60.22,-53.54,-12.1,-24.7,-4.28
2026-01-06 06:00:00,martes,-19.13,-44.29,-42.08,-32.03,-31.63,-9.47,-26.5,-32.39,-56.21,-49.88,-12.27,-25.59,-5.8
2026-01-06 07:00:00,martes,-19.15,-44.36,-41.27,-32.04,-30.59,-9.65,-26.69,-32.82,-55.73,-49.53,-12.82,-24.6,-4.7
2026-01-06 08:00:00,martes,-19.12,-44.29,-41.6,-32.09,-33.26,-9.45,-26.87,-30.9,-50.9,-45.15,-11.28,-26.93,-4.69
2026-01-06 09:00:00,martes,-19.09,-44.27,-44.09,-31.66,-32.94,-9.18,-27.29,-31.38,-43.56,-38.14,-11.99,-26.08,-7.01
2026-01-06 10:00:00,martes,-19.05,-44.25,-44.09,-31.9,-24.25,-9.09,-25.94,-30.57,-40.01,-34.64,-9.6,-18.7,-7.15
2026-01-06 11:00:00,martes,-19.06,-44.14,-43.96,-31.04,-20.85,-9.06,-24.05,-34.81,-38.16,-32.82,-13.11,-14.44,-6.44
2026-01-06 12:00:00,martes,-19.08,-44.37,-44.22,-30.94,-21.42,-9.01,-23.17,-33.98,-38.21,-32.87,-11.19,-14.39,-8.17
2026-01-06 13:00:00,martes,-19.04,-44.15,-43.99,-30.71,-23.48,-9.03,-25.81,-32.07,-38.63,-33.25,-11.67,-16.39,-6.79
2026-01-06 14:00:00,martes,-19.02,-44.17,-43.99,-32.14,-24.08,-9.06,-25.37,-31.73,-37.46,-32.07,-10.64,-18.41,-6.91
2026-01-06 15:00:00,martes,-19.0,-44.23,-44.02,-31.26,-25.61,-8.95,-24.51,-34.05,-38.13,-32.72,-11.82,-19.16,-7.62
2026-01-06 16:00:00,martes,-19.01,-44.24,-44.09,-31.08,-27.22,-9.02,-25.44,-29.92,-37.17,-31.79,-8.56,-20.66,-7.62
2026-01-06 17:00:00,martes,-18.98,-44.29,-42.62,-31.46,-27.34,-9.06,-25.38,-31.24,-38.86,-33.47,-9.9,-21.03,-5.11
2026-01-06 18:00:00,martes,-18.99,-44.42,-41.67,-31.73,-24.8,-9.04,-23.64,-33.57,-41.52,-36.06,-10.68,-19.07,-4.25
2026-01-06 19:00:00,martes,-18.97,-44.47,-41.55,-30.61,-26.59,-9.04,-24.81,-33.01,-41.88,-36.33,-10.82,-19.74,-3.81
2026-01-06 20:00:00,martes,-19.03,-44.34,-43.21,-31.58,-30.0,-9.07,-25.43,-31.49,-40.67,-35.06,-10.47,-24.37,-6.09
2026-01-06 21:00:00,martes,-19.0,-44.55,-39.4,-31.31,-28.18,-9.03,-26.17,-30.89,-48.5,-43.04,-10.7,-22.32,-1.97
2026-01-06 22:00:00,martes,-18.98,-44.36,-41.29,-32.04,-27.53,-9.05,-26.08,-29.95,-46.86,-41.21,-9.25,-22.44,-4.06
2026-01-06 23:00:00,martes,-19.01,-44.47,-37.6,-31.64,-25.91,-9.03,-25.82,-29.2,-59.73,-53.58,-8.02,-20.35,-1.88
2026-01-07 00:00:00,miércoles,-19.0,-44.46,-40.24,-31.32,-29.99,-9.08,-25.37,-28.18,-61.19,-54.76,-6.86,-23.94,-3.64
2026-01-07 01:00:00,miércoles,-19.06,-44.24,-40.82,-31.91,-27.85,-9.02,-25.17,-30.91,-58.85,-52.22,-9.48,-21.81,-4.01
2026-01-07 02:00:00,miércoles,-19.06,-44.31,-40.45,-31.2,-32.18,-9.02,-24.97,-29.4,-57.23,-50.55,-7.57,-24.92,-4.21
2026-01-07 03:00:00,miércoles,-19.08,-44.36,-41.24,-31.69,-31.7,-9.08,-25.09,-31.49,-58.06,-51.68,-9.31,-24.73,-5.31
2026-01-07 04:00:00,miércoles,-19.1,-44.42,-38.65,-31.76,-31.95,-9.06,-25.4,-30.08,-62.58,-56.22,-8.92,-25.45,-3.02
2026-01-07 05:00:00,miércoles,-19.07,-44.33,-41.65,-31.62,-31.61,-9.05,-26.14,-29.69,-55.45,-49.08,-8.97,-25.38,-5.43
2026-01-07 06:00:00,miércoles,-19.06,-44.54,-38.49,-31.9,-30.47,-9.05,-24.69,-32.57,-64.96,-58.2,-11.18,-24.42,-2.75
2026-01-07 07:00:00,miércoles,-19.06,-44.48,-38.31,-30.78,-27.88,-8.98,-24.17,-36.66,-63.82,-57.15,-16.64,-19.97,-2.43
2026-01-07 08:00:00,miércoles,-19.03,-44.36,-42.44,-31.35,-30.45,-9.1,-25.0,-31.78,-48.0,-41.94,-13.14,-23.16,-6.06
2026-01-07 09:00:00,miércoles,-19.02,-44.42,-38.41,-31.16,-30.06,-9.04,-22.35,-33.58,-48.84,-43.09,-12.45,-23.09,-2.66
2026-01-07 10:00:00,miércoles,-18.95,-44.34,-42.27,-31.64,-30.1,-9.03,-16.68,-41.13,-43.1,-37.31,-16.88,-23.7,-5.93
2026-01-07 11:00:00,miércoles,-18.95,-44.4,-40.74,-31.31,-30.63,-9.04,-26.6,-37.02,-47.01,-41.13,-23.11,-23.73,-4.26
2026-01-07 12:00:00,miércoles,-18.96,-44.43,-39.94,-31.13,-30.55,-9.07,-26.0,-33.01,-46.56,-40.71,-17.72,-23.96,-4.02
2026-01-07 13:00:00,miércoles,-18.91,-44.48,-41.52,-31.39,-29.99,-9.04,-25.94,-30.79,-43.99,-38.26,-14.22,-23.34,-4.93
2026-01-07 14:00:00,miércoles,-18.9,-44.62,-38.12,-31.73,-30.48,-9.03,-25.19,-34.67,-50.79,-45.22,-16.7,-24.16,-1.19
2026-01-07 15:00:00,miércoles,-18.89,-44.56,-39.17,-31.63,-30.37,-9.03,-24.68,-36.96,-49.68,-44.14,-18.13,-24.26,-3.45
2026-01-07 16:00:00,miércoles,-18.88,-44.63,-37.47,-31.89,-31.47,-9.08,-25.03,-35.53,-52.2,-46.68,-17.59,-25.2,0.2
2026-01-07 17:00:00,miércoles,-18.86,-44.56,-37.74,-30.95,-32.99,-8.98,-24.28,-39.63,-52.74,-47.2,-20.52,-25.22,0.33
2026-01-07 18:00:00,miércoles,-18.86,-44.58,-39.32,-31.82,-31.99,-9.12,-24.99,-34.6,-50.12,-44.65,-16.19,-25.39,-1.46
2026-01-07 19:00:00,miércoles,-18.88,-43.86,-37.21,-30.87,-27.48,-9.09,-25.08,-36.21,-55.3,-49.74,-17.53,-19.94,1.14
2026-01-07 20:00:00,miércoles,-18.94,-42.95,-40.84,-31.62,-29.88,-9.07,-26.03,-34.32,-48.66,-42.92,-15.77,-22.87,-2.35
2026-01-07 21:00:00,miércoles,-18.92,-42.87,-38.68,-31.27,-29.54,-9.01,-24.89,-41.49,-53.7,-48.05,-21.17,-22.07,-0.38
2026-01-07 22:00:00,miércoles,-18.93,-42.91,-37.98,-31.94,-28.13,-8.97,-25.46,-43.89,-54.03,-48.1,-23.51,-21.17,0.63
2026-01-07 23:00:00,miércoles,-18.91,-42.93,-40.7,-31.18,-30.12,-9.11,-25.17,-40.53,-48.8,-42.8,-19.59,-22.94,-1.79
2026-01-08 00:00:00,jueves,-18.91,-42.91,-38.11,-31.21,-28.36,-9.05,-26.07,-29.66,-52.25,-46.32,-8.56,-21.48,1.1
2026-01-08 01:00:00,jueves,-18.93,-42.99,-43.11,-31.62,-29.74,-9.01,-24.1,-34.71,-45.14,-39.28,-10.96,-23.49,-3.98
2026-01-08 02:00:00,jueves,-18.94,-42.86,-43.49,-31.17,-31.3,-9.06,-25.83,-29.19,-46.16,-40.44,-6.83,-24.63,-4.48
2026-01-08 03:00:00,jueves,-18.95,-42.93,-44.22,-30.96,-30.18,-9.05,-26.24,-33.87,-50.52,-44.4,-12.04,-23.85,-4.95
2026-01-08 04:00:00,jueves,-18.99,-44.38,-42.7,-31.36,-30.9,-9.06,-26.17,-38.36,-51.0,-44.75,-16.43,-24.68,-5.07
2026-01-08 05:00:00,jueves,-19.0,-44.41,-41.53,-31.22,-30.69,-9.06,-25.35,-39.79,-55.96,-49.18,-17.25,-24.47,-4.51
2026-01-08 06:00:00,jueves,-18.97,-44.5,-37.44,-31.05,-30.43,-9.04,-25.86,-34.53,-57.56,-51.42,-12.33,-23.5,0.18
2026-01-08 07:00:00,jueves,-19.01,-44.33,-38.48,-31.52,-32.33,-9.05,-25.76,-34.77,-53.44,-47.46,-12.18,-25.69,-1.69
2026-01-08 08:00:00,jueves,-18.98,-44.34,-36.89,-30.59,-28.48,-9.02,-25.86,-36.75,-62.67,-56.52,-14.77,-21.28,0.5
2026-01-08 09:00:00,jueves,-19.0,-44.23,-40.81,-30.87,-28.17,-9.1,-26.58,-32.02,-51.55,-45.78,-11.05,-21.49,-4.32
2026-01-08 10:00:00,jueves,-18.94,-44.27,-39.96,-31.57,-24.53,-9.01,-25.81,-33.72,-48.47,-43.02,-11.52,-18.82,-3.61
2026-01-08 11:00:00,jueves,-19.0,-42.34,-37.31,-31.49,-24.18,-9.04,-24.42,-35.04,-59.18,-53.57,-12.24,-18.54,2.18
2026-01-08 12:00:00,jueves,-18.74,-43.53,-41.81,-31.68,-25.84,-9.0,-24.05,-32.48,-46.33,-40.88,-10.23,-19.67,-2.16
2026-01-08 13:00:00,jueves,-18.79,-44.37,-39.69,-31.83,-27.88,-9.07,-25.49,-32.3,-47.41,-41.65,-10.92,-21.67,-2.51
2026-01-08 14:00:00,jueves,-18.98,-44.45,-38.63,-31.48,-26.29,-9.04,-25.69,-30.59,-50.98,-45.31,-9.6,-19.64,-1.05
2026-01-08 15:00:00,jueves,-18.96,-44.4,-40.88,-31.59,-21.87,-9.03,-24.76,-30.87,-44.37,-38.54,-8.69,-15.68,-3.53
2026-01-08 16:00:00,jueves,-18.94,-44.49,-37.23,-30.86,-27.42,-8.97,-25.37,-30.01,-51.92,-46.18,-8.09,-20.58,-0.75
2026-01-08 17:00:00,jueves,-18.94,-43.53,-39.65,-30.92,-29.76,-8.96,-25.17,-34.29,-49.22,-43.6,-11.37,-23.79,-1.8
2026-01-08 18:00:00,jueves,-18.94,-42.89,-38.31,-30.5,-31.01,-9.02,-26.11,-32.35,-53.67,-48.06,-10.6,-24.34,-0.44
2026-01-08 19:00:00,jueves,-18.93,-42.93,-38.25,-31.03,-30.6,-9.08,-25.24,-36.22,-54.25,-48.6,-13.6,-24.31,-0.05
2026-01-08 20:00:00,jueves,-18.94,-43.95,-40.97,-31.23,-29.93,-9.03,-26.02,-33.73,-46.93,-41.34,-12.4,-24.03,-4.35
2026-01-08 21:00:00,jueves,-18.93,-44.54,-37.33,-31.36,-26.82,-9.26,-25.65,-33.42,-55.53,-49.6,-11.49,-21.44,-1.4
2026-01-08 22:00:00,jueves,-18.95,-44.5,-37.55,-31.61,-23.91,-9.08,-25.74,-35.04,-57.64,-51.53,-12.43,-18.54,-1.54
2026-01-08 23:00:00,jueves,-18.97,-44.37,-40.66,-31.4,-25.82,-9.03,-26.47,-39.22,-50.74,-44.55,-18.07,-19.85,-3.4
2026-01-09 00:00:00,viernes,-18.94,-44.52,-35.24,-31.9,-26.53,-9.06,-24.56,-41.38,-60.88,-54.54,-19.15,-20.75,1.73
2026-01-09 01:00:00,viernes,-18.94,-44.45,-38.53,-31.52,-26.54,-9.03,-25.86,-33.31,-54.35,-48.2,-12.29,-20.02,-0.57
2026-01-09 02:00:00,viernes,-18.99,-44.46,-38.1,-31.55,-31.58,-9.01,-23.71,-36.51,-55.57,-49.35,-16.44,-24.34,-0.8
2026-01-09 03:00:00,viernes,-19.0,-44.39,-38.31,-31.35,-30.54,-9.08,-22.39,-34.82,-57.17,-51.09,-13.65,-23.07,-0.49
2026-01-09 04:00:00,viernes,-18.98,-44.27,-43.79,-31.37,-29.31,-9.0,-24.37,-29.18,-50.06,-44.09,-8.37,-21.43,-5.84
2026-01-09 05:00:00,viernes,-18.99,-44.25,-42.92,-31.53,-28.12,-9.1,-24.64,-29.19,-54.38,-48.15,-9.13,-21.05,-5.08
2026-01-09 06:00:00,viernes,-18.99,-44.2,-42.48,-31.62,-31.33,-8.99,-24.71,-29.01,-50.32,-44.32,-7.78,-24.64,-4.31
2026-01-09 07:00:00,viernes,-19.07,-44.21,-43.12,-31.67,-29.14,-9.03,-25.72,-27.0,-51.61,-45.67,-5.71,-22.79,-4.28
2026-01-09 08:00:00,viernes,-19.03,-44.24,-41.19,-30.74,-24.07,-9.09,-25.72,-26.53,-55.37,-49.36,-5.01,-17.45,-2.65
2026-01-09 09:00:00,viernes,-19.05,-44.23,-42.69,-31.97,-26.3,-9.06,-25.18,-29.1,-49.38,-43.36,-6.69,-20.41,-5.4
2026-01-09 10:00:00,viernes,-18.95,-44.35,-39.83,-31.02,-21.21,-9.09,-24.18,-29.63,-48.69,-42.94,-6.04,-14.45,-3.15
2026-01-09 11:00:00,viernes,-18.98,-44.17,-41.65,-31.22,-20.09,-9.04,-24.31,-33.7,-36.78,-31.17,-10.91,-12.99,-4.69
2026-01-09 12:00:00,viernes,-18.96,-44.26,-41.18,-30.41,-26.24,-8.96,-24.94,-28.18,-34.95,-29.36,-6.74,-18.7,-4.86
2026-01-09 13:00:00,viernes,-18.96,-44.4,-39.49,-30.66,-30.4,-9.02,-25.2,-25.52,-43.24,-37.74,-3.72,-23.13,-6.69
2026-01-09 14:00:00,viernes,-18.95,-44.33,-42.58,-29.9,-28.1,-9.06,-25.32,-23.69,-40.96,-35.46,-1.21,-20.41,-8.56
2026-01-09 15:00:00,viernes,-18.96,-44.54,-36.51,-30.6,-28.5,-9.03,-25.46,-25.16,-51.77,-46.27,-2.94,-21.39,-2.53
2026-01-09 16:00:00,viernes,-18.96,-44.45,-38.24,-30.5,-28.27,-9.04,-24.87,-26.53,-50.3,-44.72,-3.52,-20.93,-3.22
2026-01-09 17:00:00,viernes,-18.94,-44.52,-37.29,-30.19,-29.03,-9.06,-24.93,-27.35,-50.69,-44.93,-4.91,-21.11,-1.43
2026-01-09 18:00:00,viernes,-18.91,-44.56,-36.52,-30.61,-28.05,-9.04,-24.41,-27.07,-52.09,-46.66,-4.11,-20.27,-1.8
2026-01-09 19:00:00,viernes,-18.94,-44.41,-39.31,-30.73,-28.22,-9.06,-24.88,-29.79,-44.75,-39.5,-6.99,-20.96,-2.46
2026-01-09 20:00:00,viernes,-18.95,-44.54,-38.39,-27.78,-10.1,-8.96,-25.33,-31.46,-49.76,-44.48,-9.67,-1.35,-2.17
2026-01-09 21:00:00,viernes,-18.9,-44.51,-39.68,-22.13,-12.14,-8.58,-25.24,-32.85,-53.06,-47.38,-10.84,1.53,-3.6
2026-01-09 22:00:00,viernes,-18.93,-44.52,-40.21,-21.11,-19.72,-8.09,-25.27,-33.28,-57.7,-51.52,-11.15,-5.36,-4.44
2026-01-09 23:00:00,viernes,-18.9,-44.59,-38.11,-23.71,-16.51,-8.01,-26.27,-28.93,-61.49,-55.36,-7.15,-4.7,-2.25
2026-01-10 00:00:00,sábado,-18.97,-44.44,-41.37,-23.62,-18.28,-8.03,-27.16,-27.56,-55.77,-49.51,-6.66,-6.69,-4.72
2026-01-10 01:00:00,sábado,-18.95,-44.58,-36.64,-23.04,-18.96,-8.08,-26.65,-30.68,-65.61,-59.12,-9.4,-6.79,-0.02
2026-01-10 02:00:00,sábado,-18.97,-44.41,-40.67,-27.99,-32.52,-8.49,-27.56,-30.42,-56.09,-49.57,-9.77,-24.51,-4.16
2026-01-10 03:00:00,sábado,-18.99,-44.39,-40.0,-27.26,-35.93,-8.62,-27.33,-35.1,-58.81,-52.73,-14.35,-29.98,-4.11
2026-01-10 04:00:00,sábado,-18.96,-44.47,-37.95,-25.45,-33.55,-8.59,-27.71,-26.54,-63.33,-57.32,-6.28,-25.73,-1.99
2026-01-10 05:00:00,sábado,-18.98,-44.31,-43.71,-28.55,-29.59,-8.56,-26.84,-26.83,-53.7,-47.67,-6.33,-24.54,-7.23
2026-01-10 06:00:00,sábado,-18.98,-44.25,-43.65,-29.74,-25.5,-8.54,-26.67,-24.94,-50.25,-44.19,-4.41,-21.75,-7.3
2026-01-10 07:00:00,sábado,-19.01,-44.25,-42.5,-29.36,-30.4,-8.47,-27.01,-26.56,-54.28,-48.17,-5.75,-25.79,-5.85
2026-01-10 08:00:00,sábado,-19.01,-44.36,-40.01,-27.99,-35.49,-8.64,-26.49,-26.8,-60.42,-54.36,-5.6,-30.48,-2.78
2026-01-10 09:00:00,sábado,-19.01,-44.36,-38.78,-26.93,-35.35,-8.52,-26.05,-30.66,-55.44,-49.63,-8.83,-30.32,-2.78
2026-01-10 10:00:00,sábado,-19.01,-44.32,-41.35,-29.05,-29.08,-8.54,-25.56,-29.6,-47.38,-41.55,-7.36,-26.64,-4.73
2026-01-10 11:00:00,sábado,-19.06,-44.35,-39.84,-29.67,-25.76,-8.55,-26.11,-30.42,-51.68,-45.75,-8.9,-23.56,-3.7
2026-01-10 12:00:00,sábado,-18.99,-44.36,-41.87,-27.75,-29.28,-8.55,-18.78,-21.51,-45.65,-40.09,3.6,-24.46,-5.37
2026-01-10 13:00:00,sábado,-19.02,-44.45,-40.05,-30.41,-25.29,-8.54,0.0,0.0,-50.94,-45.34,30.42,-19.17,-3.19
2026-01-10 14:00:00,sábado,-18.92,-44.6,-38.39,-31.69,-24.24,-8.56,0.0,0.0,-53.44,-47.83,25.58,-17.83,-1.92
2026-01-10 15:00:00,sábado,-18.92,-44.42,-42.21,-31.88,-24.57,-8.46,0.0,0.0,-45.45,-39.82,25.8,-17.89,-5.2
2026-01-10 16:00:00,sábado,-18.87,-44.53,-39.77,-31.8,-21.51,-8.62,0.0,0.0,-51.63,-45.91,25.21,-14.67,-3.01
2026-01-10 17:00:00,sábado,-18.95,-44.38,-41.61,-31.98,-25.29,-8.54,0.0,0.0,-47.13,-41.39,24.45,-18.15,-4.85
2026-01-10 18:00:00,sábado,-18.94,-44.49,-38.27,-31.64,-30.23,-8.54,-9.67,0.0,-52.51,-46.64,14.94,-22.5,-1.65
2026-01-10 19:00:00,sábado,-18.93,-44.52,-36.86,-31.52,-28.1,-8.53,-11.51,0.0,-54.1,-48.52,16.95,-20.15,-0.32
2026-01-10 20:00:00,sábado,-18.93,-44.45,-39.61,-31.86,-27.89,-8.47,-11.83,0.0,-48.48,-42.99,19.84,-19.92,-3.29
2026-01-10 21:00:00,sábado,-18.96,-44.61,-37.14,-31.73,-29.54,-8.6,-14.78,0.0,-60.01,-54.15,17.0,-21.58,-1.2
2026-01-10 22:00:00,sábado,-18.99,-44.43,-39.74,-32.01,-29.41,-8.56,-17.94,0.0,-57.68,-51.71,17.12,-21.4,-3.84
2026-01-10 23:00:00,sábado,-18.96,-44.39,-40.05,-31.76,-29.41,-8.52,-16.83,0.0,-58.95,-52.9,21.8,-21.02,-3.05
2026-01-11 00:00:00,domingo,-19.02,-44.24,-40.86,-31.26,-28.24,-8.56,-18.7,0.0,-56.66,-50.68,20.74,-20.0,-4.28
2026-01-11 01:00:00,domingo,-19.0,-44.24,-43.42,-31.6,-28.64,-8.53,-19.36,0.0,-51.0,-45.07,19.4,-20.86,-7.07
2026-01-11 02:00:00,domingo,-19.06,-44.28,-41.09,-31.05,-26.91,-8.54,-20.07,0.0,-55.72,-49.83,18.44,-18.29,-4.47
2026-01-11 03:00:00,domingo,-19.06,-44.26,-43.0,-30.75,-24.26,-8.53,-21.62,-10.9,-51.88,-45.94,6.51,-15.16,-5.71
2026-01-11 04:00:00,domingo,-19.07,-44.3,-40.75,-30.86,-22.3,-8.51,-20.82,-19.66,-56.57,-50.58,-0.31,-13.34,-3.01
2026-01-11 05:00:00,domingo,-19.02,-44.28,-39.07,-31.32,-26.59,-8.54,-20.96,-19.54,-60.07,-53.81,1.23,-18.23,-2.07
2026-01-11 06:00:00,domingo,-19.01,-44.17,-43.87,-31.35,-27.34,-8.53,-24.72,-20.38,-50.95,-44.75,-0.54,-18.61,-6.69
2026-01-11 07:00:00,domingo,-18.99,-44.14,-40.45,-30.79,-24.87,-8.57,-24.71,-18.81,-55.85,-49.74,1.09,-16.85,-3.25
2026-01-11 08:00:00,domingo,-19.07,-44.12,-42.25,-31.01,-25.73,-8.58,-26.52,-14.25,-53.54,-47.65,3.8,-17.6,-4.55
2026-01-11 09:00:00,domingo,-19.06,-44.17,-40.5,-30.7,-26.22,-8.52,-25.64,-17.45,-47.14,-41.57,1.91,-18.44,-3.3
2026-01-11 10:00:00,domingo,-19.1,-44.23,-37.99,-31.42,-26.79,-8.86,-25.55,-21.3,-51.05,-45.33,-1.34,-19.88,-1.8
2026-01-11 11:00:00,domingo,-19.08,-44.15,-42.29,-30.89,-23.26,-9.11,-25.26,-34.6,-43.27,-37.82,-14.14,-15.26,-6.1
2026-01-11 12:00:00,domingo,-19.04,-44.43,-36.69,-31.56,-26.57,-8.98,-24.79,-30.66,-53.93,-48.35,-9.65,-19.76,-1.66
2026-01-11 13:00:00,domingo,-19.06,-44.28,-41.81,-31.21,-25.38,-9.05,-25.66,-25.8,-45.55,-40.14,-6.23,-19.04,-6.08
2026-01-11 14:00:00,domingo,-18.99,-44.18,-43.51,-30.82,-25.8,-9.06,-24.59,-29.8,-43.72,-38.24,-8.74,-18.65,-7.45
2026-01-11 15:00:00,domingo,-18.97,-44.18,-42.69,-31.28,-25.3,-9.02,-25.25,-26.45,-40.95,-35.43,-5.35,-18.14,-5.76
2026-01-11 16:00:00,domingo,-19.0,-44.34,-40.56,-31.27,-26.36,-9.05,-25.45,-26.35,-46.27,-40.66,-5.65,-19.26,-4.33
2026-01-11 17:00:00,domingo,-18.96,-44.3,-41.61,-31.85,-26.37,-9.03,-25.28,-25.33,-45.53,-39.99,-4.91,-19.79,-5.49
2026-01-11 18:00:00,domingo,-18.94,-44.32,-40.98,-31.63,-27.18,-9.08,-24.36,-28.02,-45.49,-39.97,-6.5,-20.44,-4.35
2026-01-11 19:00:00,domingo,-18.99,-44.39,-40.14,-31.37,-21.87,-9.01,-25.44,-31.06,-44.55,-39.02,-10.7,-14.21,-1.96
2026-01-11 20:00:00,domingo,-19.05,-44.45,-39.6,-31.46,-25.57,-9.09,-25.0,-30.57,-50.0,-44.43,-9.61,-17.92,-2.51
2026-01-11 21:00:00,domingo,-19.01,-44.4,-40.94,-31.53,-26.83,-9.02,-25.88,-27.16,-54.57,-48.67,-6.75,-19.1,-3.81
2026-01-11 22:00:00,domingo,-19.0,-44.63,-36.52,-30.95,-27.21,-9.04,-24.89,-28.41,-65.7,-59.62,-5.98,-19.41,-0.05
2026-01-11 23:00:00,domingo,-19.04,-44.45,-38.83,-31.31,-27.09,-9.0,-25.76,-26.04,-57.17,-51.19,-4.65,-19.27,-1.51
2026-01-12 00:00:00,lunes,-19.05,-44.4,-40.1,-31.17,-28.39,-9.11,-25.28,-28.85,-55.8,-49.73,-6.53,-20.57,-3.39
2026-01-12 01:00:00,lunes,-19.02,-42.71,-39.46,-31.44,-29.02,-9.03,-25.91,-31.91,-63.55,-57.45,-10.55,-21.46,-2.2
2026-01-12 02:00:00,lunes,-18.95,-43.56,-42.09,-31.14,-29.0,-9.07,-26.41,-29.48,-56.6,-50.57,-8.01,-20.65,-5.68
2026-01-12 03:00:00,lunes,-19.05,-42.96,-38.88,-31.21,-26.75,-9.07,-25.29,-32.09,-64.8,-58.59,-9.72,-18.29,-1.75
2026-01-12 04:00:00,lunes,-19.02,-42.98,-42.93,-31.37,-26.79,-9.02,-25.33,-31.44,-55.49,-49.32,-9.13,-19.41,-5.28
2026-01-12 05:00:00,lunes,-19.0,-44.23,-41.27,-31.74,-26.97,-9.08,-25.61,-32.08,-56.12,-50.04,-10.06,-19.81,-5.12
2026-01-12 06:00:00,lunes,-19.0,-44.4,-38.17,-31.46,-25.39,-9.05,-25.5,-30.78,-62.18,-56.05,-8.57,-18.03,-2.11
2026-01-12 07:00:00,lunes,-19.08,-44.27,-43.3,-31.63,-25.44,-8.98,-25.3,-30.98,-50.9,-44.72,-8.48,-17.42,-6.58
2026-01-12 08:00:00,lunes,-19.0,-44.43,-39.17,-31.62,-26.63,-9.11,-24.87,-32.45,-60.39,-54.14,-9.88,-19.41,-3.03
2026-01-12 09:00:00,lunes,-19.09,-44.31,-40.28,-30.93,-25.44,-9.01,-25.91,-31.01,-51.23,-45.49,-9.57,-17.87,-4.44
2026-01-12 10:00:00,lunes,-19.09,-44.43,-36.45,-30.7,-27.9,-9.03,-25.86,-31.42,-54.87,-49.21,-9.3,-19.71,-0.49
2026-01-12 11:00:00,lunes,-19.13,-44.49,-35.69,-30.92,-27.34,-9.05,-25.22,-31.27,-53.4,-47.53,-8.83,-19.78,0.65
2026-01-12 12:00:00,lunes,-19.09,-44.43,-40.19,-29.79,-22.06,-9.09,-25.2,-34.69,-47.66,-41.78,-12.24,-12.79,-3.81
2026-01-12 13:00:00,lunes,-19.08,-44.67,-36.15,-31.67,-25.53,-8.97,-25.73,-32.04,-55.54,-49.89,-10.31,-18.28,-0.69
2026-01-12 14:00:00,lunes,-19.04,-44.99,-40.06,-32.06,-28.36,-9.05,-25.63,-29.05,-46.6,-41.09,-7.31,-21.05,-4.47
2026-01-12 15:00:00,lunes,-19.03,-44.9,-42.2,-31.75,-25.02,-9.0,-26.37,-26.15,-45.48,-40.0,-5.0,-18.63,-6.39
2026-01-12 16:00:00,lunes,-18.96,-44.76,-42.99,-30.99,-29.12,-9.05,-25.19,-27.63,-44.62,-39.15,-5.95,-21.3,-8.16
2026-01-12 17:00:00,lunes,-19.03,-44.9,-43.03,-30.86,-29.07,-9.05,-26.33,-23.22,-45.63,-40.2,-2.65,-21.46,-8.31
2026-01-12 18:00:00,lunes,-18.96,-44.88,-41.75,-31.22,-27.03,-9.05,-25.8,-24.24,-45.14,-39.72,-2.47,-20.11,-5.89
2026-01-12 19:00:00,lunes,-18.96,-44.5,-39.62,-30.92,-20.95,-9.06,-24.39,-30.15,-51.33,-45.83,-6.86,-16.26,-2.56
2026-01-12 20:00:00,lunes,-19.01,-44.69,-41.43,-30.64,-24.93,-9.06,-25.01,-31.32,-47.81,-42.31,-8.72,-17.59,-5.05
2026-01-12 21:00:00,lunes,-18.98,-44.86,-38.47,-30.69,-26.53,-9.04,-25.6,-30.57,-56.45,-50.74,-8.66,-18.13,-2.8
2026-01-12 22:00:00,lunes,-19.04,-44.74,-38.27,-31.11,-30.51,-9.07,-25.8,-30.87,-60.67,-54.71,-8.74,-22.0,-2.8
2026-01-12 23:00:00,lunes,-19.01,-44.7,-38.2,-31.43,-28.03,-9.03,-26.07,-29.75,-62.24,-56.22,-8.32,-20.43,-3.15
2026-01-13 00:00:00,martes,-19.06,-44.83,-38.32,-30.91,-30.22,-9.05,-25.77,-30.25,-63.27,-57.23,-8.66,-22.18,-1.9
2026-01-13 01:00:00,martes,-19.12,-44.52,-39.62,-30.97,-29.56,-9.05,-26.23,-30.57,-60.64,-54.63,-9.53,-21.48,-3.37
2026-01-13 02:00:00,martes,-19.04,-44.32,-40.58,-31.37,-26.26,-9.07,-25.48,-31.44,-59.03,-53.09,-9.14,-18.61,-4.16
2026-01-13 03:00:00,martes,-18.99,-44.34,-41.49,-31.18,-26.23,-9.1,-25.63,-28.17,-55.02,-49.16,-5.99,-18.7,-4.98
2026-01-13 04:00:00,martes,-19.05,-44.54,-34.78,-31.25,-23.25,-9.05,-25.88,-29.33,-69.36,-63.33,-10.55,-15.8,1.64
2026-01-13 05:00:00,martes,-19.07,-44.42,-40.86,-31.1,-26.15,-9.04,-26.07,-30.5,-54.97,-49.22,-12.93,-17.95,-4.67
2026-01-13 06:00:00,martes,-19.13,-44.54,-37.75,-31.48,-24.82,-9.04,-25.93,-28.2,-62.62,-56.88,-11.0,-16.88,-1.79
2026-01-13 07:00:00,martes,-19.42,-44.41,-38.91,-30.97,-22.47,-8.98,-25.96,-28.63,-58.91,-53.22,-11.15,-14.05,-3.22
2026-01-13 08:00:00,martes,-19.32,-44.37,-41.07,-31.19,-26.22,-9.02,-26.13,-29.9,-47.24,-41.89,-11.73,-18.78,-4.62
2026-01-13 09:00:00,martes,-19.12,-44.46,-37.97,-29.41,-25.07,-9.07,-25.23,-34.56,-53.72,-48.1,-15.56,-16.43,-2.16
2026-01-13 10:00:00,martes,-19.1,-44.57,-36.73,-29.94,-23.54,-9.08,-24.9,-32.08,-53.82,-48.0,-12.11,-15.32,-1.57
2026-01-13 11:00:00,martes,-19.08,-44.44,-37.7,-29.93,-21.41,-9.01,-25.28,-31.82,-52.17,-46.38,-10.63,-13.18,-1.18
2026-01-13 12:00:00,martes,-19.05,-44.37,-39.02,-29.72,-20.7,-9.08,-25.9,-30.2,-48.9,-43.23,-10.43,-12.94,-3.16
2026-01-13 13:00:00,martes,-19.04,-44.41,-41.04,-30.18,-24.06,-9.07,-25.9,-31.45,-46.1,-40.37,-10.87,-16.2,-5.26
2026-01-13 14:00:00,martes,-19.0,-44.3,-41.19,-30.39,-26.36,-9.02,-25.07,-32.49,-44.47,-38.95,-10.91,-17.9,-5.22
2026-01-13 15:00:00,martes,-18.96,-44.3,-41.44,-24.51,-28.69,-9.04,-25.84,-31.29,-43.44,-37.89,-10.69,-14.51,-5.17
2026-01-13 16:00:00,martes,-18.97,-44.41,-40.6,-19.88,-30.45,-9.06,-27.28,-28.38,-50.36,-44.54,-9.01,-11.28,-4.94
2026-01-13 17:00:00,martes,-18.92,-44.48,-38.98,-20.63,-31.8,-9.06,-25.67,-28.98,-52.62,-46.8,-7.39,-13.2,-3.63
2026-01-13 18:00:00,martes,-18.91,-44.32,-37.94,-29.46,-22.5,-9.05,-25.24,-29.11,-50.89,-44.98,-6.8,-13.1,-2.45
2026-01-13 19:00:00,martes,-18.94,-44.36,-38.07,-31.62,-21.2,-9.02,-26.96,-26.61,-54.02,-48.35,-6.4,-14.3,-2.71
2026-01-13 20:00:00,martes,-18.95,-44.52,-38.05,-31.79,-20.56,-9.07,-24.53,-34.35,-53.57,-48.02,-11.98,-13.77,-2.52
2026-01-13 21:00:00,martes,-18.95,-42.16,-36.8,-31.91,-24.71,-9.03,-26.84,-30.66,-63.39,-57.77,-10.91,-18.53,0.77
2026-01-13 22:00:00,martes,-18.94,-43.42,-37.94,-31.27,-27.57,-9.06,-26.03,-29.87,-54.05,-48.44,-8.7,-20.23,-1.37
2026-01-13 23:00:00,martes,-18.97,-44.08,-38.63,-31.36,-27.62,-9.01,-25.43,-31.34,-54.73,-49.04,-9.35,-20.0,-3.2
2026-01-14 00:00:00,miércoles,-19.08,-44.06,-38.61,-30.93,-27.16,-9.02,-26.17,-29.59,-58.48,-52.63,-8.77,-19.32,-3.48
2026-01-14 01:00:00,miércoles,-19.04,-44.13,-38.7,-31.39,-26.8,-9.07,-25.73,-31.55,-60.52,-54.23,-10.24,-19.55,-3.18
2026-01-14 02:00:00,miércoles,-19.1,-44.11,-40.28,-31.39,-27.35,-9.08,-26.3,-30.95,-53.77,-47.55,-9.65,-19.5,-4.51
2026-01-14 03:00:00,miércoles,-19.08,-44.09,-39.25,-31.35,-26.31,-9.05,-26.22,-36.4,-59.97,-53.75,-14.82,-18.28,-3.18
2026-01-14 04:00:00,miércoles,-19.17,-44.01,-40.44,-31.17,-29.86,-8.99,-26.98,-38.08,-57.58,-51.3,-17.62,-21.67,-4.48
2026-01-14 05:00:00,miércoles,-19.12,-41.73,-38.89,-31.04,-30.06,-9.02,-26.72,-37.07,-64.27,-57.91,-16.62,-21.89,-0.51
2026-01-14 06:00:00,miércoles,-19.09,-42.56,-40.64,-31.31,-31.8,-9.05,-26.26,-34.43,-59.21,-52.9,-13.3,-24.5,-2.78
2026-01-14 07:00:00,miércoles,-19.1,-44.37,-37.17,-30.8,-31.18,-9.04,-26.21,-38.84,-62.72,-56.51,-17.34,-23.22,-1.1
2026-01-14 08:00:00,miércoles,-19.09,-44.27,-38.67,-30.94,-31.18,-9.04,-26.18,-40.34,-59.93,-53.81,-19.05,-23.31,-1.53
2026-01-14 09:00:00,miércoles,-19.1,-44.27,-42.21,-30.64,-25.92,-9.06,-25.34,-34.91,-45.64,-40.24,-13.12,-18.5,-7.02
2026-01-14 10:00:00,miércoles,-19.07,-43.76,-36.6,-30.52,-25.49,-8.97,-23.28,-38.57,-55.58,-50.1,-16.94,-17.55,-0.33
2026-01-14 11:00:00,miércoles,-19.09,-42.62,-39.21,-30.59,-20.21,-9.09,-23.26,-36.61,-52.88,-47.39,-16.15,-12.82,-2.2
2026-01-14 12:00:00,miércoles,-19.05,-41.61,-37.99,-30.84,-20.74,-9.04,-23.01,-33.51,-58.32,-52.72,-14.17,-12.97,-0.4
2026-01-14 13:00:00,miércoles,-19.01,-42.07,-36.55,-30.67,-22.82,-9.06,-23.85,-44.26,-58.01,-52.36,-24.57,-15.19,0.93
2026-01-14 14:00:00,miércoles,-18.98,-42.11,-40.22,-30.79,-24.17,-9.07,-24.83,-40.94,-56.69,-51.0,-19.89,-16.18,-2.68
2026-01-14 15:00:00,miércoles,-19.0,-42.29,-38.17,-24.84,-23.71,-9.06,-24.84,-38.35,-55.34,-49.69,-16.4,-9.59,-1.63
2026-01-14 16:00:00,miércoles,-18.9,-44.08,-40.18,-9.44,-32.89,-9.59,-25.08,-37.01,-51.12,-45.48,-15.47,-3.73,-5.86
2026-01-14 17:00:00,miércoles,-18.79,-44.1,-36.8,0.0,-35.86,-9.85,-25.66,-35.56,-53.88,-48.21,-15.06,2.14,-1.75
2026-01-14 18:00:00,miércoles,-18.9,-44.1,-43.72,0.0,-32.21,-9.73,-24.69,-37.98,-42.36,-36.79,-16.16,5.79,-7.57
2026-01-14 19:00:00,miércoles,-18.96,-44.1,-43.36,0.0,-34.18,-9.76,-25.16,-34.54,-40.39,-34.83,-12.81,3.45,-8.36
2026-01-14 20:00:00,miércoles,-18.98,-44.07,-37.07,0.0,-33.85,-9.87,-24.84,-35.37,-54.55,-48.84,-13.13,3.62,-0.89
2026-01-14 21:00:00,miércoles,-19.0,-44.1,-39.51,0.0,-33.91,-9.81,-24.86,-39.81,-52.96,-46.98,-17.13,3.96,-3.77
2026-01-14 22:00:00,miércoles,-19.0,-44.08,-39.6,0.0,-32.37,-9.72,-25.86,-39.71,-58.12,-51.86,-17.37,5.32,-3.45
2026-01-14 23:00:00,miércoles,-18.96,-44.06,-39.13,0.0,-33.93,-9.75,-24.79,-33.33,-66.08,-59.54,-10.23,4.23,-2.2
2026-01-15 00:00:00,jueves,-19.02,-44.11,-37.95,0.0,-34.28,-9.98,-24.75,-29.37,-66.78,-60.13,-6.73,3.96,-2.46
2026-01-15 01:00:00,jueves,-19.02,-44.15,-33.7,0.0,-31.49,-9.83,-23.9,-34.78,-69.93,-63.55,-13.49,6.88,2.15
2026-01-15 02:00:00,jueves,-19.09,-44.11,-38.48,0.0,-30.61,-9.55,-23.77,-35.34,-53.74,-47.87,-14.55,7.47,-2.47
2026-01-15 03:00:00,jueves,-19.15,-44.1,-37.44,0.0,-29.99,-9.65,-25.61,-30.75,-57.01,-51.05,-11.42,7.87,-1.49
2026-01-15 04:00:00,jueves,-19.14,-44.02,-38.35,0.0,-30.77,-9.53,-25.53,-32.81,-55.86,-49.92,-12.77,7.43,-1.87
2026-01-15 05:00:00,jueves,-19.09,-44.11,-39.88,0.0,-31.72,-9.6,-25.52,-26.51,-53.14,-47.4,-5.09,6.68,-3.52
2026-01-15 06:00:00,jueves,-19.07,-44.13,-35.08,0.0,-30.6,-9.54,-25.19,-23.7,-63.0,-57.24,-1.05,8.03,0.42
2026-01-15 07:00:00,jueves,-19.1,-44.04,-40.55,0.0,-31.3,-9.57,-25.4,-29.84,-51.65,-45.84,-7.64,7.81,-3.76
2026-01-15 08:00:00,jueves,-19.1,-44.07,-38.42,0.0,-33.24,-9.54,-25.46,-29.35,-58.99,-52.98,-7.12,5.89,-2.13
2026-01-15 09:00:00,jueves,-19.1,-44.09,-39.26,0.0,-34.13,-9.55,-26.41,-27.17,-52.16,-46.53,-6.16,4.08,-4.08
2026-01-15 10:00:00,jueves,-19.13,-44.12,-39.31,0.0,-36.03,-9.47,-26.56,-27.86,-49.97,-44.13,-8.65,1.7,-4.83
2026-01-15 11:00:00,jueves,-19.14,-44.09,-38.26,-0.89,-31.74,-9.55,-26.17,-28.18,-56.82,-50.89,-10.47,4.47,-2.25
2026-01-15 12:00:00,jueves,-19.13,-44.08,-35.09,-15.13,-29.02,-9.63,-26.6,-26.55,-58.71,-52.95,-9.59,-6.47,0.98
2026-01-15 13:00:00,jueves,-19.11,-44.1,-38.11,-25.25,-28.38,-9.56,-27.31,-25.02,-52.5,-47.05,-9.5,-15.02,-1.84
2026-01-15 14:00:00,jueves,-19.11,-44.07,-37.45,-29.89,-28.07,-9.53,-27.36,-22.75,-53.62,-48.15,-6.9,-18.8,-1.17
2026-01-15 15:00:00,jueves,-19.09,-44.09,-34.1,-33.84,-27.67,-9.57,-25.75,-25.32,-58.14,-52.62,-7.04,-22.05,2.89
2026-01-15 16:00:00,jueves,-19.05,-44.11,-35.43,-35.32,-29.56,-8.73,-25.35,-27.17,-58.76,-53.01,-8.52,-24.56,0.44
2026-01-15 17:00:00,jueves,-19.02,-44.1,-36.67,-35.27,-27.39,-8.52,-24.41,-28.93,-56.89,-50.97,-9.3,-24.79,-1.1
2026-01-15 18:00:00,jueves,-18.95,-44.03,-37.0,-33.95,-27.46,-8.56,-25.39,-29.29,-55.74,-49.9,-10.58,-26.34,-0.59
2026-01-15 19:00:00,jueves,-18.93,-44.12,-39.35,-33.48,-29.76,-8.49,-25.77,-30.86,-49.92,-44.28,-12.62,-28.21,-3.07
2026-01-15 20:00:00,jueves,-18.98,-44.07,-39.48,-32.44,-31.08,-8.55,-25.27,-32.83,-50.05,-44.56,-15.42,-28.33,-3.15
2026-01-15 21:00:00,jueves,-18.92,-44.1,-39.63,-33.79,-29.74,-8.52,-26.06,-32.46,-55.9,-49.84,-15.99,-25.51,-3.29
2026-01-15 22:00:00,jueves,-18.95,-44.08,-39.51,-35.35,-25.0,-8.61,-25.52,-31.62,-59.31,-53.0,-14.11,-21.1,-2.67
2026-01-15 23:00:00,jueves,-18.96,-44.09,-39.45,-36.05,-21.84,-8.54,-25.48,-34.75,-59.58,-53.27,-17.52,-18.28,-3.6
2026-01-16 00:00:00,viernes,-19.1,-44.1,-40.19,-35.84,-26.46,-8.55,-25.96,-35.21,-57.2,-50.91,-18.82,-22.96,-3.26
2026-01-16 01:00:00,viernes,-19.07,-44.12,-43.59,-36.22,-23.67,-8.52,-24.8,-37.11,-53.3,-47.51,-19.71,-21.05,-6.6
2026-01-16 02:00:00,viernes,-19.1,-44.1,-40.52,-36.25,-26.13,-8.52,-26.26,-35.0,-60.24,-54.34,-18.47,-23.24,-4.18
2026-01-16 03:00:00,viernes,-19.13,-44.05,-37.83,-36.05,-25.6,-8.55,-26.8,-36.72,-62.1,-56.39,-20.74,-22.5,-1.4
2026-01-16 04:00:00,viernes,-9.79,-44.13,-34.9,-30.67,-26.26,-8.75,-26.72,-34.99,-62.34,-56.82,-19.29,-17.93,-5.07
2026-01-16 05:00:00,viernes,0.0,-42.22,-39.08,-24.15,-24.65,-9.17,-25.99,-33.88,-58.75,-53.37,-16.57,-10.21,-15.85
2026-01-16 06:00:00,viernes,0.0,-40.96,-34.81,-24.13,-25.33,-9.04,-27.39,-26.56,-69.07,-63.58,-9.99,-10.08,-10.06
2026-01-16 07:00:00,viernes,0.0,-41.19,-34.33,-24.05,-25.72,-9.06,-26.33,-37.85,-66.29,-60.84,-17.52,-10.2,-9.02
2026-01-16 08:00:00,viernes,0.0,-43.2,-37.6,-30.81,-25.15,-8.74,-28.91,-37.81,-58.34,-52.89,-19.62,-16.34,-12.2
2026-01-16 09:00:00,viernes,0.0,-42.94,-36.44,-35.99,-21.11,-8.55,-27.92,-31.73,-63.07,-57.39,-14.62,-18.14,-11.8
2026-01-16 10:00:00,viernes,0.0,-42.26,-39.48,-36.05,-19.37,-8.98,-25.2,-33.14,-56.55,-51.09,-11.39,-17.64,-15.68
2026-01-16 11:00:00,viernes,0.0,-43.35,-37.14,-35.75,-19.9,-9.06,-26.12,-30.96,-57.99,-52.47,-9.82,-18.26,-13.6
2026-01-16 12:00:00,viernes,0.0,-43.85,-32.96,-34.34,-9.39,-9.11,-26.71,-29.71,-60.57,-54.84,-10.27,-6.06,-6.96
2026-01-16 13:00:00,viernes,0.0,-44.04,-35.32,-34.24,-4.07,-9.02,-25.88,-32.37,-58.12,-52.16,-14.57,-0.88,-4.26
2026-01-16 14:00:00,viernes,0.0,-44.04,-32.31,-35.73,-4.62,-9.09,-27.07,-27.76,-62.43,-56.31,-11.23,-2.21,1.68
2026-01-16 15:00:00,viernes,0.0,-44.06,-36.64,-36.17,-16.67,-9.03,-27.08,-28.23,-53.51,-47.46,-11.27,-15.11,-0.36
2026-01-16 16:00:00,viernes,0.0,-44.11,-33.66,-35.91,-16.86,-9.04,-28.44,-25.43,-57.5,-51.58,-9.89,-15.25,4.59
2026-01-16 17:00:00,viernes,0.0,-44.06,-37.33,-35.49,-20.73,-9.02,-26.17,-30.05,-53.64,-47.79,-12.41,-18.64,0.48
2026-01-16 18:00:00,viernes,0.0,-44.11,-40.5,-34.96,-22.2,-8.81,-25.98,-29.25,-45.46,-39.77,-11.32,-18.62,-0.18
2026-01-16 19:00:00,viernes,0.0,-44.09,-36.67,-35.75,-20.52,-8.07,-25.87,-28.49,-54.55,-48.92,-10.08,-17.66,3.64
2026-01-16 20:00:00,viernes,0.0,-44.07,-37.07,-35.69,-18.11,-8.98,-25.78,-31.2,-54.9,-49.19,-12.46,-16.31,5.23
2026-01-16 21:00:00,viernes,0.0,-44.03,-35.79,-35.68,-20.83,-9.04,-25.44,-31.53,-55.77,-49.98,-12.3,-19.18,7.86
2026-01-16 22:00:00,viernes,0.0,-44.03,-35.79,-35.92,-23.12,-9.05,-26.35,-26.82,-53.68,-47.9,-6.27,-21.56,12.81
2026-01-16 23:00:00,viernes,0.0,-43.97,-39.57,-36.08,-21.19,-9.04,-27.63,-24.9,-42.99,-37.18,-4.81,-19.02,11.48
2026-01-17 00:00:00,sábado,0.0,-43.86,-39.19,-35.9,-25.85,-9.04,-26.82,-23.73,-53.89,-47.74,-3.12,-23.46,12.4
2026-01-17 01:00:00,sábado,0.0,-43.87,-40.45,-36.09,-26.14,-9.02,-26.51,-27.47,-51.08,-44.88,-6.31,-23.73,11.58
2026-01-17 02:00:00,sábado,0.0,-43.85,-42.08,-35.67,-28.26,-9.08,-27.3,-26.67,-47.7,-41.37,-6.25,-24.87,9.12
2026-01-17 03:00:00,sábado,0.0,-44.08,-40.71,-36.08,-26.91,-9.05,-26.92,-27.39,-58.28,-51.69,-6.59,-23.67,11.64
2026-01-17 04:00:00,sábado,0.0,-44.09,-41.26,-35.66,-24.94,-9.09,-26.13,-25.37,-56.05,-49.5,-4.65,-21.44,11.66
2026-01-17 05:00:00,sábado,0.0,-44.09,-38.91,-35.98,-26.21,-9.03,-27.54,-22.75,-61.18,-54.57,-4.08,-23.04,14.28
2026-01-17 06:00:00,sábado,0.0,-44.13,-38.48,-35.98,-21.01,-9.07,-27.12,-27.3,-60.05,-53.6,-8.14,-18.1,14.7
2026-01-17 07:00:00,sábado,0.0,-44.04,-39.67,-36.02,-19.17,-9.07,-27.7,-31.31,-61.13,-54.88,-12.12,-16.76,13.89
2026-01-17 08:00:00,sábado,0.0,-44.07,-42.08,-35.78,-24.92,-9.04,-27.68,-27.52,-53.17,-47.14,-8.27,-22.37,12.03
2026-01-17 09:00:00,sábado,0.0,-44.13,-39.24,-35.22,-21.36,-9.05,-27.14,-29.51,-50.48,-44.76,-9.55,-18.26,13.84
2026-01-17 10:00:00,sábado,0.0,-44.01,-40.29,-35.1,-23.52,-9.03,-27.82,-24.32,-45.19,-39.36,-5.34,-20.35,12.64
2026-01-17 11:00:00,sábado,0.0,-44.18,-42.23,-35.86,-21.06,-9.08,-27.84,-26.93,-40.41,-34.93,-8.15,-18.97,11.18
2026-01-17 12:00:00,sábado,0.0,-44.33,-39.53,-35.38,-14.41,-9.07,-27.33,-20.52,-45.99,-40.33,-1.18,-13.1,13.47
2026-01-17 13:00:00,sábado,0.0,-44.34,-40.42,-35.16,-16.53,-9.02,-26.54,-15.26,-44.91,-39.49,4.72,-15.42,12.77
2026-01-17 14:00:00,sábado,-3.27,-44.4,-37.49,-35.11,-19.36,-9.04,-26.73,-18.02,-49.41,-43.79,1.45,-17.49,12.43
2026-01-17 15:00:00,sábado,-14.49,-44.28,-38.95,-35.93,-17.29,-9.05,-26.47,-23.23,-45.84,-40.18,-3.01,-16.25,-0.29
2026-01-17 16:00:00,sábado,-19.16,-44.42,-39.94,-35.7,-16.84,-9.07,-27.88,-18.49,-44.53,-38.79,-0.26,-14.97,-7.32
2026-01-17 17:00:00,sábado,-19.14,-44.19,-42.0,-35.96,-15.31,-9.05,-26.57,-18.35,-40.82,-35.05,0.74,-13.5,-8.63
2026-01-17 18:00:00,sábado,-19.14,-44.29,-42.06,-35.6,-15.92,-9.02,-28.08,-21.43,-38.4,-32.75,-2.81,-14.29,-9.24
2026-01-17 19:00:00,sábado,-19.1,-44.35,-40.59,-35.6,-16.22,-9.07,-25.95,-24.91,-45.22,-39.55,-4.11,-14.29,-6.67
2026-01-17 20:00:00,sábado,-19.1,-44.35,-41.2,-35.28,-17.52,-9.0,-26.45,-25.02,-44.22,-38.55,-5.26,-14.79,-6.65
2026-01-17 21:00:00,sábado,-19.17,-44.41,-39.92,-35.53,-19.98,-9.09,-26.46,-24.82,-52.11,-46.24,-4.75,-17.38,-5.0
2026-01-17 22:00:00,sábado,-19.22,-44.55,-36.07,-35.91,-23.14,-9.07,-25.84,-26.95,-65.67,-59.66,-7.93,-20.96,-1.52
2026-01-17 23:00:00,sábado,-19.23,-44.48,-39.14,-36.08,-23.12,-9.04,-25.68,-24.79,-63.14,-57.07,-5.55,-20.6,-4.51
2026-01-18 00:00:00,domingo,-19.29,-44.37,-38.89,-36.14,-22.68,-9.05,-26.78,-23.18,-63.31,-57.29,-4.08,-20.77,-4.25
2026-01-18 01:00:00,domingo,-19.3,-44.34,-37.34,-36.25,-23.09,-9.0,-27.15,-19.98,-60.06,-54.21,-0.77,-21.32,-2.3
2026-01-18 02:00:00,domingo,-19.28,-44.48,-35.92,-36.14,-23.25,-9.09,-27.42,-19.2,-58.95,-53.22,-0.17,-21.45,-0.77
2026-01-18 03:00:00,domingo,-19.29,-44.39,-36.67,-36.21,-22.72,-9.0,-27.78,-20.56,-57.26,-51.6,-1.87,-20.54,-1.83
2026-01-18 04:00:00,domingo,-19.33,-44.34,-38.55,-36.15,-25.15,-9.02,-27.42,-23.74,-54.12,-48.4,-5.2,-23.37,-3.93
2026-01-18 05:00:00,domingo,-19.32,-44.45,-34.81,-36.03,-24.78,-9.07,-27.32,-22.29,-60.51,-54.76,-3.65,-22.83,0.14
2026-01-18 06:00:00,domingo,-19.33,-44.36,-36.87,-36.22,-24.78,-9.04,-27.15,-24.97,-56.39,-50.72,-5.17,-22.45,-2.08
2026-01-18 07:00:00,domingo,-19.32,-44.41,-37.24,-36.06,-22.82,-9.05,-27.27,-23.79,-58.61,-52.92,-4.23,-20.27,-1.7
2026-01-18 08:00:00,domingo,-19.31,-44.35,-38.33,-35.91,-25.26,-9.04,-27.74,-24.09,-56.46,-50.78,-4.97,-22.77,-3.19
2026-01-18 09:00:00,domingo,-19.32,-44.21,-42.71,-35.43,-22.92,-9.05,-26.7,-26.1,-44.12,-38.86,-6.64,-20.4,-7.95
2026-01-18 10:00:00,domingo,-19.34,-44.27,-39.88,-35.62,-18.09,-9.05,-26.99,-24.59,-51.32,-45.82,-4.28,-15.44,-5.09
2026-01-18 11:00:00,domingo,-19.3,-44.28,-41.41,-35.37,-18.91,-8.99,-27.84,-24.38,-48.08,-42.7,-5.06,-15.93,-7.03
2026-01-18 12:00:00,domingo,-19.26,-44.39,-39.11,-35.02,-22.85,-9.06,-28.69,-27.3,-50.22,-44.82,-8.77,-19.46,-4.21
2026-01-18 13:00:00,domingo,-19.26,-44.44,-35.48,-34.56,-25.09,-9.06,-27.95,-26.73,-54.84,-49.32,-7.87,-22.11,-2.66
2026-01-18 14:00:00,domingo,-19.2,-44.4,-40.42,-34.42,-23.51,-9.05,-26.85,-30.61,-44.32,-38.9,-10.58,-19.97,-5.34
2026-01-18 15:00:00,domingo,-19.18,-43.02,-37.13,-35.11,-22.1,-9.02,-27.24,-27.65,-57.5,-52.0,-8.99,-19.13,-0.77
2026-01-18 16:00:00,domingo,-19.16,-42.55,-38.31,-34.09,-24.67,-9.09,-26.04,-29.45,-51.92,-46.43,-11.45,-20.53,-0.35
2026-01-18 17:00:00,domingo,-19.13,-44.31,-37.62,-34.45,-24.49,-8.99,-25.93,-30.17,-50.48,-44.8,-12.25,-20.88,-1.7
2026-01-18 18:00:00,domingo,-19.12,-44.39,-34.66,-34.31,-27.14,-9.09,-25.88,-27.47,-53.84,-47.9,-9.54,-23.15,0.68
2026-01-18 19:00:00,domingo,-19.16,-44.18,-41.1,-34.25,-23.78,-9.03,-25.38,-28.05,-42.0,-36.44,-9.52,-19.69,-4.64
2026-01-18 20:00:00,domingo,-19.12,-44.31,-36.65,-33.8,-21.53,-9.09,-24.94,-31.64,-49.5,-43.92,-12.94,-17.65,-1.67
2026-01-18 21:00:00,domingo,-19.05,-44.19,-38.92,-33.67,-22.76,-9.04,-23.88,-31.6,-45.73,-40.01,-12.04,-19.77,-3.58
2026-01-18 22:00:00,domingo,-19.08,-44.27,-38.15,-34.19,-26.22,-9.02,-24.73,-27.54,-57.33,-50.79,-8.65,-23.29,-3.5
2026-01-18 23:00:00,domingo,-19.14,-44.24,-37.14,-35.17,-23.52,-9.08,-25.2,-28.32,-60.82,-54.09,-9.82,-21.01,-2.78
2026-01-19 00:00:00,lunes,-19.13,-44.19,-38.4,-35.03,-23.1,-9.12,-25.08,-30.82,-59.83,-53.42,-12.26,-20.21,-3.49
2026-01-19 01:00:00,lunes,-19.08,-44.34,-34.11,-35.53,-24.05,-9.04,-27.31,-22.41,-66.57,-60.15,-6.21,-21.74,-0.64
2026-01-19 02:00:00,lunes,-19.07,-43.9,-43.25,-35.66,-22.5,-9.06,-27.28,-21.98,-46.29,-39.99,-5.37,-19.96,-9.05
2026-01-19 03:00:00,lunes,-19.12,-43.89,-43.7,-35.81,-20.11,-9.04,-26.84,-23.38,-44.19,-38.07,-5.15,-17.8,-9.77
2026-01-19 04:00:00,lunes,-19.12,-43.9,-43.73,-35.52,-20.51,-9.06,-26.65,-19.83,-45.03,-38.81,0.17,-18.72,-10.16
2026-01-19 05:00:00,lunes,-19.1,-44.07,-41.68,-35.83,-23.86,-9.01,-25.64,-19.44,-48.73,-42.38,2.28,-22.17,-7.87
2026-01-19 06:00:00,lunes,-19.11,-44.04,-39.3,-35.8,-22.71,-9.08,-27.55,-13.5,-56.14,-49.6,5.91,-21.15,-5.24
2026-01-19 07:00:00,lunes,-19.17,-44.12,-39.91,-35.6,-21.92,-9.0,-26.08,-20.16,-54.53,-48.25,1.22,-19.53,-5.25
2026-01-19 08:00:00,lunes,-19.15,-43.93,-42.31,-35.28,-25.69,-9.07,-26.33,-23.23,-46.9,-40.87,-2.51,-23.09,-8.36
2026-01-19 09:00:00,lunes,-19.16,-44.13,-36.72,-35.51,-26.8,-9.0,-27.43,-20.73,-57.05,-51.17,-1.29,-24.53,-2.68
2026-01-19 10:00:00,lunes,-19.18,-44.09,-41.11,-35.18,-19.81,-9.07,-26.55,-25.96,-45.52,-39.86,-5.63,-17.59,-6.77
2026-01-19 11:00:00,lunes,-19.17,-44.23,-37.1,-35.27,-17.65,-9.1,-25.46,-28.61,-48.94,-43.12,-7.4,-14.75,-2.49
2026-01-19 12:00:00,lunes,-19.17,-44.29,-37.9,-35.31,-19.89,-9.03,-25.82,-28.86,-46.17,-40.35,-8.0,-17.1,-2.67
2026-01-19 13:00:00,lunes,-19.13,-44.29,-37.0,-35.86,-18.04,-9.05,-26.49,-26.74,-46.66,-40.83,-6.47,-16.35,-1.89
2026-01-19 14:00:00,lunes,-19.13,-44.23,-35.72,-35.12,-21.73,-9.01,-26.01,-26.73,-50.12,-44.35,-6.07,-19.36,-0.29
2026-01-19 15:00:00,lunes,-19.11,-44.12,-39.65,-34.01,-14.39,-7.59,-25.14,-30.98,-42.46,-36.64,-9.3,-8.8,-3.58
2026-01-19 16:00:00,lunes,-19.03,-44.24,-36.75,-35.86,-27.51,-8.37,-25.53,-30.08,-50.11,-44.26,-9.05,-23.74,-0.96
2026-01-19 17:00:00,lunes,-19.06,-44.21,-39.33,-35.21,-18.31,-8.53,-25.77,-28.11,-43.18,-37.6,-7.35,-14.65,-3.39
2026-01-19 18:00:00,lunes,-19.02,-44.2,-38.5,-33.81,-17.35,-8.9,-24.57,-26.5,-45.65,-39.99,-3.96,-13.0,-3.09
2026-01-19 19:00:00,lunes,-19.01,-44.16,-39.99,-34.81,-18.17,-9.08,-24.32,-25.06,-43.6,-38.1,-1.82,-15.28,-4.26
2026-01-19 20:00:00,lunes,-19.01,-44.39,-39.27,-34.3,-20.45,-9.05,-24.37,-26.14,-44.13,-38.67,-3.23,-17.31,-4.25
2026-01-19 21:00:00,lunes,-19.03,-44.15,-39.06,-35.45,-21.37,-9.03,-24.03,-26.39,-52.89,-46.97,-4.0,-19.28,-3.72
2026-01-19 22:00:00,lunes,-19.1,-44.3,-39.01,-35.63,-21.12,-9.05,-24.24,-26.1,-58.53,-52.42,-3.49,-19.01,-4.17
2026-01-19 23:00:00,lunes,-19.08,-44.31,-38.99,-35.88,-19.79,-9.04,-24.18,-27.4,-60.5,-54.32,-4.77,-17.87,-3.9
2026-01-20 00:00:00,martes,-19.12,-44.12,-39.04,-35.83,-22.61,-9.05,-24.66,-26.51,-59.95,-53.74,-3.95,-19.95,-3.86
2026-01-20 01:00:00,martes,-19.07,-44.29,-39.04,-35.88,-22.99,-9.06,-25.32,-23.17,-59.65,-53.42,-1.42,-20.74,-4.46
2026-01-20 02:00:00,martes,-19.07,-44.24,-39.04,-36.06,-20.44,-9.04,-26.17,-22.87,-60.74,-54.33,-2.03,-17.79,-4.31
2026-01-20 03:00:00,martes,-19.1,-44.38,-38.35,-36.04,-20.72,-9.05,-26.19,-23.22,-65.11,-58.63,-2.54,-18.24,-4.5
2026-01-20 04:00:00,martes,-19.07,-44.14,-39.06,-36.19,-22.68,-9.03,-26.98,-24.32,-62.83,-56.32,-4.21,-20.81,-5.42
2026-01-20 05:00:00,martes,-19.08,-43.51,-39.0,-36.0,-22.14,-9.05,-25.17,-27.87,-63.51,-56.93,-6.9,-19.94,-4.57
2026-01-20 06:00:00,martes,-19.1,-44.01,-39.1,-36.31,-21.21,-9.06,-24.24,-32.24,-62.36,-55.91,-11.43,-19.49,-5.94
2026-01-20 07:00:00,martes,-19.09,-43.99,-39.02,-36.02,-19.59,-9.03,-24.76,-30.8,-61.23,-54.73,-10.75,-18.1,-4.41
2026-01-20 08:00:00,martes,-19.13,-44.28,-37.97,-35.98,-18.85,-9.07,-25.19,-28.27,-63.23,-56.9,-9.63,-17.33,-5.05
2026-01-20 09:00:00,martes,-19.14,-44.1,-37.25,-35.61,-19.25,-9.03,-26.17,-26.74,-45.64,-40.05,-8.91,-17.22,-4.71
2026-01-20 10:00:00,martes,-19.12,-40.3,-33.62,-35.59,-20.94,-9.0,-25.88,-32.44,-33.13,-27.97,-14.22,-19.14,-9.44
2026-01-20 11:00:00,martes,-19.1,-34.48,-31.14,-35.84,-20.57,-9.08,-25.3,-36.14,-23.44,-18.33,-16.31,-19.2,-6.08
2026-01-20 12:00:00,martes,-19.12,-30.59,-27.54,-35.5,-22.68,-8.95,-25.28,-36.82,-36.64,-31.46,-17.24,-20.91,-2.69
2026-01-20 13:00:00,martes,-19.1,-31.19,-26.61,-29.67,-32.45,-9.04,-24.37,-33.64,-52.94,-47.32,-14.17,-26.14,-1.92
2026-01-20 14:00:00,martes,-19.03,-31.37,-26.7,-28.07,-35.35,-9.03,-24.42,-31.26,-55.03,-49.46,-11.29,-27.7,-1.87
2026-01-20 15:00:00,martes,-18.96,-30.32,-26.76,-28.25,-35.39,-9.05,-24.19,-33.54,-56.33,-50.72,-12.68,-28.35,-0.81
2026-01-20 16:00:00,martes,-18.95,-30.92,-26.68,-30.72,-30.29,-9.02,-23.96,-32.9,-58.95,-53.37,-11.73,-24.55,-0.75
2026-01-20 17:00:00,martes,-18.93,-31.37,-30.24,-35.09,-17.26,-8.8,-23.89,-33.1,-54.11,-48.56,-12.12,-15.44,-3.27
2026-01-20 18:00:00,martes,-18.91,-31.21,-30.53,-35.34,-19.28,-8.5,-25.58,-25.05,-54.89,-49.2,-4.79,-17.74,-2.67
2026-01-20 19:00:00,martes,-18.86,-31.92,-32.74,-34.97,-20.57,-8.8,-26.25,-25.3,-49.67,-44.0,-3.6,-18.64,-2.08
2026-01-20 20:00:00,martes,-18.85,-32.21,-31.4,-34.67,-22.78,-9.01,-24.84,-29.09,-52.46,-46.79,-7.22,-21.2,-2.18
2026-01-20 21:00:00,martes,-18.89,-32.79,-22.48,-34.61,-24.27,-9.0,-23.38,-32.22,-65.45,-59.61,-9.08,-21.55,9.13
2026-01-20 22:00:00,martes,-18.92,-35.17,-18.33,-33.54,-27.82,-8.98,-24.39,-29.66,-65.68,-59.76,-7.07,-23.48,14.78
2026-01-20 23:00:00,martes,-18.97,-35.16,-18.22,-33.57,-26.6,-9.07,-24.61,-29.26,-63.53,-57.48,-6.61,-22.38,14.61
2026-01-21 00:00:00,miércoles,-19.03,-35.19,-18.25,-34.36,-21.06,-9.03,-24.52,-32.3,-63.57,-57.75,-9.74,-18.14,12.96
2026-01-21 01:00:00,miércoles,-19.01,-35.17,-18.22,-34.56,-22.97,-9.01,-25.37,-30.56,-59.39,-53.69,-9.05,-19.35,13.87
2026-01-21 02:00:00,miércoles,-19.02,-35.15,-18.23,-34.69,-27.91,-8.98,-25.74,-28.11,-60.54,-54.85,-6.85,-23.79,14.51
2026-01-21 03:00:00,miércoles,-19.08,-35.2,-18.25,-35.04,-27.54,-9.02,-25.05,-30.34,-59.74,-54.07,-8.26,-23.87,15.97
2026-01-21 04:00:00,miércoles,-19.15,-36.29,-27.64,-35.95,-26.15,-9.01,-26.34,-27.48,-43.07,-37.54,-7.16,-23.64,6.43
2026-01-21 05:00:00,miércoles,-19.2,-39.27,-33.27,-35.85,-24.67,-9.04,-26.71,-26.35,-36.99,-31.62,-6.57,-22.5,-4.01
2026-01-21 06:00:00,miércoles,-19.16,-40.67,-33.11,-35.83,-24.29,-9.01,-27.14,-30.55,-37.53,-31.89,-10.75,-22.5,-5.08
2026-01-21 07:00:00,miércoles,-19.19,-41.11,-33.04,-35.87,-22.23,-9.01,-25.99,-31.15,-38.04,-32.14,-10.41,-20.22,-2.85
2026-01-21 08:00:00,miércoles,-19.19,-41.71,-29.85,-35.89,-23.81,-8.99,-25.68,-30.8,-39.06,-33.27,-10.93,-21.58,-0.6
2026-01-21 09:00:00,miércoles,-19.21,-41.3,-30.23,-35.63,-21.6,-9.04,-21.06,-38.42,-32.88,-27.65,-15.51,-18.52,0.33
2026-01-21 10:00:00,miércoles,-19.2,-40.92,-34.21,-35.66,-20.04,-9.0,-11.74,-43.23,-28.07,-22.76,-16.18,-16.63,-2.57
2026-01-21 11:00:00,miércoles,-19.23,-40.74,-33.52,-35.26,-18.31,-9.01,-8.83,-39.37,-45.41,-39.87,-14.0,-14.63,-0.66
2026-01-21 12:00:00,miércoles,-19.19,-43.83,-39.69,-35.4,-19.09,-9.01,-6.89,-28.01,-27.85,-22.37,-2.13,-15.79,-9.35
2026-01-21 13:00:00,miércoles,-19.17,-44.17,-36.48,-35.88,-18.04,-9.03,-5.96,-17.95,-35.32,-29.64,7.95,-15.05,-6.36
2026-01-21 14:00:00,miércoles,-19.17,-44.32,-33.83,-35.65,-16.92,-9.02,-5.91,-21.09,-38.15,-32.56,5.17,-14.04,-2.87
2026-01-21 15:00:00,miércoles,-19.16,-44.38,-32.32,-35.91,-17.15,-9.05,-5.93,-22.87,-42.7,-37.07,5.59,-14.92,-1.75
2026-01-21 16:00:00,miércoles,-19.13,-44.38,-30.5,-35.52,-18.52,-9.08,-8.52,-20.97,-39.79,-34.19,6.16,-15.56,0.13
2026-01-21 17:00:00,miércoles,-19.09,-44.03,-36.4,-35.68,-19.41,-9.06,-10.79,-21.59,-29.43,-23.88,1.35,-16.92,-4.94
2026-01-21 18:00:00,miércoles,-19.08,-44.33,-30.63,-35.54,-15.69,-9.14,-7.9,-14.06,-38.15,-32.21,10.81,-13.05,0.6
2026-01-21 19:00:00,miércoles,-19.08,-43.91,-32.63,-35.57,-16.14,-9.08,-7.25,-11.59,-33.12,-27.11,13.91,-13.4,-0.59
2026-01-21 20:00:00,miércoles,-19.02,-44.25,-33.04,-35.68,-20.74,-9.07,-5.93,-13.09,-33.56,-27.55,13.53,-17.99,-0.98
2026-01-21 21:00:00,miércoles,-19.04,-44.5,-27.87,-36.08,-22.19,-9.1,-5.14,-15.64,-43.86,-37.94,11.07,-20.34,4.69
2026-01-21 22:00:00,miércoles,-19.09,-44.16,-34.04,-36.04,-22.47,-9.1,-4.91,-16.17,-34.64,-28.76,9.79,-20.69,-0.64
2026-01-21 23:00:00,miércoles,-19.15,-44.29,-29.7,-36.26,-21.92,-9.05,-4.9,-25.21,-45.31,-39.07,-2.59,-19.85,3.87
2026-01-22 00:00:00,jueves,-19.22,-44.34,-36.43,-36.1,-20.91,-9.11,-4.92,-27.48,-46.5,-40.45,-5.07,-18.94,-2.63
2026-01-22 01:00:00,jueves,-19.27,-44.3,-39.84,-36.14,-21.72,-9.05,-4.91,-25.76,-50.1,-44.01,-4.29,-19.65,-5.02
2026-01-22 02:00:00,jueves,-19.26,-44.39,-38.88,-36.13,-20.42,-9.09,-4.91,-27.86,-54.9,-48.81,-6.8,-18.22,-4.15
2026-01-22 03:00:00,jueves,-19.26,-44.33,-39.74,-35.93,-23.43,-9.09,-4.9,-25.72,-57.22,-51.02,-5.85,-20.5,-4.37
2026-01-22 04:00:00,jueves,-19.28,-44.36,-38.44,-36.07,-25.03,-9.04,-4.89,-25.46,-58.91,-52.77,-6.31,-22.26,-3.27
2026-01-22 05:00:00,jueves,-19.25,-44.46,-38.55,-36.05,-24.83,-9.02,-4.92,-24.27,-60.78,-54.66,-5.26,-21.96,-3.95
2026-01-22 06:00:00,jueves,-19.21,-44.28,-40.08,-35.85,-24.17,-9.14,-4.91,-22.28,-56.99,-50.93,-2.93,-21.07,-4.69
2026-01-22 07:00:00,jueves,-19.25,-44.34,-39.04,-35.85,-19.89,-9.06,-4.91,-26.01,-59.91,-53.81,-7.58,-16.62,-2.94
2026-01-22 08:00:00,jueves,-19.24,-44.3,-41.2,-35.8,-23.28,-9.06,-4.92,-25.91,-53.44,-47.45,-7.83,-20.72,-5.62
2026-01-22 09:00:00,jueves,-19.25,-44.28,-39.09,-35.48,-22.05,-9.06,-5.66,-19.55,-57.98,-52.14,-1.9,-20.32,-4.16
2026-01-22 10:00:00,jueves,-19.22,-44.25,-41.33,-35.11,-26.15,-9.05,-6.74,-17.25,-48.72,-43.08,-0.35,-26.11,-7.1
2026-01-22 11:00:00,jueves,-19.23,-44.28,-40.23,-31.22,-30.7,-9.07,-8.86,-12.58,-52.23,-46.57,4.44,-28.87,-5.3
2026-01-22 12:00:00,jueves,-19.18,-44.33,-37.31,-26.41,-29.48,-9.09,-8.95,-15.98,-56.07,-50.23,1.41,-25.04,-2.06
2026-01-22 13:00:00,jueves,-19.19,-44.3,-42.13,-17.32,-27.43,-9.09,-9.83,-21.39,-45.67,-39.72,-4.21,-20.18,-6.05
2026-01-22 14:00:00,jueves,-19.14,-44.4,-39.39,-14.73,-29.31,-9.12,-11.18,-23.61,-54.36,-48.52,-5.6,-19.32,-4.12
2026-01-22 15:00:00,jueves,-19.12,-44.28,-40.79,-9.39,-24.02,-9.05,-15.41,-17.65,-49.19,-43.31,1.9,-10.67,-5.0
2026-01-22 16:00:00,jueves,-19.07,-44.44,-37.67,-7.42,-24.18,-8.99,-13.25,-15.53,-54.81,-48.82,4.53,-9.12,-2.37
2026-01-22 17:00:00,jueves,-19.08,-44.53,-35.24,-5.92,-24.48,-8.94,-7.33,-16.07,-58.35,-52.41,4.4,-10.83,-0.14
2026-01-22 18:00:00,jueves,-19.08,-44.35,-41.17,-3.36,-0.34,-4.39,-6.97,-19.42,-48.43,-42.42,0.88,18.15,-5.79
2026-01-22 19:00:00,jueves,-19.1,-44.51,-36.61,-3.96,0.0,-3.55,-6.97,-16.53,-57.69,-51.4,4.6,19.28,-1.43
2026-01-22 20:00:00,jueves,-19.05,-44.43,-38.84,-0.6,0.0,-0.42,-6.97,-18.1,-51.75,-45.56,3.67,22.58,-2.96
2026-01-22 21:00:00,jueves,-19.05,-44.44,-37.4,0.0,0.0,0.0,-6.97,-16.36,-56.41,-50.36,4.72,23.21,-0.53
2026-01-22 22:00:00,jueves,-19.11,-44.54,-34.66,0.0,0.0,0.0,-5.79,-16.46,-59.27,-53.13,3.11,23.62,2.18
2026-01-22 23:00:00,jueves,-19.19,-44.36,-40.85,0.0,0.0,0.0,-4.96,-16.61,-46.89,-40.55,4.79,23.66,-4.44
2026-01-23 00:00:00,viernes,-19.22,-44.42,-37.75,0.0,0.0,0.0,-5.26,-27.63,-54.53,-48.48,-2.75,24.4,0.08
2026-01-23 01:00:00,viernes,-19.19,-44.25,-41.65,-4.26,0.0,0.0,-8.68,-23.54,-49.24,-43.32,2.43,23.81,-4.66
2026-01-23 02:00:00,viernes,-19.12,-44.36,-40.05,-6.82,0.0,0.0,-12.84,-15.86,-52.32,-46.52,6.78,22.08,-3.66
2026-01-23 03:00:00,viernes,-19.15,-44.42,-38.39,-7.58,0.0,0.0,-13.46,-7.96,-54.31,-48.38,14.19,21.69,-1.62
2026-01-23 04:00:00,viernes,-19.15,-44.32,-40.25,-7.11,0.0,0.0,-12.14,-11.03,-51.91,-45.69,12.79,18.02,-3.24
2026-01-23 05:00:00,viernes,-19.14,-44.38,-35.61,-8.94,0.0,0.0,-11.94,-11.57,-61.06,-54.77,12.88,15.44,1.22
2026-01-23 06:00:00,viernes,-19.19,-44.2,-39.09,-10.39,0.0,0.0,-12.3,-16.95,-55.42,-49.23,7.49,14.9,-2.41
2026-01-23 07:00:00,viernes,-19.19,-44.11,-40.08,-12.38,0.0,0.0,-13.4,-9.93,-51.12,-45.09,14.01,13.49,-2.88
2026-01-23 08:00:00,viernes,-19.21,-44.22,-38.16,-28.53,0.0,0.0,-13.44,-8.49,-59.21,-53.4,14.94,0.57,-1.52
2026-01-23 09:00:00,viernes,-19.21,-44.1,-42.21,-29.61,0.0,0.0,-11.95,-10.8,-50.36,-44.69,14.24,0.08,-5.72
2026-01-23 10:00:00,viernes,-19.21,-44.25,-36.42,-27.73,-10.72,0.0,-13.51,-15.34,-58.17,-52.59,8.69,-3.56,-0.21
2026-01-23 11:00:00,viernes,-19.19,-44.23,-40.65,-28.01,-20.22,-5.59,-15.11,-20.73,-49.38,-43.97,2.46,-15.77,-3.7
2026-01-23 12:00:00,viernes,-19.19,-44.27,-39.29,-28.61,-9.3,-7.95,-15.26,-19.11,-49.85,-44.37,5.0,-6.83,-1.64
2026-01-23 13:00:00,viernes,-19.16,-44.24,-38.21,-34.55,-14.39,-7.81,-15.62,-27.24,-49.22,-43.7,-3.53,-14.18,-1.61
2026-01-23 14:00:00,viernes,-19.11,-44.08,-43.0,-35.26,-28.07,-7.8,-15.9,-25.49,-37.37,-31.88,-1.58,-28.24,-5.91
2026-01-23 15:00:00,viernes,-19.1,-44.32,-38.65,-34.92,-27.49,-7.83,-14.6,-24.2,-47.83,-41.94,0.16,-25.88,-1.69
2026-01-23 16:00:00,viernes,-19.06,-44.28,-39.96,-34.31,-28.58,-7.85,-13.92,-13.47,-45.4,-39.54,11.39,-25.81,-3.73
2026-01-23 17:00:00,viernes,-19.04,-44.41,-39.58,-35.21,-26.08,-7.75,-12.71,-2.9,-49.95,-44.35,20.79,-23.57,-3.26
2026-01-23 18:00:00,viernes,-19.03,-44.49,-37.14,-35.04,-27.29,-7.82,-13.95,-14.98,-54.79,-49.22,9.83,-24.19,-0.54
2026-01-23 19:00:00,viernes,-19.0,-44.33,-42.33,-35.93,-25.06,-7.89,-14.89,-9.82,-44.01,-38.56,17.78,-22.71,-5.45
2026-01-23 20:00:00,viernes,-18.98,-44.45,-39.0,-35.87,-22.12,-7.81,-14.52,-8.29,-51.31,-45.77,20.33,-19.11,-2.38
2026-01-23 21:00:00,viernes,-19.0,-44.42,-40.39,-35.99,-21.12,-8.2,-15.92,-7.7,-51.17,-45.47,19.82,-19.37,-2.99
2026-01-23 22:00:00,viernes,-19.01,-44.35,-40.9,-36.2,-18.91,-8.36,-15.64,-8.88,-62.45,-55.9,19.71,-17.32,-3.31
2026-01-23 23:00:00,viernes,-19.05,-44.41,-37.86,-36.06,-22.1,-8.36,-14.89,-11.38,-67.29,-61.07,16.85,-20.04,-2.23
2026-01-24 00:00:00,sábado,-19.1,-44.28,-43.55,-36.16,-21.78,-8.24,-15.29,-20.78,-56.28,-50.02,6.06,-19.38,-6.48
2026-01-24 01:00:00,sábado,-19.11,-44.42,-37.7,-36.07,-22.3,-8.33,-16.16,-20.24,-66.45,-60.14,5.61,-19.94,-0.75
2026-01-24 02:00:00,sábado,-19.15,-44.24,-41.66,-36.13,-20.14,-8.35,-14.58,-30.77,-56.98,-50.85,-2.76,-17.19,-4.52
2026-01-24 03:00:00,sábado,-19.18,-44.25,-42.27,-36.08,-18.55,-8.21,-15.46,-37.45,-58.36,-52.16,-10.19,-15.27,-4.6
2026-01-24 04:00:00,sábado,-19.28,-44.23,-41.32,-34.67,-17.77,-7.62,-16.52,-36.62,-57.04,-50.76,-9.82,-15.46,-4.41
2026-01-24 05:00:00,sábado,-19.27,-44.27,-41.9,-31.12,-6.13,-6.71,-18.65,-34.22,-57.11,-50.7,-9.29,1.05,-4.74
2026-01-24 06:00:00,sábado,-19.21,-44.4,-38.29,-35.55,-11.41,-7.82,-19.38,-34.98,-67.08,-60.42,-10.75,-8.49,-2.48
2026-01-24 07:00:00,sábado,-19.15,-44.28,-40.27,-35.99,-21.55,-8.13,-20.94,-36.57,-60.79,-54.34,-14.31,-18.61,-2.93
2026-01-24 08:00:00,sábado,-19.22,-44.22,-41.43,-36.2,-24.79,-8.3,-21.58,-36.1,-56.77,-50.7,-15.39,-22.45,-4.2
2026-01-24 09:00:00,sábado,-19.22,-44.3,-38.41,-35.93,-20.39,-8.56,-21.94,-34.02,-55.04,-49.05,-13.59,-18.78,-1.84
2026-01-24 10:00:00,sábado,-19.24,-44.23,-42.36,-35.58,-17.4,-8.87,-22.24,-35.5,-45.81,-40.19,-15.26,-15.69,-5.65
2026-01-24 11:00:00,sábado,-19.22,-44.38,-36.51,-35.92,-10.68,-8.76,-22.96,-33.8,-56.76,-51.04,-14.48,-9.67,-0.6
2026-01-24 12:00:00,sábado,-19.22,-44.2,-40.92,-27.85,-4.75,-8.32,-22.99,-27.68,-49.22,-43.52,-6.82,4.01,-4.66
2026-01-24 13:00:00,sábado,-19.19,-44.31,-38.36,-26.57,-10.8,-6.82,-23.22,-30.07,-52.47,-46.71,-8.97,0.4,-2.18
2026-01-24 14:00:00,sábado,-19.19,-44.27,-39.56,-27.23,-5.9,-6.89,-23.8,-27.36,-53.0,-47.17,-7.72,4.64,-3.2
2026-01-24 15:00:00,sábado,-19.14,-44.23,-41.99,-27.6,-6.15,-6.78,-20.89,-22.59,-46.48,-40.77,-3.56,3.74,-5.94
2026-01-24 16:00:00,sábado,-19.1,-44.35,-40.32,-22.75,-4.03,-6.93,-19.11,-21.89,-50.53,-44.77,-1.24,10.43,-3.87
2026-01-24 17:00:00,sábado,-19.07,-44.31,-42.79,-17.97,-4.05,-5.76,-17.89,-21.55,-44.03,-38.31,0.01,16.62,-7.04
2026-01-24 18:00:00,sábado,-19.02,-44.31,-40.22,-28.6,-15.7,-5.97,-17.98,-23.38,-50.87,-45.08,-1.88,-6.13,-3.43
2026-01-24 19:00:00,sábado,-19.04,-44.32,-40.92,-18.58,-22.97,-6.08,-18.23,-21.48,-48.9,-43.19,-0.23,-10.82,-3.97
2026-01-24 20:00:00,sábado,-18.98,-44.38,-42.2,-13.74,-21.19,-6.83,-18.01,-26.67,-43.5,-37.93,-4.58,-10.81,-5.44
2026-01-24 21:00:00,sábado,-18.95,-44.53,-37.67,-10.5,-19.44,-5.81,-18.97,-22.73,-58.08,-52.0,-2.84,-6.14,-0.67
2026-01-24 22:00:00,sábado,-18.97,-44.44,-40.16,-7.75,-18.43,-5.97,-18.99,-24.01,-56.56,-50.31,-4.92,-2.86,-3.25
2026-01-24 23:00:00,sábado,-19.14,-44.53,-37.12,-8.23,-22.41,-5.91,-18.92,-23.18,-64.14,-57.78,-3.29,-6.06,-0.65
2026-01-25 00:00:00,domingo,-19.16,-44.42,-36.48,-12.79,-14.2,-5.68,-18.93,-26.35,-66.31,-59.72,-6.55,-1.65,0.38
2026-01-25 01:00:00,domingo,-19.15,-44.35,-41.3,-11.18,-16.95,-5.93,-20.16,-26.32,-57.98,-51.52,-9.03,-3.7,-4.69
2026-01-25 02:00:00,domingo,-19.18,-44.39,-38.12,-13.27,-8.55,-5.91,-15.34,-32.57,-62.69,-56.37,-9.99,2.72,-1.02
2026-01-25 03:00:00,domingo,-19.19,-44.31,-42.34,-17.7,-2.61,-5.82,-16.31,-28.68,-57.56,-51.28,-6.78,5.32,-5.53
2026-01-25 04:00:00,domingo,-19.23,-44.33,-39.71,-16.56,0.0,-5.95,-17.69,-30.18,-64.75,-58.28,-9.74,8.81,-2.88
2026-01-25 05:00:00,domingo,-19.25,-44.26,-41.49,-12.03,0.0,-5.97,-17.94,-22.19,-60.39,-53.99,-3.03,12.72,-4.66
2026-01-25 06:00:00,domingo,-19.22,-44.36,-38.28,-6.32,0.0,-8.43,-16.76,-14.42,-67.18,-60.72,5.48,14.43,-1.0
2026-01-25 07:00:00,domingo,-19.22,-44.44,-35.81,-5.62,0.0,-8.82,-12.25,-7.56,-70.74,-64.28,14.95,15.04,1.15
2026-01-25 08:00:00,domingo,-19.23,-44.32,-40.78,-5.64,-4.07,-8.77,-8.97,-13.76,-59.81,-53.55,5.64,10.5,-3.61
2026-01-25 09:00:00,domingo,-19.22,-44.39,-37.83,-5.33,-4.35,-8.72,-8.98,-10.75,-58.49,-52.71,7.13,10.21,-1.09
2026-01-25 10:00:00,domingo,-19.21,-44.49,-35.32,-6.57,-4.29,-8.16,-6.48,-8.84,-59.29,-53.82,11.23,12.78,0.7
2026-01-25 11:00:00,domingo,-19.21,-44.38,-39.92,-6.93,-4.04,-6.76,-5.97,-14.21,-48.44,-43.17,6.11,20.78,-4.01
2026-01-25 12:00:00,domingo,-19.22,-44.58,-33.41,-27.16,-4.65,-8.32,-5.97,-21.11,-61.59,-56.2,-2.2,1.74,-0.04
2026-01-25 13:00:00,domingo,-19.19,-44.47,-36.5,-27.75,-4.08,-8.79,-8.09,-18.25,-53.73,-48.35,-2.17,2.27,-2.92
2026-01-25 14:00:00,domingo,-19.14,-44.48,-37.8,-5.99,-3.61,-8.32,-8.59,-18.41,-51.2,-45.81,-3.82,24.4,-1.43
2026-01-25 15:00:00,domingo,-19.11,-44.61,-36.1,-5.44,-3.06,-7.84,-7.97,-18.51,-54.83,-49.44,-3.25,21.59,0.08
2026-01-25 16:00:00,domingo,-19.09,-44.39,-41.57,-12.69,-3.93,-7.78,-7.97,-19.23,-43.87,-38.55,-3.89,12.4,-5.29
2026-01-25 17:00:00,domingo,-19.08,-44.49,-37.08,-11.31,-3.06,-7.81,-8.81,-16.39,-53.93,-48.38,-1.97,14.71,-1.0
2026-01-25 18:00:00,domingo,-19.05,-44.4,-38.94,-13.75,-3.05,-7.89,-9.12,-16.03,-47.77,-42.23,-1.97,15.01,-3.31
2026-01-25 19:00:00,domingo,-19.08,-44.41,-38.98,-15.21,-7.67,-7.82,-8.9,-17.35,-50.11,-44.5,-3.0,11.6,-3.31
2026-01-25 20:00:00,domingo,-19.05,-44.55,-36.59,-33.08,-12.82,-7.86,-7.78,-15.34,-53.88,-48.2,0.47,-14.75,-1.43
2026-01-25 21:00:00,domingo,-19.05,-44.41,-40.33,-33.39,-4.29,-7.77,-6.97,-13.34,-56.49,-50.49,3.77,-6.0,-4.52
2026-01-25 22:00:00,domingo,-19.1,-44.56,-36.55,-33.01,-4.98,-7.88,-7.49,-15.72,-66.09,-59.88,0.35,-2.22,-0.77
2026-01-25 23:00:00,domingo,-19.08,-44.37,-39.66,-32.47,-7.26,-7.73,-6.97,-16.78,-60.2,-53.93,-0.34,-3.09,-3.24
2026-01-26 00:00:00,lunes,-19.13,-44.38,-38.27,-33.46,-15.87,-7.91,-7.37,-18.38,-64.48,-57.99,-2.16,-12.09,-2.17
2026-01-26 01:00:00,lunes,-19.18,-44.47,-37.3,-35.67,-13.76,-7.79,-7.95,-18.18,-67.09,-60.5,-2.52,-11.33,-1.73
2026-01-26 02:00:00,lunes,-19.25,-44.33,-41.35,-35.78,-13.66,-7.84,-7.95,-18.86,-60.1,-53.43,-2.99,-10.83,-4.39
2026-01-26 03:00:00,lunes,-19.26,-44.43,-35.89,-36.36,-16.37,-7.81,-7.96,-18.62,-69.46,-62.81,-2.59,-14.11,0.62
2026-01-26 04:00:00,lunes,-19.23,-44.39,-40.14,-36.12,-19.31,-8.3,-7.95,-19.46,-61.27,-55.18,-3.77,-17.76,-4.3
2026-01-26 05:00:00,lunes,-19.2,-44.35,-39.37,-36.04,-20.28,-8.32,-9.0,-27.4,-63.54,-57.36,-12.72,-18.07,-2.67
2026-01-26 06:00:00,lunes,-19.23,-44.45,-36.36,-36.16,-22.63,-8.31,-9.94,-29.66,-68.21,-61.97,-14.43,-20.19,-0.22
2026-01-26 07:00:00,lunes,-19.23,-44.37,-38.31,-36.05,-20.52,-8.28,-9.94,-25.19,-63.54,-57.37,-8.43,-17.91,-2.23
2026-01-26 08:00:00,lunes,-19.25,-44.41,-35.52,-36.12,-13.1,-8.34,-8.57,-9.02,-68.19,-61.96,11.72,-10.49,1.04
2026-01-26 09:00:00,lunes,-19.23,-44.3,-38.44,-34.53,-9.68,-8.25,-8.09,-8.15,-61.59,-55.6,12.5,-6.82,-1.87
2026-01-26 10:00:00,lunes,-19.24,-44.28,-39.23,-32.47,-3.49,-8.37,-8.43,-13.52,-53.18,-47.52,4.98,0.54,-2.14
2026-01-26 11:00:00,lunes,-19.22,-44.46,-35.58,-35.47,-9.73,-8.29,-8.69,-15.83,-59.02,-53.36,2.34,-8.88,1.26
2026-01-26 12:00:00,lunes,-19.17,-44.37,-39.52,-35.72,-15.35,-8.69,-7.83,-14.98,-52.89,-47.2,3.59,-14.58,-3.65
2026-01-26 13:00:00,lunes,-19.18,-44.51,-34.12,-35.69,-14.85,-8.79,-6.96,-14.2,-62.79,-57.0,2.4,-14.01,1.71
2026-01-26 14:00:00,lunes,-19.2,-44.47,-36.07,-36.0,-16.33,-8.82,-6.96,-15.17,-58.17,-52.42,2.23,-15.63,0.37
2026-01-26 15:00:00,lunes,-19.12,-44.51,-35.51,-35.17,-18.52,-8.8,-6.95,-14.22,-60.68,-54.75,4.41,-16.87,1.83
2026-01-26 16:00:00,lunes,-19.02,-44.41,-32.93,-35.39,-16.78,-8.8,-7.31,-11.81,-63.12,-57.16,6.85,-15.31,3.83
2026-01-26 17:00:00,lunes,-18.99,-44.38,-37.53,-35.51,-14.61,-8.79,-8.46,-11.22,-59.82,-53.54,7.5,-12.53,0.02
2026-01-26 18:00:00,lunes,-18.94,-44.49,-35.05,-35.61,-18.63,-8.77,-8.31,-8.65,-72.33,-65.58,10.43,-16.3,1.31
2026-01-26 19:00:00,lunes,-19.03,-44.35,-35.79,-35.22,-18.38,-8.78,-8.03,-12.39,-67.15,-60.54,5.51,-17.34,0.74
2026-01-26 20:00:00,lunes,-19.0,-44.55,-37.43,-36.09,-16.35,-8.85,-7.96,-14.71,-64.19,-57.72,2.55,-15.68,-1.33
2026-01-26 21:00:00,lunes,-19.01,-44.61,-34.34,-35.96,-18.22,-8.75,-7.95,-14.94,-71.17,-64.97,3.17,-17.43,1.91
2026-01-26 22:00:00,lunes,-19.07,-44.49,-37.25,-35.78,-19.18,-8.8,-7.96,-14.26,-63.49,-57.3,5.04,-18.31,-1.08
2026-01-26 23:00:00,lunes,-19.07,-44.61,-34.63,-35.6,-20.61,-8.79,-8.05,-15.19,-71.24,-64.6,5.0,-19.06,0.77
2026-01-27 00:00:00,martes,-19.06,-44.33,-38.63,-34.23,-21.3,-8.83,-8.49,-27.53,-65.72,-59.19,-5.09,-18.43,-2.53
2026-01-27 01:00:00,martes,-19.08,-44.56,-35.33,-35.11,-17.03,-8.8,-13.0,-28.76,-65.73,-59.35,-7.63,-14.45,-0.56
2026-01-27 02:00:00,martes,-19.08,-44.5,-31.1,-34.36,-23.21,-8.67,-13.11,-26.52,-68.06,-61.87,-4.83,-20.11,4.55
2026-01-27 03:00:00,martes,-19.09,-44.54,-33.83,-34.97,-24.03,-8.86,-11.58,-25.8,-59.32,-53.21,-2.2,-20.79,2.36
2026-01-27 04:00:00,martes,-19.12,-44.58,-31.53,-34.75,-19.57,-8.79,-13.53,-20.17,-63.23,-57.21,2.13,-16.16,2.03
2026-01-27 05:00:00,martes,-19.13,-44.44,-36.58,-33.23,-10.13,-8.79,-15.5,-19.37,-53.98,-48.09,4.62,-6.66,-0.74
2026-01-27 06:00:00,martes,-19.15,-44.51,-32.8,-33.74,-9.78,-8.81,-17.52,-22.06,-61.03,-55.14,2.07,-7.1,2.85
2026-01-27 07:00:00,martes,-19.21,-44.49,-33.07,-34.27,-8.28,-8.79,-17.14,-22.5,-59.52,-53.73,1.45,-5.42,2.53
2026-01-27 08:00:00,martes,-19.23,-44.4,-34.37,-34.11,-7.86,-8.78,-14.73,-21.83,-57.52,-51.84,2.58,-5.08,2.21
2026-01-27 09:00:00,martes,-19.23,-44.49,-32.99,-34.09,-9.98,-8.81,-12.74,-19.33,-63.52,-57.72,6.67,-7.81,2.53
2026-01-27 10:00:00,martes,-19.24,-44.15,-41.33,-33.94,-12.4,-8.78,-12.26,-15.82,-46.96,-41.25,10.51,-10.4,-6.43
2026-01-27 11:00:00,martes,-19.26,-44.28,-41.07,-34.43,-9.76,-8.8,-12.68,-13.03,-50.24,-44.48,12.77,-8.19,-6.59
2026-01-27 12:00:00,martes,-19.24,-44.4,-37.91,-34.86,-10.6,-8.82,-13.83,-17.38,-57.25,-51.24,9.42,-9.15,-4.05
2026-01-27 13:00:00,martes,-19.24,-44.4,-40.53,-35.05,-20.77,-8.82,-16.5,-11.06,-52.76,-46.8,13.99,-18.94,-6.52
2026-01-27 14:00:00,martes,-19.24,-44.62,-35.12,-35.64,-25.11,-8.84,-14.62,-13.7,-63.27,-57.4,13.18,-23.5,-0.54
2026-01-27 15:00:00,martes,-19.16,-44.74,-37.56,-35.76,-22.41,-8.79,-14.1,-13.04,-58.25,-52.23,14.45,-21.47,-3.04
2026-01-27 16:00:00,martes,-19.11,-44.67,-35.27,-35.87,-19.12,-8.8,-14.53,-13.91,-62.04,-56.0,11.89,-18.71,-0.07
2026-01-27 17:00:00,martes,-19.12,-44.73,-33.2,-36.16,-27.99,-8.79,-12.89,-16.94,-62.25,-56.27,9.0,-27.73,1.52
2026-01-27 18:00:00,martes,-19.06,-44.49,-38.82,-35.57,-29.59,-8.79,-12.31,-21.91,-54.78,-48.79,2.95,-27.65,-2.47
2026-01-27 19:00:00,martes,-19.03,-44.67,-34.5,-35.53,-26.68,-8.81,-12.3,-15.11,-62.56,-56.6,8.58,-24.8,1.41
2026-01-27 20:00:00,martes,-19.09,-44.7,-36.26,-35.56,-25.51,-8.82,-9.82,-18.56,-58.62,-52.65,7.16,-23.34,-0.28
2026-01-27 21:00:00,martes,-19.05,-44.64,-38.29,-35.98,-31.92,-8.74,-10.41,-13.75,-59.79,-53.77,11.63,-29.53,-1.4
2026-01-27 22:00:00,martes,-19.06,-44.77,-35.26,-35.87,-30.76,-8.83,-11.21,-15.12,-69.2,-62.56,9.31,-28.32,0.48
2026-01-27 23:00:00,martes,-19.18,-44.59,-40.28,-36.18,-22.88,-8.8,-13.69,-17.05,-61.0,-54.53,5.31,-21.25,-4.9
2026-01-28 00:00:00,miércoles,-19.21,-44.72,-36.66,-36.08,-21.55,-8.82,-13.24,-14.55,-67.23,-60.62,7.93,-20.69,-1.36
2026-01-28 01:00:00,miércoles,-19.22,-44.56,-38.54,-36.12,-21.94,-8.81,-13.18,-17.1,-59.66,-53.37,5.65,-20.48,-2.38
2026-01-28 02:00:00,miércoles,-19.12,-44.63,-36.71,-36.19,-23.48,-8.78,-13.91,-18.45,-62.59,-56.21,3.44,-21.72,-0.68
2026-01-28 03:00:00,miércoles,-19.21,-44.61,-35.84,-36.1,-21.0,-8.84,-13.39,-19.1,-58.93,-52.9,3.08,-18.96,0.28
2026-01-28 04:00:00,miércoles,-19.21,-44.47,-40.05,-36.13,-20.42,-8.79,-12.77,-20.2,-53.54,-47.63,2.62,-18.8,-3.51
2026-01-28 05:00:00,miércoles,-19.23,-44.53,-37.08,-36.11,-21.82,-8.79,-13.49,-19.27,-59.13,-53.11,2.54,-20.47,-0.47
2026-01-28 06:00:00,miércoles,-19.22,-43.24,-41.79,-36.22,-20.48,-8.83,-13.83,-21.06,-55.35,-49.4,0.99,-19.14,-4.49
2026-01-28 07:00:00,miércoles,-19.25,-44.43,-40.54,-36.17,-19.61,-8.78,-13.33,-22.1,-57.13,-50.98,0.25,-17.88,-4.78
2026-01-28 08:00:00,miércoles,-19.26,-44.45,-39.89,-35.9,-19.9,-8.83,-13.05,-22.11,-59.08,-52.89,0.41,-17.61,-4.96
2026-01-28 09:00:00,miércoles,-19.25,-44.52,-39.72,-36.02,-23.06,-8.75,-10.96,-24.9,-57.91,-51.95,-0.11,-21.29,-4.76
2026-01-28 10:00:00,miércoles,-19.25,-44.67,-37.12,-36.37,-23.24,-8.84,-10.94,-26.46,-57.66,-51.93,-1.61,-22.17,-1.91
2026-01-28 11:00:00,miércoles,-19.24,-44.61,-39.6,-35.94,-20.45,-8.8,-10.97,-37.27,-53.99,-48.26,-12.69,-17.54,-5.48
2026-01-28 12:00:00,miércoles,-19.24,-44.6,-40.98,-17.83,-9.78,-5.44,-12.27,-28.55,-49.84,-44.12,-5.46,10.33,-7.09
2026-01-28 13:00:00,miércoles,-19.19,-44.77,-35.8,-0.58,0.0,0.0,-17.21,-26.69,-59.71,-53.94,-8.76,33.77,-1.14
2026-01-28 14:00:00,miércoles,-19.13,-44.61,-39.44,-12.7,-17.25,0.0,-20.67,-31.04,-52.81,-47.18,-16.48,9.68,-4.73
2026-01-28 15:00:00,miércoles,-19.11,-44.77,-35.13,-33.79,-35.18,0.0,-20.6,-31.66,-62.84,-57.03,-16.95,-24.89,0.17
2026-01-28 16:00:00,miércoles,-19.07,-44.69,-35.05,-35.64,-32.82,0.0,-21.26,-24.81,-59.17,-53.32,-10.73,-22.15,0.34
2026-01-28 17:00:00,miércoles,-19.05,-44.62,-35.68,-33.27,-30.08,-6.47,-19.52,-24.33,-58.55,-52.75,-8.43,-24.57,-0.2
2026-01-28 18:00:00,miércoles,-19.11,-44.56,-35.5,-30.98,-33.41,-9.38,-18.31,-25.06,-59.07,-53.4,-8.33,-30.53,0.66
2026-01-28 19:00:00,miércoles,-19.11,-44.42,-38.52,-30.61,-34.64,-9.19,-19.21,-22.03,-53.38,-47.72,-5.14,-30.47,-2.52
2026-01-28 20:00:00,miércoles,-19.14,-44.55,-38.11,-27.74,-30.67,-9.25,-20.3,-21.8,-54.43,-48.59,-5.41,-24.6,-2.77
2026-01-28 21:00:00,miércoles,-19.17,-44.77,-35.19,-22.93,-33.32,-9.2,-20.79,-25.19,-59.01,-53.19,-8.64,-22.49,-0.04
2026-01-28 22:00:00,miércoles,-19.19,-44.76,-35.72,-17.04,-35.14,-9.18,-21.37,-23.45,-63.02,-56.98,-7.11,-20.45,-0.15
2026-01-28 23:00:00,miércoles,-19.17,-44.62,-33.7,-20.92,-30.81,-9.19,-23.46,-21.52,-71.01,-64.81,-6.53,-19.5,1.14
2026-01-29 00:00:00,jueves,-19.16,-44.67,-39.45,-22.29,-30.56,-9.19,-23.15,-21.36,-60.66,-54.41,-4.63,-19.17,-4.32
2026-01-29 01:00:00,jueves,-19.17,-44.7,-35.41,-25.84,-20.1,-9.16,-24.23,-19.89,-67.62,-61.43,-3.38,-16.85,-0.67
2026-01-29 02:00:00,jueves,-19.23,-44.2,-35.73,-26.62,-18.79,-9.19,-24.02,-17.79,-60.87,-55.05,1.26,-15.59,0.73
2026-01-29 03:00:00,jueves,-19.27,-44.51,-37.91,-30.97,-17.27,-9.16,-26.13,-18.36,-55.32,-49.58,-1.46,-14.94,-2.36
2026-01-29 04:00:00,jueves,-19.26,-44.68,-36.33,-31.58,-18.58,-9.19,-24.74,-22.06,-62.13,-56.24,-3.69,-13.34,-0.11
2026-01-29 05:00:00,jueves,-19.24,-44.6,-39.52,-35.89,-18.96,-9.17,-24.01,-21.16,-57.12,-51.01,-2.86,-17.05,-3.99
2026-01-29 06:00:00,jueves,-19.2,-44.74,-34.34,-36.22,-12.32,-9.17,-24.48,-23.14,-63.71,-57.76,-4.78,-11.62,1.25
2026-01-29 07:00:00,jueves,-19.19,-44.77,-35.47,-36.06,-11.66,-9.2,-24.88,-21.0,-62.69,-56.73,-2.77,-10.44,-0.23
2026-01-29 08:00:00,jueves,-19.16,-44.74,-37.71,-36.12,-11.73,-9.15,-23.09,-24.14,-59.81,-53.63,-5.36,-11.06,-2.55
2026-01-29 09:00:00,jueves,-19.18,-44.72,-35.16,-36.13,-14.27,-9.13,-24.88,-17.87,-64.16,-58.06,-0.59,-13.52,-0.25
2026-01-29 10:00:00,jueves,-19.14,-44.74,-36.85,-35.97,-17.78,-9.15,-25.11,-20.25,-59.35,-53.47,-4.4,-16.93,-1.88
2026-01-29 11:00:00,jueves,-19.08,-44.56,-36.48,-34.2,-19.08,-9.26,-19.44,-17.22,-59.22,-53.4,2.0,-16.11,-1.17
2026-01-29 12:00:00,jueves,-19.11,-44.78,-35.58,-33.93,-17.67,-9.17,-22.99,-15.78,-59.41,-53.54,3.65,-14.38,-1.24
2026-01-29 13:00:00,jueves,-19.1,-44.7,-36.12,-33.75,-19.25,-9.16,-26.71,-20.74,-57.42,-51.6,-3.87,-15.6,0.57
2026-01-29 14:00:00,jueves,-19.12,-44.6,-32.1,-32.27,-22.42,-9.19,-24.44,-22.54,-64.11,-58.28,-3.5,-20.9,3.95
2026-01-29 15:00:00,jueves,-19.09,-44.67,-36.04,-32.87,-19.29,-9.16,-23.51,-28.92,-56.92,-51.15,-7.97,-17.77,-0.73
2026-01-29 16:00:00,jueves,-18.98,-44.72,-32.78,-33.96,-17.75,-9.12,-19.52,-33.45,-63.34,-57.54,-9.5,-14.39,1.54
2026-01-29 17:00:00,jueves,-19.06,-44.77,-31.12,-34.82,-19.45,-9.21,-12.06,-35.52,-64.11,-58.29,-5.47,-15.79,2.57
2026-01-29 18:00:00,jueves,-19.08,-44.64,-34.87,-34.65,-17.56,-9.18,-14.4,-20.25,-60.61,-54.86,7.78,-14.44,-1.38
2026-01-29 19:00:00,jueves,-18.96,-44.46,-30.95,-35.22,-20.03,-9.16,-14.07,-8.66,-65.98,-60.1,21.68,-17.04,3.4
2026-01-29 20:00:00,jueves,-19.05,-44.64,-37.0,-34.8,-24.39,-9.14,-13.9,-13.92,-52.86,-47.14,16.42,-20.42,-2.71
2026-01-29 21:00:00,jueves,-19.03,-44.64,-33.79,-34.68,-26.5,-9.17,-13.23,-14.28,-59.48,-53.74,16.48,-22.13,0.15
2026-01-29 22:00:00,jueves,-19.05,-44.07,-32.62,-34.94,-25.45,-9.22,-13.08,-14.53,-62.64,-56.81,17.38,-21.39,2.04
2026-01-29 23:00:00,jueves,-19.06,-44.6,-34.35,-36.24,-21.84,-9.16,-12.85,-15.35,-57.47,-51.62,17.94,-19.64,-0.46
2026-01-30 00:00:00,viernes,-19.07,-44.62,-31.91,-36.08,-22.43,-9.19,-12.86,-20.14,-63.04,-57.13,13.4,-20.44,2.93
2026-01-30 01:00:00,viernes,-19.04,-44.76,-33.31,-35.96,-24.03,-9.13,-13.55,-29.65,-63.41,-57.3,3.58,-21.91,1.61
2026-01-30 02:00:00,viernes,-19.07,-44.69,-38.1,-36.23,-27.16,-9.2,-20.71,-28.45,-60.9,-54.63,-2.29,-24.61,-3.68
2026-01-30 03:00:00,viernes,-19.09,-44.77,-36.29,-36.07,-30.25,-9.12,-23.88,-27.76,-67.43,-61.03,-4.93,-27.26,-2.27
2026-01-30 04:00:00,viernes,-19.09,-44.62,-37.64,-31.94,-10.01,-9.11,-23.46,-25.23,-65.5,-59.0,-2.79,-4.78,-2.73
2026-01-30 05:00:00,viernes,-19.08,-44.77,-35.22,-31.68,-6.62,-9.21,-25.15,-24.48,-71.25,-64.66,-4.19,-1.57,0.61
2026-01-30 06:00:00,viernes,-19.11,-44.63,-35.66,-32.1,-7.94,-8.57,-23.15,-29.21,-69.98,-63.4,-7.35,-2.74,-0.61
2026-01-30 07:00:00,viernes,-19.18,-44.75,-35.54,-35.25,-5.48,-7.15,-22.8,-28.89,-68.59,-62.08,-8.73,-1.33,0.39
2026-01-30 08:00:00,viernes,-19.18,-44.55,-34.75,-34.25,-3.51,-7.18,-22.39,-25.75,-72.42,-65.82,-6.42,0.96,1.07
2026-01-30 09:00:00,viernes,-19.06,-44.77,-35.23,-31.35,-8.92,-7.1,-21.63,-22.48,-56.15,-49.99,-5.51,-2.93,-0.28
2026-01-30 10:00:00,viernes,-19.06,-44.99,-43.78,-12.68,-27.46,-5.19,-13.02,-20.19,-27.5,-21.65,-7.06,-2.06,-9.94
2026-01-30 11:00:00,viernes,-19.08,-44.12,-43.22,-15.1,-12.24,-5.12,-12.8,-29.22,-45.62,-39.91,-12.79,11.76,-7.13
2026-01-30 12:00:00,viernes,-18.98,-45.34,-43.78,-29.48,-13.52,-5.3,-10.35,-12.18,-7.59,-1.9,-0.59,-3.71,-7.72
2026-01-30 13:00:00,viernes,-19.66,-45.35,-43.39,-34.69,-6.34,-5.1,-10.04,-14.31,-30.72,-25.23,-0.01,-1.01,-8.08
2026-01-30 14:00:00,viernes,-19.33,-45.37,-35.51,-33.74,-6.08,-5.05,-10.01,-22.08,-45.7,-40.13,-4.05,-0.81,-0.06
2026-01-30 15:00:00,viernes,-19.26,-45.33,-35.41,-34.88,-8.22,-5.09,-9.94,-20.35,-42.13,-36.52,1.6,-2.91,-1.26
2026-01-30 16:00:00,viernes,-19.21,-44.91,-33.91,-33.39,-14.51,-5.12,-9.94,-24.64,-51.94,-46.26,1.37,-7.65,-0.04
2026-01-30 17:00:00,viernes,-19.2,-44.58,-33.52,-33.84,-12.36,-5.06,-15.95,-24.74,-57.25,-51.52,-3.71,-6.49,-1.21
2026-01-30 18:00:00,viernes,-19.16,-44.68,-26.94,-35.13,-10.93,-5.14,-16.84,-26.31,-70.03,-64.22,-4.98,-5.94,6.89
2026-01-30 19:00:00,viernes,-19.12,-44.54,-33.95,-35.71,-7.63,-5.16,-16.6,-20.06,-58.97,-53.15,5.4,-2.73,-0.62
2026-01-30 20:00:00,viernes,-19.13,-44.34,-35.27,-35.36,-7.32,-5.09,-21.6,-15.53,-56.46,-50.65,5.67,-1.89,-2.21
2026-01-30 21:00:00,viernes,-19.17,-44.28,-38.13,-35.68,-5.84,-5.13,-23.89,-18.85,-51.49,-45.84,0.32,-1.19,-2.25
2026-01-30 22:00:00,viernes,-19.37,-44.38,-38.89,-36.0,-4.09,-5.08,-25.07,-17.51,-51.73,-45.87,0.55,-0.18,-2.92
2026-01-30 23:00:00,viernes,-19.35,-44.55,-37.63,-34.67,-4.09,-5.08,-24.91,-16.55,-61.46,-55.14,1.64,0.93,-2.43
2026-01-31 00:00:00,sábado,-19.37,-44.64,-35.52,-34.19,-4.15,-5.1,-20.29,-17.71,-65.22,-58.9,4.57,1.12,-0.43
2026-01-31 01:00:00,sábado,-19.4,-42.53,-31.34,-35.88,-4.87,-5.08,-22.86,-21.93,-72.55,-66.44,-1.56,-1.23,-0.11
2026-01-31 02:00:00,sábado,-19.31,-39.5,-32.7,-35.6,-5.72,-5.09,-23.07,-26.76,-73.13,-67.16,-5.44,-1.8,-2.31
2026-01-31 03:00:00,sábado,-19.28,-38.81,-35.54,-33.9,-4.47,-5.09,-23.69,-22.96,-68.6,-62.48,-1.27,1.35,-5.43
2026-01-31 04:00:00,sábado,-19.28,-39.65,-33.64,-34.17,-4.06,-5.1,-23.57,-23.54,-68.34,-62.37,-1.13,1.89,-6.16
2026-01-31 05:00:00,sábado,-19.29,-40.22,-32.66,-35.21,-6.73,-5.08,-24.36,-19.19,-71.77,-65.75,2.39,-2.16,-8.21
2026-01-31 06:00:00,sábado,-19.21,-40.09,-32.52,-32.83,-6.56,-5.08,-24.86,-20.82,-70.09,-63.97,0.59,0.23,-10.21
2026-01-31 07:00:00,sábado,-19.24,-39.12,-32.47,-33.35,-4.02,-5.1,-25.37,-21.79,-70.68,-64.56,-1.37,2.06,-12.58
2026-01-31 08:00:00,sábado,-19.24,-35.61,-30.42,-32.95,-4.14,-5.09,-24.94,-24.76,-68.08,-61.99,-3.99,2.19,-14.88
2026-01-31 09:00:00,sábado,-19.37,-32.1,-28.82,-35.66,-4.15,-5.08,-25.85,-25.54,-56.17,-50.21,-6.05,-0.63,-14.01
2026-01-31 10:00:00,sábado,-19.42,-30.71,-27.98,-35.41,-4.01,-5.1,-27.12,-22.96,-49.07,-43.17,-4.35,-0.23,-13.01
2026-01-31 11:00:00,sábado,-19.36,-26.69,-25.88,-35.92,-3.51,-5.07,-27.65,-26.85,-53.7,-47.72,-8.35,0.4,-7.9
2026-01-31 12:00:00,sábado,-19.33,-22.39,-22.19,-35.6,-2.18,-5.5,-28.28,-24.88,-57.11,-51.11,-7.51,2.24,0.11
2026-01-31 13:00:00,sábado,-19.31,-18.86,-12.28,-34.56,0.0,-8.49,-28.93,-23.45,-58.51,-52.56,-6.73,1.62,12.46
2026-01-31 14:00:00,sábado,-19.27,-18.49,-14.08,-35.34,0.0,-8.13,-26.92,-26.97,-30.73,-24.97,-8.27,0.19,10.46
2026-01-31 15:00:00,sábado,-19.24,-17.05,-13.91,-35.18,0.0,-8.16,-27.2,-25.6,-27.38,-21.68,-7.26,0.25,12.32
2026-01-31 16:00:00,sábado,-19.19,-15.48,-15.3,-34.18,0.0,-8.16,-25.56,-29.45,-32.1,-26.36,-9.63,1.83,16.09
2026-01-31 17:00:00,sábado,-19.2,-15.37,-15.22,-34.23,-2.74,-7.82,-27.64,-24.18,-35.08,-29.24,-6.56,-0.42,16.78
2026-01-31 18:00:00,sábado,-19.22,-15.47,-15.3,-33.15,-12.27,-5.05,-25.58,-28.08,-33.77,-27.98,-8.48,-5.74,18.11
2026-01-31 19:00:00,sábado,-19.17,-15.41,-15.23,-33.49,-13.69,-5.11,-25.75,-30.01,-32.27,-26.5,-10.21,-7.05,23.4
2026-01-31 20:00:00,sábado,-19.18,-15.5,-15.33,-33.77,-10.83,-5.11,-27.24,-28.7,-31.16,-25.41,-10.67,-4.91,23.31
2026-01-31 21:00:00,sábado,-19.14,-15.93,-15.7,-32.74,-10.96,-5.06,-26.88,-26.0,-23.43,-17.72,-7.71,-5.4,21.82
2026-01-31 22:00:00,sábado,-19.18,-18.41,-18.1,-29.8,-14.46,-5.09,-26.47,-26.15,-24.86,-19.08,-6.74,-6.08,16.57
2026-01-31 23:00:00,sábado,-19.14,-18.44,-18.24,-32.34,-7.9,-5.1,-26.13,-29.52,-20.85,-15.16,-9.02,-1.28,16.06
2026-02-01 00:00:00,domingo,-19.13,-18.66,-18.45,-35.05,-7.06,-5.08,-25.56,-26.25,-23.0,-17.28,-5.72,-2.93,14.1
2026-02-01 01:00:00,domingo,-19.11,-19.07,-18.87,-34.6,-11.66,-5.08,-25.78,-29.84,-21.94,-16.27,-9.57,-7.42,15.55
2026-02-01 02:00:00,domingo,-19.09,-19.93,-19.03,-34.16,-12.7,-5.16,-24.66,-31.57,-25.24,-19.51,-9.91,-7.6,20.99
2026-02-01 03:00:00,domingo,-19.07,-30.11,-17.8,-35.6,-7.86,-5.1,-24.54,-33.46,-24.85,-19.08,-12.41,-4.24,13.83
2026-02-01 04:00:00,domingo,-19.13,-30.38,-16.48,-35.05,-8.83,-5.11,-25.52,-27.26,-25.62,-19.86,-7.38,-4.74,14.83
2026-02-01 05:00:00,domingo,-19.1,-30.23,-16.43,-34.88,-9.46,-5.12,-23.39,-17.46,-31.04,-25.35,4.03,-4.67,16.5
2026-02-01 06:00:00,domingo,-19.16,-25.31,-17.54,-34.07,-10.39,-5.08,-25.06,-18.19,-32.93,-27.26,2.01,-5.24,19.89
2026-02-01 07:00:00,domingo,-19.16,-23.41,-18.94,-26.96,-9.15,-5.11,-24.39,-17.98,-25.44,-19.8,3.29,1.7,19.67
2026-02-01 08:00:00,domingo,-18.92,-33.63,-27.56,-26.16,-4.89,-5.08,-25.43,-21.5,-20.07,-14.36,-1.27,6.38,2.13
2026-02-01 09:00:00,domingo,-17.99,-32.29,-26.03,-30.73,-4.83,-5.08,-24.66,-23.64,-37.78,-31.98,-2.84,1.5,5.89
2026-02-01 10:00:00,domingo,-17.99,-35.24,-25.92,-32.9,-8.95,-5.07,-20.68,-28.64,-42.61,-36.68,-4.5,-4.67,3.57
2026-02-01 11:00:00,domingo,-17.99,-37.15,-25.87,-33.29,-12.33,-5.07,-25.44,-21.16,-36.84,-31.12,-1.03,-7.37,1.93
2026-02-01 12:00:00,domingo,-17.99,-36.9,-25.91,-33.2,-11.38,-5.09,-26.21,-21.63,-24.51,-18.9,-2.24,-5.88,3.15
2026-02-01 13:00:00,domingo,-17.99,-39.33,-25.91,-35.37,-6.93,-5.07,-26.41,-22.67,-23.84,-18.21,-3.59,-4.89,3.38
2026-02-01 14:00:00,domingo,-17.99,-41.61,-25.94,-35.32,-9.71,-5.11,-25.65,-23.57,-24.58,-18.94,-4.27,-6.91,1.22
2026-02-01 15:00:00,domingo,-18.0,-42.46,-26.26,-35.82,-9.25,-5.07,-24.35,-23.13,-25.13,-19.49,-2.19,-6.14,0.55
2026-02-01 16:00:00,domingo,-17.99,-42.69,-27.07,-34.29,-5.37,-5.25,-26.53,-26.31,-26.51,-20.87,-7.13,-0.52,0.3
2026-02-01 17:00:00,domingo,-17.99,-42.29,-29.36,-35.3,-3.41,-5.13,-25.9,-28.23,-26.07,-20.45,-8.1,0.55,-0.53
2026-02-01 18:00:00,domingo,-17.99,-43.75,-29.43,-35.27,-6.83,-5.1,-25.96,-28.98,-26.34,-20.69,-8.65,-3.65,-1.42
2026-02-01 19:00:00,domingo,-17.99,-43.35,-29.54,-35.87,-5.34,-5.1,-28.12,-27.74,-26.18,-20.54,-9.62,-1.82,-0.83
2026-02-01 20:00:00,domingo,-17.99,-43.64,-29.45,-35.04,-4.09,-5.09,-27.67,-26.63,-27.23,-21.43,-7.91,0.2,0.39
2026-02-01 21:00:00,domingo,-17.99,-43.2,-35.54,-35.23,-3.73,-5.07,-26.67,-26.91,-21.45,-15.54,-6.94,0.47,-5.18
2026-02-01 22:00:00,domingo,-17.99,-41.58,-34.56,-35.55,-3.73,-5.08,-25.84,-27.84,-41.17,-35.34,-6.48,-0.4,-1.23
2026-02-01 23:00:00,domingo,-17.99,-41.08,-39.33,-35.31,-3.36,-5.09,-26.72,-25.97,-44.09,-38.28,-5.42,-0.33,-3.78
2026-02-02 00:00:00,lunes,-17.99,-41.37,-35.12,-34.23,-3.34,-5.1,-26.45,-26.67,-62.18,-56.34,-6.47,1.0,1.11
2026-02-02 01:00:00,lunes,-18.75,-41.5,-39.34,-34.94,-3.34,-5.06,-26.48,-27.93,-51.43,-45.71,-7.7,0.55,-4.32
2026-02-02 02:00:00,lunes,-19.17,-41.49,-41.05,-34.86,-4.63,-5.11,-26.43,-30.42,-49.14,-43.43,-9.91,-0.47,-5.5
2026-02-02 03:00:00,lunes,-19.21,-42.39,-40.56,-34.97,-5.01,-5.09,-25.31,-32.01,-47.61,-41.96,-10.84,-1.12,-5.79
2026-02-02 04:00:00,lunes,-19.22,-44.05,-40.92,-33.74,-5.1,-5.07,-24.54,-33.08,-45.31,-39.68,-10.64,-0.81,-8.12
2026-02-02 05:00:00,lunes,-19.29,-44.19,-37.57,-33.72,-6.04,-5.09,-25.71,-18.4,-50.84,-45.16,2.53,-1.74,-5.09
2026-02-02 06:00:00,lunes,-19.3,-43.87,-41.27,-31.57,-7.98,-5.1,-24.47,-20.87,-39.96,-34.44,1.12,-2.24,-8.46
2026-02-02 07:00:00,lunes,-19.27,-43.86,-41.2,-32.24,-4.64,-5.08,-25.14,-27.25,-41.64,-36.12,-5.79,0.96,-7.72
2026-02-02 08:00:00,lunes,-19.3,-44.1,-37.62,-28.43,-3.56,-5.06,-25.07,-29.14,-40.1,-34.65,-7.8,5.0,-4.67
2026-02-02 09:00:00,lunes,-19.33,-44.0,-42.24,-28.25,-3.56,-5.09,-25.83,-28.63,-32.58,-27.04,-7.96,5.34,-8.95
2026-02-02 10:00:00,lunes,-19.3,-44.05,-38.54,-29.45,-3.99,-5.09,-24.69,-25.67,-43.86,-38.14,-3.64,4.15,-5.96
2026-02-02 11:00:00,lunes,-19.28,-44.07,-41.22,-32.08,-6.95,-5.11,-24.96,-27.9,-43.6,-37.83,-6.98,-1.03,-7.7
2026-02-02 12:00:00,lunes,-19.32,-44.05,-41.33,-31.3,-7.74,-5.1,-25.21,-29.95,-42.97,-37.17,-9.17,-0.86,-6.28
2026-02-02 13:00:00,lunes,-19.26,-44.06,-42.28,-32.16,-10.8,-5.12,-25.53,-27.4,-38.2,-32.43,-6.2,-4.93,-5.34
2026-02-02 14:00:00,lunes,-19.28,-44.04,-43.57,-32.22,-11.2,-5.09,-25.32,-29.77,-38.17,-32.26,-8.28,-5.61,-5.92
2026-02-02 15:00:00,lunes,-19.29,-44.07,-41.07,-31.6,-10.11,-5.09,-25.64,-29.61,-40.83,-34.92,-8.36,-7.2,-4.81
2026-02-02 16:00:00,lunes,-19.29,-44.03,-42.72,-30.82,-10.79,-5.1,-24.97,-31.02,-34.73,-28.89,-9.91,-7.48,-6.33
2026-02-02 17:00:00,lunes,-19.27,-44.11,-43.62,-30.15,-10.82,-5.05,-25.39,-31.55,-37.42,-31.61,-10.66,-6.71,-8.44
2026-02-02 18:00:00,lunes,-19.23,-44.07,-39.96,-29.09,-9.36,-5.0,-24.37,-29.99,-41.7,-35.86,-7.57,-1.46,-4.74
2026-02-02 19:00:00,lunes,-19.25,-44.1,-43.15,-30.45,-3.68,-5.17,-24.7,-27.01,-38.08,-32.24,-4.9,4.79,-7.83
2026-02-02 20:00:00,lunes,-19.27,-44.06,-43.85,-24.64,-3.68,-5.1,-24.53,-26.08,-36.83,-30.94,-4.01,10.24,-8.5
2026-02-02 21:00:00,lunes,-19.24,-44.03,-42.66,-35.11,-3.22,-5.12,-24.11,-25.52,-35.52,-29.6,-3.02,1.55,-6.82
2026-02-02 22:00:00,lunes,-19.26,-43.98,-42.66,-35.54,-5.7,-5.09,-24.48,-22.33,-37.64,-31.61,0.16,-0.11,-6.26
2026-02-02 23:00:00,lunes,-19.31,-44.03,-43.83,-35.67,-9.13,-5.07,-25.34,-19.23,-34.72,-28.57,2.65,-3.32,-7.63
2026-02-03 00:00:00,martes,-19.31,-43.91,-43.72,-35.94,-4.43,-5.11,-24.53,-23.76,-30.32,-24.21,-0.97,1.2,-7.45
2026-02-03 01:00:00,martes,-19.31,-44.05,-39.73,-36.23,-3.15,-5.07,-25.12,-20.29,-38.9,-32.82,1.41,1.38,-4.26
2026-02-03 02:00:00,martes,-19.28,-44.02,-38.75,-32.86,-5.73,-5.09,-23.44,-27.09,-41.33,-35.32,-3.44,2.13,-3.08
2026-02-03 03:00:00,martes,-19.31,-43.94,-42.71,-34.88,-5.9,-5.22,-24.38,-20.71,-35.69,-29.81,1.83,-0.54,-7.19
2026-02-03 04:00:00,martes,-19.31,-43.95,-41.13,-35.75,-8.8,-5.53,-23.61,-22.26,-38.55,-32.7,0.87,-3.91,-5.25
2026-02-03 05:00:00,martes,-19.29,-44.0,-43.68,-35.96,-18.23,-7.62,-24.75,-14.96,-36.87,-30.92,6.27,-15.13,-7.33
2026-02-03 06:00:00,martes,-19.29,-44.08,-43.78,-36.23,-23.63,-8.18,-24.3,-18.09,-41.55,-35.49,4.12,-21.03,-6.69
2026-02-03 07:00:00,martes,-19.33,-44.02,-42.65,-36.06,-24.31,-8.15,-23.69,-23.64,-49.49,-43.23,-2.04,-21.09,-5.31
2026-02-03 08:00:00,martes,-19.3,-44.0,-42.52,-35.94,-26.54,-8.13,-23.2,-26.48,-52.5,-46.27,-5.27,-23.73,-5.22
2026-02-03 09:00:00,martes,-19.3,-44.02,-40.78,-35.99,-26.9,-8.76,-24.79,-24.78,-51.98,-46.0,-5.56,-25.13,-5.14
2026-02-03 10:00:00,martes,-19.37,-44.07,-41.96,-35.62,-24.27,-9.17,-24.38,-24.95,-45.3,-39.48,-5.23,-22.42,-6.92
2026-02-03 11:00:00,martes,-19.35,-44.16,-39.05,-35.61,-24.73,-9.14,-23.59,-25.59,-51.38,-45.43,-5.26,-22.9,-3.17
2026-02-03 12:00:00,martes,-19.3,-44.18,-39.31,-35.82,-26.53,-9.16,-23.12,-25.85,-52.97,-47.14,-5.52,-24.6,-2.93
2026-02-03 13:00:00,martes,-19.26,-44.12,-41.65,-34.98,-13.09,-8.62,-23.82,-25.23,-48.89,-42.95,-5.61,-9.63,-4.82
2026-02-03 14:00:00,martes,-19.28,-44.12,-40.1,-33.16,-7.06,-7.65,-24.16,-25.77,-47.17,-41.32,-6.93,-1.07,-3.93
2026-02-03 15:00:00,martes,-19.31,-44.07,-42.59,-31.83,-7.07,-7.61,-24.04,-24.97,-40.43,-34.61,-5.61,-0.01,-6.34
2026-02-03 16:00:00,martes,-19.29,-44.05,-41.75,-33.57,-6.43,-7.68,-24.17,-21.04,-43.93,-38.12,-1.69,-0.83,-5.39
2026-02-03 17:00:00,martes,-19.28,-44.08,-41.94,-33.1,-6.05,-7.58,-23.83,-23.19,-47.09,-41.3,-4.09,-0.07,-6.14
2026-02-03 18:00:00,martes,-19.26,-44.05,-43.32,-33.29,-6.05,-7.66,-23.64,-23.57,-37.59,-32.02,-3.81,-0.25,-7.3
2026-02-03 19:00:00,martes,-19.27,-44.0,-41.72,-32.72,-6.05,-7.84,-23.89,-23.86,-40.51,-34.99,-4.19,0.28,-6.09
2026-02-03 20:00:00,martes,-19.3,-44.05,-43.31,-31.02,-6.05,-8.14,-24.02,-28.36,-39.3,-33.67,-9.1,1.09,-7.37
2026-02-03 21:00:00,martes,-19.31,-44.07,-41.65,-31.21,-6.05,-8.23,-24.39,-29.45,-41.18,-35.55,-10.45,1.06,-10.99
2026-02-03 22:00:00,martes,-19.27,-44.03,-42.34,-31.01,-6.05,-8.17,-25.04,-26.32,-42.22,-36.51,-7.74,2.2,-8.46
2026-02-03 23:00:00,martes,-19.3,-44.09,-40.34,-31.83,-6.05,-8.18,-24.38,-26.13,-44.09,-38.43,-6.81,1.2,-5.48
2026-02-04 00:00:00,miércoles,-19.31,-44.0,-42.54,-33.15,-6.05,-8.18,-23.8,-28.96,-47.91,-41.76,-9.24,-1.08,-8.55
2026-02-04 01:00:00,miércoles,-19.32,-43.9,-43.12,-33.69,-6.05,-8.07,-25.5,-22.82,-41.6,-35.54,-4.48,-0.86,-8.89
2026-02-04 02:00:00,miércoles,-19.32,-44.25,-36.43,-31.04,-6.05,-8.24,-23.72,-23.14,-64.6,-58.27,-2.61,0.99,-2.58
2026-02-04 03:00:00,miércoles,-19.32,-43.99,-41.6,-29.31,-6.05,-8.1,-23.95,-19.67,-49.26,-43.06,0.71,3.36,-5.57
2026-02-04 04:00:00,miércoles,-19.29,-43.99,-42.99,-30.06,-6.05,-8.21,-23.92,-20.98,-41.86,-36.1,-0.8,2.51,-6.51
2026-02-04 05:00:00,miércoles,-19.33,-44.0,-41.36,-32.45,-6.05,-8.14,-24.67,-16.06,-36.63,-31.23,3.12,0.09,-5.04
2026-02-04 06:00:00,miércoles,-19.29,-43.98,-43.4,-32.81,-6.05,-8.16,-24.39,-21.81,-38.51,-33.1,-2.01,-1.02,-6.61
2026-02-04 07:00:00,miércoles,-19.33,-43.98,-43.86,-34.1,-6.05,-8.15,-25.8,-27.66,-33.66,-28.29,-9.2,-1.68,-7.31
2026-02-04 08:00:00,miércoles,-19.31,-43.96,-43.09,-33.73,-6.05,-8.15,-25.08,-26.9,-40.05,-34.69,-7.87,-1.17,-6.88
2026-02-04 09:00:00,miércoles,-19.34,-44.02,-43.56,-32.46,-6.05,-8.09,-23.33,-35.28,-37.9,-32.59,-15.38,-0.04,-7.93
2026-02-04 10:00:00,miércoles,-19.3,-44.26,-39.16,-29.6,-6.05,-8.19,-22.36,-34.38,-48.61,-43.23,-12.42,2.2,-3.82
2026-02-04 11:00:00,miércoles,-19.35,-44.41,-36.19,-30.11,-6.05,-8.14,-15.14,-35.47,-57.8,-52.28,-7.25,0.44,-1.94
2026-02-04 12:00:00,miércoles,-19.33,-44.14,-41.42,-30.69,-6.05,-8.17,-18.07,-27.74,-45.03,-39.65,-4.77,0.57,-4.86
2026-02-04 13:00:00,miércoles,-19.36,-44.2,-39.71,-29.86,-6.05,-7.57,-18.25,-19.36,-49.49,-44.01,3.07,2.03,-2.58
2026-02-04 14:00:00,miércoles,-19.36,-44.2,-40.46,-24.39,-6.05,-7.14,-17.25,-19.23,-47.81,-42.22,4.32,5.72,-4.83
2026-02-04 15:00:00,miércoles,-19.35,-44.26,-41.03,-22.11,-5.61,-7.11,-17.54,-22.64,-50.41,-44.5,1.06,6.47,-7.02
2026-02-04 16:00:00,miércoles,-19.35,-44.15,-40.6,-22.2,-5.04,-7.14,-20.3,-25.07,-48.74,-42.86,-3.87,6.34,-5.97
2026-02-04 17:00:00,miércoles,-19.39,-44.06,-43.59,-24.97,-5.04,-7.09,-22.2,-21.96,-43.33,-37.51,-2.0,1.36,-8.47
2026-02-04 18:00:00,miércoles,-19.34,-43.92,-43.66,-30.43,-5.04,-7.11,-21.65,-20.43,-38.84,-32.99,0.35,-2.71,-8.04
2026-02-04 19:00:00,miércoles,-19.32,-43.89,-43.73,-29.23,-5.05,-7.2,-19.32,-21.82,-37.22,-31.41,1.19,-1.46,-7.7
2026-02-04 20:00:00,miércoles,-19.32,-44.08,-43.91,-32.7,-5.05,-7.19,-20.09,-18.94,-40.24,-34.51,3.17,0.18,-8.28
2026-02-04 21:00:00,miércoles,-19.3,-44.11,-43.99,-33.73,-5.3,-7.13,-18.22,-21.91,-35.95,-30.07,1.59,-0.82,-8.78
2026-02-04 22:00:00,miércoles,-19.29,-44.1,-43.97,-33.8,-6.04,-7.13,-17.83,-18.88,-37.24,-31.02,4.8,-1.59,-6.65
2026-02-04 23:00:00,miércoles,-19.29,-44.08,-43.95,-32.4,-6.04,-7.13,-18.17,-18.53,-36.7,-30.8,4.89,0.11,-6.31
2026-02-05 00:00:00,jueves,-19.35,-44.12,-42.52,-33.3,-6.04,-7.09,-20.99,-14.03,-39.59,-34.05,6.25,-1.05,-5.95
2026-02-05 01:00:00,jueves,-19.39,-44.1,-43.41,-35.22,-6.04,-7.11,-20.97,-16.63,-45.76,-39.87,3.7,-2.64,-6.91
2026-02-05 02:00:00,jueves,-19.44,-44.12,-41.73,-35.01,-6.04,-7.1,-20.28,-22.72,-54.45,-48.12,-1.74,-2.35,-5.22
2026-02-05 03:00:00,jueves,-19.45,-44.02,-43.51,-34.32,-6.04,-7.13,-22.82,-25.27,-45.27,-38.94,-6.52,-0.98,-6.27
2026-02-05 04:00:00,jueves,-19.45,-44.14,-40.88,-34.24,-6.04,-7.16,-21.5,-26.69,-58.0,-51.31,-7.26,-1.09,-4.45
2026-02-05 05:00:00,jueves,-19.41,-44.03,-43.58,-35.27,-6.04,-7.12,-22.13,-25.35,-51.64,-45.27,-7.65,-2.08,-7.22
2026-02-05 06:00:00,jueves,-19.36,-44.09,-43.17,-35.6,-6.04,-7.12,-18.45,-28.61,-54.01,-47.11,-7.26,-2.4,-7.5
2026-02-05 07:00:00,jueves,-19.35,-44.05,-43.71,-35.8,-6.04,-7.15,-15.11,-25.04,-50.88,-44.24,-2.15,-2.69,-7.82
2026-02-05 08:00:00,jueves,-19.4,-43.92,-43.73,-34.76,-6.04,-7.12,-13.19,-13.36,-45.01,-38.62,9.8,-2.16,-8.36
2026-02-05 09:00:00,jueves,-19.45,-44.09,-43.95,-34.86,-6.04,-6.34,-11.74,-3.52,-44.48,-38.55,19.54,-1.81,-8.05
2026-02-05 10:00:00,jueves,-19.41,-44.02,-43.8,-35.4,-6.04,-6.07,-10.98,-4.17,-38.84,-33.08,19.43,-1.82,-8.24
2026-02-05 11:00:00,jueves,-19.47,-44.1,-42.98,-35.27,-6.04,-6.12,-11.97,-7.55,-45.31,-39.44,14.97,-1.89,-7.02
2026-02-05 12:00:00,jueves,-19.46,-44.13,-43.84,-34.99,-6.04,-6.48,-13.97,-12.98,-43.43,-37.69,7.05,-6.6,-9.14
2026-02-05 13:00:00,jueves,-19.45,-43.91,-43.77,-34.49,-6.04,-6.64,-12.8,-18.65,-35.96,-30.37,1.87,-6.9,-7.38
2026-02-05 14:00:00,jueves,-19.41,-43.99,-43.84,-34.03,-6.04,-6.62,-12.63,-17.83,-35.83,-30.3,3.24,-6.64,-7.65
2026-02-05 15:00:00,jueves,-19.39,-43.95,-43.79,-35.29,-3.91,-6.8,-11.95,-16.26,-34.95,-29.13,5.99,-3.3,-8.1
2026-02-05 16:00:00,jueves,-19.41,-44.24,-43.58,-35.27,-0.86,-8.36,-11.9,-20.02,-45.69,-39.91,2.44,-0.12,-8.64
2026-02-05 17:00:00,jueves,-19.38,-44.07,-43.85,-36.03,0.0,-9.16,-11.95,-19.67,-35.45,-29.6,2.12,-3.38,-9.04
2026-02-05 18:00:00,jueves,-19.37,-43.95,-43.79,-36.15,0.0,-9.18,-11.96,-17.3,-30.48,-24.7,4.75,-0.3,-8.06
2026-02-05 19:00:00,jueves,-19.33,-43.99,-43.81,-35.93,0.0,-9.27,-11.92,-22.56,-33.88,-28.03,-0.08,1.29,-8.04
2026-02-05 20:00:00,jueves,-19.34,-43.92,-43.71,-35.98,0.0,-9.14,-13.73,-26.13,-31.39,-25.58,-5.18,0.87,-7.07
2026-02-05 21:00:00,jueves,-19.34,-43.92,-43.72,-35.95,0.0,-9.21,-16.79,-23.25,-32.94,-27.15,-5.04,0.63,-6.63
2026-02-05 22:00:00,jueves,-19.33,-44.05,-43.85,-35.9,-3.2,-9.14,-17.75,-21.1,-40.17,-33.85,-4.12,-1.85,-6.69
2026-02-05 23:00:00,jueves,-19.39,-44.21,-44.02,-35.37,-15.07,-9.21,-18.14,-19.13,-47.01,-41.01,-2.24,-13.06,-6.65
2026-02-06 00:00:00,viernes,-19.44,-44.15,-43.97,-35.9,-14.76,-9.41,-17.96,-18.83,-51.64,-45.24,-1.7,-14.16,-6.93
2026-02-06 01:00:00,viernes,-19.43,-44.1,-43.91,-36.25,-15.2,-9.65,-17.2,-19.73,-49.37,-42.97,-2.26,-15.53,-6.98
2026-02-06 02:00:00,viernes,-19.34,-44.14,-43.98,-36.08,-15.2,-9.66,-17.38,-20.37,-50.43,-43.98,-3.53,-15.18,-7.22
2026-02-06 03:00:00,viernes,-19.37,-44.2,-44.07,-36.07,-14.31,-9.7,-16.99,-20.6,-51.68,-45.23,-3.59,-13.89,-7.41
2026-02-06 04:00:00,viernes,-19.37,-43.95,-43.78,-36.13,-14.29,-9.63,-17.62,-18.24,-45.95,-39.53,-1.64,-13.74,-6.4
2026-02-06 05:00:00,viernes,-19.4,-44.2,-43.69,-35.77,-15.02,-9.72,-17.9,-21.09,-54.7,-48.29,-4.66,-14.36,-6.7
2026-02-06 06:00:00,viernes,-19.4,-44.05,-43.6,-35.81,-14.57,-9.66,-18.84,-20.76,-48.53,-42.34,-5.06,-13.77,-6.24
2026-02-06 07:00:00,viernes,-19.36,-44.0,-43.81,-35.82,-14.18,-9.66,-19.94,-20.84,-43.98,-38.06,-5.94,-13.31,-4.82
2026-02-06 08:00:00,viernes,-19.35,-43.89,-43.68,-35.84,-14.18,-9.7,-19.96,-18.83,-37.23,-31.51,-4.14,-13.61,-5.06
2026-02-06 09:00:00,viernes,-19.45,-43.93,-43.74,-35.17,-14.61,-9.7,-20.26,-19.14,-34.95,-29.49,-4.86,-14.53,-6.59
2026-02-06 10:00:00,viernes,-19.45,-44.08,-43.9,-35.0,-16.51,-9.52,-18.56,-23.68,-35.99,-30.46,-7.73,-17.04,-8.26
2026-02-06 11:00:00,viernes,-19.45,-44.06,-43.84,-33.05,-24.47,-7.62,-17.98,-22.47,-35.94,-30.26,-6.28,-21.07,-7.44
2026-02-06 12:00:00,viernes,-19.46,-44.25,-43.99,-33.48,-22.37,-7.14,-15.59,-18.35,-39.46,-33.84,-0.15,-17.8,-7.31
2026-02-06 13:00:00,viernes,-19.45,-44.34,-42.12,-32.5,-24.67,-7.14,-17.05,-20.97,-46.28,-40.78,-4.06,-19.28,-6.13
2026-02-06 14:00:00,viernes,-19.43,-44.26,-44.01,-33.03,-22.14,-7.19,-17.11,-18.64,-37.75,-32.13,-1.75,-17.26,-7.16
2026-02-06 15:00:00,viernes,-19.36,-44.23,-43.79,-33.86,-21.74,-7.12,-16.18,-20.34,-38.7,-33.04,-1.73,-17.5,-6.7
2026-02-06 16:00:00,viernes,-19.34,-44.36,-42.78,-34.47,-22.06,-7.16,-16.89,-19.18,-41.56,-35.96,-1.41,-18.45,-6.18
2026-02-06 17:00:00,viernes,-19.35,-44.39,-42.86,-34.99,-19.58,-7.15,-19.92,-19.08,-42.98,-37.39,-4.42,-16.69,-5.46
2026-02-06 18:00:00,viernes,-19.3,-44.38,-42.54,-35.42,-18.91,-7.65,-17.29,-21.23,-44.39,-38.91,-3.82,-16.92,-5.19
2026-02-06 19:00:00,viernes,-19.25,-44.32,-42.61,-36.64,-17.25,-7.64,-20.44,-16.96,-42.96,-37.29,-2.62,-17.02,-5.43
2026-02-06 20:00:00,viernes,-19.22,-44.38,-42.38,-36.92,-17.57,-7.66,-17.29,-24.46,-42.63,-36.96,-7.36,-17.92,-5.44
2026-02-06 21:00:00,viernes,-19.29,-44.45,-44.07,-37.08,-21.65,-7.31,-19.69,-18.26,-54.48,-48.14,-3.99,-21.7,-7.59
2026-02-06 22:00:00,viernes,-19.31,-44.27,-43.98,-36.55,-22.5,-7.12,-19.99,-15.44,-50.81,-44.24,-1.16,-21.22,-6.76
2026-02-06 23:00:00,viernes,-19.27,-44.33,-44.06,-36.77,-22.65,-7.15,-17.39,-23.81,-51.34,-44.9,-6.66,-21.23,-6.38
2026-02-07 00:00:00,sábado,-19.3,-44.34,-43.81,-37.38,-21.48,-7.12,-21.64,-18.98,-52.44,-45.81,-6.17,-20.38,-6.43
2026-02-07 01:00:00,sábado,-19.29,-44.39,-42.88,-37.56,-20.08,-7.12,-16.51,-27.96,-52.0,-45.36,-10.19,-19.46,-6.38
2026-02-07 02:00:00,sábado,-19.33,-44.41,-41.87,-37.06,-16.96,-7.11,-19.23,-24.47,-47.35,-41.08,-8.28,-15.64,-5.52
2026-02-07 03:00:00,sábado,-19.34,-44.3,-40.75,-36.31,-9.53,-7.09,-15.17,-12.93,-50.7,-44.38,7.24,-7.92,-3.71
2026-02-07 04:00:00,sábado,-19.33,-44.33,-43.5,-35.6,-5.57,-6.1,-16.42,-6.11,-47.49,-41.57,12.36,-2.04,-6.43
2026-02-07 05:00:00,sábado,-19.33,-44.35,-42.3,-35.33,-5.04,-6.12,-14.03,-11.11,-51.43,-45.32,9.61,-1.66,-6.21
2026-02-07 06:00:00,sábado,-19.32,-44.3,-42.79,-34.52,-5.03,-5.83,-14.83,-11.46,-46.34,-40.44,8.53,0.23,-5.65
2026-02-07 07:00:00,sábado,-19.34,-44.3,-42.62,-34.87,-5.03,-6.1,-14.66,-9.67,-52.3,-46.09,10.06,-0.49,-4.52
2026-02-07 08:00:00,sábado,-19.36,-44.26,-43.54,-36.37,-5.03,-6.12,-10.36,-13.39,-48.97,-42.61,7.99,-1.76,-6.38
2026-02-07 09:00:00,sábado,-19.37,-44.28,-41.0,-37.36,-5.04,-6.14,-6.95,-10.1,-49.62,-43.83,13.12,-3.04,-5.03
2026-02-07 10:00:00,sábado,-19.38,-44.39,-40.95,-38.22,-5.03,-6.11,-6.95,-11.78,-43.56,-38.03,11.78,-3.99,-4.95
2026-02-07 11:00:00,sábado,-19.39,-44.32,-42.86,-38.02,-5.03,-6.08,-6.95,-19.84,-39.5,-34.0,5.22,-3.05,-6.85
2026-02-07 12:00:00,sábado,-19.32,-44.35,-43.06,-38.4,-5.03,-6.09,-6.96,-23.56,-41.58,-36.0,-1.98,-4.37,-7.13
2026-02-07 13:00:00,sábado,-19.32,-44.44,-42.4,-35.16,-5.03,-6.13,-6.96,-23.73,-43.43,-37.53,-5.09,-2.84,-6.73
2026-02-07 14:00:00,sábado,-19.28,-44.41,-41.61,-34.35,-5.03,-6.09,-6.97,-25.27,-44.76,-38.88,-6.46,-1.41,-4.87
2026-02-07 15:00:00,sábado,-19.02,-44.32,-42.65,-33.55,-4.46,-6.15,-7.91,-16.68,-44.26,-38.16,0.67,1.0,-5.59
2026-02-07 16:00:00,sábado,-19.21,-44.41,-43.01,-35.96,-0.93,-7.37,-7.97,-20.75,-44.22,-38.27,-5.06,0.88,-6.45
2026-02-07 17:00:00,sábado,-19.14,-44.45,-41.65,-33.77,0.0,-9.14,-7.97,-21.25,-45.61,-39.9,-5.35,1.9,-5.48
2026-02-07 18:00:00,sábado,-19.15,-44.44,-41.27,-31.12,-4.03,-6.74,-7.97,-19.06,-46.27,-40.66,0.8,2.95,-5.15
2026-02-07 19:00:00,sábado,-19.11,-44.4,-40.7,-32.62,-5.04,-6.09,-8.39,-17.1,-48.56,-42.62,2.36,1.49,-4.91
2026-02-07 20:00:00,sábado,-19.1,-44.37,-43.15,-35.1,-5.04,-6.1,-7.97,-20.2,-41.97,-36.12,-2.42,-1.06,-6.49
2026-02-07 21:00:00,sábado,-19.1,-44.32,-43.63,-33.28,-5.09,-6.12,-6.13,-19.84,-51.42,-44.95,-2.7,0.72,-6.4
2026-02-07 22:00:00,sábado,-19.14,-44.35,-44.07,-32.1,-5.07,-6.09,-4.98,-23.47,-47.98,-41.4,-3.22,1.13,-6.45
2026-02-07 23:00:00,sábado,-19.15,-44.38,-44.08,-32.37,-5.07,-6.16,-7.48,-25.34,-51.1,-44.43,-6.18,0.64,-6.64
2026-02-08 00:00:00,domingo,-19.15,-44.34,-43.99,-32.01,-5.08,-6.12,-7.26,-19.05,-51.85,-45.19,1.22,1.15,-7.38
2026-02-08 01:00:00,domingo,-19.2,-44.36,-44.09,-32.38,-5.08,-6.1,-6.41,-20.68,-49.92,-43.4,2.69,1.85,-7.1
2026-02-08 02:00:00,domingo,-19.24,-44.32,-43.38,-32.22,-5.07,-6.12,-7.41,-17.07,-50.83,-44.37,6.09,2.27,-6.86
2026-02-08 03:00:00,domingo,-19.22,-44.1,-40.44,-32.48,-5.07,-6.12,-7.01,-16.19,-49.05,-42.43,9.27,2.17,-3.43
2026-02-08 04:00:00,domingo,-19.24,-44.18,-43.16,-34.62,-5.07,-6.09,-9.9,-9.35,-50.49,-44.13,16.55,0.09,-6.92
2026-02-08 05:00:00,domingo,-19.27,-44.12,-43.99,-35.11,-5.07,-6.11,-11.14,-16.52,-47.33,-40.99,8.57,-0.94,-7.91
2026-02-08 06:00:00,domingo,-19.2,-44.1,-43.97,-34.36,-5.07,-6.16,-13.32,-22.78,-47.07,-40.68,0.49,-0.22,-7.84
2026-02-08 07:00:00,domingo,-19.25,-44.19,-43.98,-33.55,-5.07,-6.09,-8.81,-20.95,-49.09,-42.73,5.84,0.34,-6.91
2026-02-08 08:00:00,domingo,-19.3,-44.16,-43.31,-34.74,-5.07,-6.12,-8.17,-20.48,-51.97,-45.64,6.06,-0.73,-6.03
2026-02-08 09:00:00,domingo,-19.33,-44.08,-43.65,-35.68,-5.07,-6.1,-8.15,-19.48,-43.08,-37.19,7.1,-1.1,-8.02
2026-02-08 10:00:00,domingo,-19.35,-44.18,-43.82,-36.91,-5.07,-6.02,-8.7,-20.85,-44.6,-39.04,8.51,-1.99,-8.07
2026-02-08 11:00:00,domingo,-19.27,-44.2,-43.89,-36.45,-5.07,-6.1,-8.87,-24.59,-40.73,-35.03,5.62,-1.68,-7.98
2026-02-08 12:00:00,domingo,-19.32,-44.23,-43.98,-36.66,-5.07,-6.11,-9.02,-29.8,-42.49,-36.58,-0.27,-1.66,-7.95
2026-02-08 13:00:00,domingo,-19.28,-44.31,-42.38,-37.55,-5.08,-6.11,-10.29,-31.59,-45.66,-39.62,-2.79,-4.17,-7.37
2026-02-08 14:00:00,domingo,-19.22,-44.22,-43.35,-37.74,-5.08,-6.11,-12.73,-29.92,-42.5,-36.68,-3.7,-3.75,-7.71
2026-02-08 15:00:00,domingo,-19.25,-44.25,-44.07,-38.62,-5.08,-6.13,-12.82,-30.02,-42.54,-36.97,-3.24,-4.0,-7.16
2026-02-08 16:00:00,domingo,-19.22,-44.25,-43.59,-38.31,-5.07,-6.11,-13.28,-27.36,-42.2,-36.45,-1.24,-3.77,-6.87
2026-02-08 17:00:00,domingo,-19.2,-44.35,-41.68,-38.46,-5.07,-6.12,-12.18,-26.95,-45.49,-39.55,0.74,-4.28,-5.56
2026-02-08 18:00:00,domingo,-19.19,-44.33,-42.08,-38.03,-5.07,-6.08,-14.8,-24.16,-44.49,-38.56,3.39,-3.55,-5.45
2026-02-08 19:00:00,domingo,-19.19,-44.48,-39.3,-38.43,-5.07,-6.15,-16.45,-21.22,-50.85,-45.06,5.43,-3.8,-3.14
2026-02-08 20:00:00,domingo,-19.2,-44.57,-38.94,-38.18,-5.07,-6.13,-15.74,-23.32,-52.56,-46.84,3.69,-3.86,-2.8
2026-02-08 21:00:00,domingo,-19.19,-44.4,-42.67,-38.46,-5.07,-6.09,-15.4,-24.43,-50.53,-44.57,3.57,-4.77,-6.54
2026-02-08 22:00:00,domingo,-19.19,-44.43,-40.71,-38.24,-5.07,-6.11,-15.91,-20.97,-58.85,-52.38,6.89,-4.29,-4.49
2026-02-08 23:00:00,domingo,-19.21,-44.37,-43.08,-37.68,-5.07,-6.11,-15.64,-21.67,-54.11,-47.33,6.88,-3.82,-5.91
2026-02-09 00:00:00,lunes,-19.18,-44.22,-44.02,-38.39,-5.08,-6.14,-13.96,-26.01,-50.81,-44.21,3.72,-4.15,-6.48
2026-02-09 01:00:00,lunes,-19.22,-44.09,-43.7,-38.25,-5.07,-6.13,-11.78,-32.56,-46.3,-39.82,-1.06,-3.67,-5.71
2026-02-09 02:00:00,lunes,-19.21,-44.27,-43.91,-37.79,-5.07,-6.06,-11.88,-33.73,-49.41,-42.76,-3.09,-2.77,-6.49
2026-02-09 03:00:00,lunes,-19.2,-44.32,-41.82,-37.92,-5.08,-6.14,-14.09,-28.18,-55.16,-48.4,-1.75,-2.76,-4.06
2026-02-09 04:00:00,lunes,-19.15,-44.2,-43.55,-38.21,-5.07,-6.14,-14.97,-24.35,-49.31,-42.83,0.17,-3.49,-6.71
2026-02-09 05:00:00,lunes,-19.25,-44.24,-43.88,-38.17,-5.07,-6.1,-13.53,-18.07,-47.32,-40.87,5.32,-3.66,-7.17
2026-02-09 06:00:00,lunes,-19.28,-44.2,-43.82,-38.1,-5.07,-6.13,-10.3,-13.57,-49.57,-43.23,12.03,-3.42,-6.71
2026-02-09 07:00:00,lunes,-19.31,-44.21,-44.01,-37.86,-5.07,-6.12,-10.0,-21.07,-51.25,-44.85,7.96,-3.12,-6.63
2026-02-09 08:00:00,lunes,-19.32,-44.16,-43.99,-38.02,-5.07,-6.13,-11.97,-30.91,-50.9,-44.6,-2.74,-3.43,-7.53
2026-02-09 09:00:00,lunes,-19.29,-44.19,-43.35,-38.24,-5.07,-6.11,-10.19,-34.41,-49.76,-43.7,-5.06,-3.51,-6.15
2026-02-09 10:00:00,lunes,-19.24,-44.12,-43.82,-38.07,-5.07,-6.09,-11.96,-33.29,-41.78,-36.14,-4.36,-3.24,-6.18
2026-02-09 11:00:00,lunes,-19.21,-44.27,-41.25,-38.49,-5.07,-6.11,-14.6,-27.43,-46.27,-40.57,-1.46,-3.97,-3.93
2026-02-09 12:00:00,lunes,-19.15,-44.25,-43.53,-38.61,-5.07,-6.15,-14.09,-26.3,-44.28,-38.46,-0.88,-4.4,-7.05
2026-02-09 13:00:00,lunes,-19.18,-44.28,-42.64,-38.65,-5.08,-6.11,-12.23,-29.61,-46.88,-41.15,-2.88,-4.95,-5.39
2026-02-09 14:00:00,lunes,-19.19,-44.44,-41.47,-37.84,-5.08,-6.11,-12.1,-28.4,-45.34,-39.79,-1.68,-4.26,-4.37
2026-02-09 15:00:00,lunes,-19.14,-44.52,-39.75,-38.33,-5.08,-6.16,-11.11,-20.81,-47.42,-41.9,6.59,-4.55,-2.14
2026-02-09 16:00:00,lunes,-19.12,-44.58,-37.32,-38.19,-5.08,-6.11,-10.43,-18.3,-49.74,-44.22,9.77,-3.44,-0.23
2026-02-09 17:00:00,lunes,-19.15,-44.43,-40.33,-37.74,-5.08,-6.06,-9.96,-19.93,-44.38,-38.91,8.28,-2.63,-3.26
2026-02-09 18:00:00,lunes,-19.15,-44.38,-40.71,-38.66,-5.08,-6.17,-9.96,-23.55,-45.57,-40.05,4.75,-3.46,-3.27
2026-02-09 19:00:00,lunes,-19.13,-44.54,-38.79,-38.55,-5.07,-6.09,-10.83,-30.28,-49.94,-44.42,-2.64,-3.27,-1.57
2026-02-09 20:00:00,lunes,-19.21,-44.49,-42.04,-38.66,-5.07,-6.09,-11.92,-25.27,-46.47,-40.92,1.23,-3.33,-5.51
2026-02-09 21:00:00,lunes,-19.18,-44.5,-39.94,-38.04,-5.02,-6.19,-12.96,-21.49,-57.1,-50.94,3.89,-3.04,-2.99
2026-02-09 22:00:00,lunes,-19.2,-44.34,-42.77,-38.19,-5.02,-6.08,-12.96,-20.06,-49.6,-43.16,5.39,-3.37,-5.24
2026-02-09 23:00:00,lunes,-19.2,-44.29,-43.46,-37.83,-5.02,-6.11,-11.05,-22.98,-54.88,-48.38,2.24,-3.24,-5.64
2026-02-10 00:00:00,martes,-19.19,-44.42,-41.3,-38.07,-5.02,-6.1,-8.97,-29.55,-58.34,-51.91,-2.74,-3.5,-4.37
2026-02-10 01:00:00,martes,-19.23,-44.28,-43.66,-37.84,-5.02,-6.1,-8.96,-27.37,-52.68,-46.3,-0.96,-3.52,-5.69
2026-02-10 02:00:00,martes,-19.22,-44.24,-42.34,-38.16,-5.01,-6.13,-10.89,-28.51,-55.89,-49.48,-0.93,-2.61,-4.71
2026-02-10 03:00:00,martes,-19.13,-44.43,-36.49,-38.3,-5.02,-6.52,-13.59,-32.91,-63.47,-57.25,-8.55,-2.77,-0.11
2026-02-10 04:00:00,martes,-19.22,-44.5,-36.73,-38.25,-5.01,-7.15,-12.93,-33.24,-61.46,-55.42,-9.98,-3.6,-9.02
2026-02-10 05:00:00,martes,-19.28,-44.38,-36.56,-36.81,-5.01,-7.13,-12.88,-27.8,-60.27,-54.29,-3.39,-1.9,-15.14
2026-02-10 06:00:00,martes,-19.29,-43.55,-36.67,-37.72,-5.01,-7.14,-12.87,-32.1,-61.84,-55.88,-7.59,-2.77,-12.57
2026-02-10 07:00:00,martes,-19.3,-41.81,-37.9,-37.72,-5.01,-7.12,-13.76,-30.46,-65.02,-59.07,-7.33,-3.03,-2.72
2026-02-10 08:00:00,martes,-19.34,-42.35,-38.23,-37.52,-5.01,-7.13,-13.11,-31.7,-59.04,-53.33,-8.16,-3.26,-4.31
2026-02-10 09:00:00,martes,-19.33,-40.67,-39.03,-37.63,-5.01,-7.09,-13.95,-27.82,-61.48,-55.79,-5.26,-3.74,-3.58
2026-02-10 10:00:00,martes,-19.32,-40.84,-39.09,-37.44,-5.02,-7.15,-14.62,-28.48,-60.16,-54.53,-6.96,-3.6,-6.26
2026-02-10 11:00:00,martes,-19.3,-40.8,-38.99,-37.79,-5.02,-7.18,-13.42,-29.0,-61.94,-56.17,-7.33,-3.94,-3.98
2026-02-10 12:00:00,martes,-19.27,-39.89,-39.06,-37.39,-5.01,-7.07,-13.25,-26.52,-63.06,-57.27,-6.07,-3.59,-5.37
2026-02-10 13:00:00,martes,-19.23,-38.26,-39.59,-37.97,-5.02,-7.16,-12.9,-24.99,-67.45,-61.69,-4.39,-4.26,-4.01
2026-02-10 14:00:00,martes,-19.23,-40.12,-41.46,-37.28,-5.02,-7.15,-12.46,-23.52,-57.54,-51.87,-2.47,-3.81,-7.47
2026-02-10 15:00:00,martes,-19.25,-41.22,-41.04,-36.64,-5.01,-7.13,-12.08,-25.76,-57.62,-51.91,-3.71,-2.98,-7.4
2026-02-10 16:00:00,martes,-19.24,-42.86,-40.84,-36.78,-5.01,-7.1,-12.42,-25.05,-50.26,-44.67,-3.83,-2.22,-8.0
2026-02-10 17:00:00,martes,-19.24,-43.13,-40.56,-37.19,-5.01,-7.16,-13.38,-25.95,-51.58,-45.88,-5.64,-2.98,-4.13
2026-02-10 18:00:00,martes,-19.22,-44.04,-40.22,-36.87,-5.01,-7.1,-12.77,-25.75,-53.6,-47.78,-4.34,-2.84,-4.79
2026-02-10 19:00:00,martes,-19.25,-44.16,-40.97,-36.94,-5.01,-7.17,-12.68,-27.01,-53.45,-47.74,-3.77,-2.99,-6.0
2026-02-10 20:00:00,martes,-19.24,-44.49,-38.84,-35.86,-5.01,-7.15,-12.21,-26.85,-55.32,-49.6,-0.9,-2.22,-4.83
2026-02-10 21:00:00,martes,-19.24,-44.38,-40.72,-37.33,-5.01,-7.1,-12.87,-28.93,-59.25,-53.09,-3.56,-3.83,-5.74
2026-02-10 22:00:00,martes,-19.26,-44.45,-38.44,-36.51,-5.01,-7.15,-13.23,-27.57,-61.53,-55.38,-2.59,-3.07,-3.24
2026-02-10 23:00:00,martes,-19.26,-42.36,-32.65,-37.02,-5.01,-7.13,-13.29,-28.0,-64.12,-58.17,-2.89,-3.43,-3.01
2026-02-11 00:00:00,miércoles,-19.24,-40.49,-32.5,-37.75,-5.01,-7.15,-15.15,-24.79,-57.51,-51.65,-1.53,-3.99,-5.9
2026-02-11 01:00:00,miércoles,-19.24,-40.4,-32.51,-38.65,-5.01,-7.13,-15.16,-22.3,-48.31,-42.64,0.95,-4.58,-5.08
2026-02-11 02:00:00,miércoles,-19.31,-39.4,-34.5,-38.38,-5.01,-7.03,-14.96,-26.95,-39.37,-33.46,-3.58,-4.27,-2.44
2026-02-11 03:00:00,miércoles,-19.23,-39.7,-41.96,-38.34,-5.01,-7.34,-14.48,-33.72,-27.26,-21.41,-11.08,-4.65,-10.02
2026-02-11 04:00:00,miércoles,-19.33,-40.31,-42.5,-37.32,-5.01,-7.66,-15.57,-31.97,-44.07,-37.98,-10.43,-4.32,-11.63
2026-02-11 05:00:00,miércoles,-19.35,-40.81,-42.64,-37.27,-5.01,-7.65,-16.15,-34.28,-47.1,-40.91,-14.36,-4.54,-11.51
2026-02-11 06:00:00,miércoles,-19.31,-39.31,-42.29,-37.88,-5.01,-7.62,-15.04,-34.97,-48.15,-41.85,-15.3,-4.2,-10.19
2026-02-11 07:00:00,miércoles,-19.36,-39.15,-42.0,-37.32,-5.01,-7.64,-15.55,-33.73,-42.63,-36.39,-14.97,-3.13,-8.29
2026-02-11 08:00:00,miércoles,-19.29,-39.1,-41.7,-38.28,-1.11,-8.96,-16.85,-30.45,-41.89,-35.83,-13.24,-2.02,-8.78
2026-02-11 09:00:00,miércoles,-19.33,-39.17,-41.38,-38.7,0.0,-9.62,-15.12,-30.32,-33.4,-27.57,-11.47,-2.3,-8.38
2026-02-11 10:00:00,miércoles,-19.31,-41.4,-41.12,-37.93,0.0,-9.68,-14.96,-27.06,-33.25,-27.61,-8.11,-2.03,-9.82
2026-02-11 11:00:00,miércoles,-19.33,-43.61,-38.28,-38.11,0.0,-9.72,-14.97,-27.29,-32.1,-26.54,-8.3,-2.01,-7.8
2026-02-11 12:00:00,miércoles,-19.28,-44.07,-38.14,-38.43,0.0,-9.68,-14.57,-25.05,-35.08,-29.25,-5.76,-1.72,-6.62
2026-02-11 13:00:00,miércoles,-19.2,-43.88,-41.43,-38.58,0.0,-9.71,-14.8,-23.35,-29.52,-23.87,-4.67,-2.19,-8.8
2026-02-11 14:00:00,miércoles,-19.23,-44.18,-37.94,-38.25,0.0,-9.69,-15.5,-23.26,-38.95,-33.09,-5.03,-1.79,-5.66
2026-02-11 15:00:00,miércoles,-19.15,-44.19,-39.96,-38.82,0.0,-9.69,-13.85,-24.97,-41.93,-35.95,-4.99,-2.99,-6.93
2026-02-11 16:00:00,miércoles,-19.24,-44.06,-41.99,-37.97,0.0,-9.67,-11.47,-10.59,-36.26,-30.44,11.21,-1.95,-8.67
2026-02-11 17:00:00,miércoles,-19.27,-44.09,-41.63,-38.68,0.0,-9.74,-11.51,-5.8,-39.22,-33.38,16.1,-2.4,-8.9
2026-02-11 18:00:00,miércoles,-19.29,-44.31,-40.48,-38.67,0.0,-9.71,-13.04,-6.72,-39.31,-33.63,14.24,-2.05,-7.07
2026-02-11 19:00:00,miércoles,-19.3,-44.33,-41.67,-38.59,0.0,-9.71,-12.01,-7.63,-40.73,-34.99,14.43,-1.91,-8.54
2026-02-11 20:00:00,miércoles,-19.34,-44.5,-38.69,-38.1,0.0,-9.69,-11.9,-13.01,-53.02,-47.31,8.83,-1.43,-4.56
2026-02-11 21:00:00,miércoles,-19.34,-44.31,-42.62,-38.71,0.0,-9.7,-13.64,-24.8,-48.97,-42.9,-4.16,-2.14,-7.24
2026-02-11 22:00:00,miércoles,-19.31,-44.24,-41.55,-38.51,0.0,-9.66,-12.07,-27.49,-56.0,-49.75,-5.01,-1.76,-5.62
2026-02-11 23:00:00,miércoles,-19.24,-44.26,-41.6,-38.64,0.0,-9.67,-12.11,-34.09,-55.57,-49.22,-10.92,-2.01,-5.36
2026-02-12 00:00:00,jueves,-19.29,-44.28,-41.43,-38.23,0.0,-9.68,-12.04,-36.71,-57.45,-51.15,-13.03,-2.11,-5.2
2026-02-12 01:00:00,jueves,-19.33,-44.31,-43.2,-38.46,0.0,-9.68,-13.54,-31.09,-53.21,-46.99,-8.48,-1.78,-6.87
2026-02-12 02:00:00,jueves,-19.31,-44.3,-41.62,-38.76,0.0,-9.7,-13.92,-28.72,-57.43,-51.23,-5.98,-2.41,-5.19
2026-02-12 03:00:00,jueves,-19.31,-44.31,-41.69,-38.57,0.0,-9.71,-13.93,-29.71,-57.47,-51.23,-6.66,-2.68,-5.47
2026-02-12 04:00:00,jueves,-19.33,-44.24,-43.88,-38.73,0.0,-11.08,-13.02,-26.09,-52.75,-46.45,-2.08,-4.96,-7.66
2026-02-12 05:00:00,jueves,-19.28,-44.23,-42.34,-38.5,0.0,-11.21,-12.69,-27.82,-56.75,-50.53,-2.89,-4.79,-5.41
2026-02-12 06:00:00,jueves,-19.33,-44.29,-42.01,-4.73,0.0,-4.31,-11.37,-23.32,-56.11,-49.81,2.55,32.47,-5.48
2026-02-12 07:00:00,jueves,-19.35,-44.34,-39.91,-7.29,0.0,-0.78,-13.66,-22.17,-63.04,-56.71,2.8,34.29,-3.92
2026-02-12 08:00:00,jueves,-19.38,-44.28,-40.23,-17.09,0.0,-7.25,-13.71,-24.97,-60.59,-54.45,2.03,18.62,-4.31
2026-02-12 09:00:00,jueves,-19.41,-44.2,-42.48,-34.11,0.0,-8.14,-15.92,-27.44,-51.8,-45.95,-2.52,1.74,-6.99
2026-02-12 10:00:00,jueves,-19.4,-44.33,-38.69,-37.81,0.0,-8.51,-18.72,-22.98,-53.4,-47.66,-0.7,-0.81,-3.92
2026-02-12 11:00:00,jueves,-19.46,-44.18,-40.25,-37.74,0.0,-8.72,-25.0,-21.64,-40.13,-34.49,-5.59,-1.1,-5.78
2026-02-12 12:00:00,jueves,-19.44,-44.37,-35.56,-37.98,0.0,-8.86,-24.91,-19.26,-45.38,-39.75,-5.22,-1.54,-2.15
2026-02-12 13:00:00,jueves,-19.44,-44.44,-36.75,-38.01,0.0,-9.17,-25.13,-23.44,-43.3,-37.51,-8.35,-1.77,-4.04
2026-02-12 14:00:00,jueves,-19.37,-44.2,-40.14,-37.47,-1.99,-9.18,-24.83,-19.68,-39.79,-34.07,-4.28,-2.98,-6.83
2026-02-12 15:00:00,jueves,-19.28,-42.29,-29.43,-37.96,-7.32,-9.14,-26.31,-16.62,-56.97,-51.03,-2.31,-7.71,0.5
2026-02-12 16:00:00,jueves,-19.22,-41.53,-30.36,-38.16,-9.61,-9.22,-25.96,-18.87,-52.71,-46.86,-4.16,-10.21,-1.88
2026-02-12 17:00:00,jueves,-19.18,-41.47,-30.01,-35.87,-29.25,-8.74,-25.61,-23.97,-51.64,-45.81,-9.08,-27.2,-1.43
2026-02-12 18:00:00,jueves,-17.67,-41.51,-27.02,-35.21,-29.82,-8.65,-24.31,-28.81,-56.38,-50.54,-12.48,-26.86,2.87
2026-02-12 19:00:00,jueves,-15.95,-41.57,-33.78,-35.37,-26.28,-8.59,-25.31,-24.48,-61.54,-55.62,-9.95,-23.54,-1.84
2026-02-12 20:00:00,jueves,-15.95,-41.51,-33.66,-35.0,-22.86,-8.87,-24.59,-24.86,-61.08,-55.08,-9.61,-20.08,-1.16
2026-02-12 21:00:00,jueves,-15.95,-41.5,-33.99,-35.68,-25.97,-8.9,-25.06,-26.49,-51.08,-45.03,-11.52,-23.76,-2.93
2026-02-12 22:00:00,jueves,-15.95,-41.48,-33.27,-35.71,-28.85,-8.65,-25.9,-26.0,-47.09,-40.66,-11.2,-26.25,-2.79
2026-02-12 23:00:00,jueves,-15.96,-41.51,-32.1,-36.99,-25.95,-8.66,-24.36,-24.01,-38.29,-31.91,-7.96,-24.9,-1.6
2026-02-13 00:00:00,viernes,-15.96,-41.5,-35.59,-36.3,-29.82,-7.67,-23.43,-24.57,-30.78,-24.37,-9.04,-27.11,-4.48
2026-02-13 01:00:00,viernes,-15.96,-41.52,-30.19,-36.96,-31.8,-5.94,-24.39,-20.84,-41.13,-34.72,-5.0,-28.61,1.66
2026-02-13 02:00:00,viernes,-15.96,-41.5,-33.98,-37.35,-30.93,-6.11,-25.85,-24.16,-35.79,-29.5,-8.85,-28.19,-1.64
2026-02-13 03:00:00,viernes,-15.96,-41.55,-31.45,-37.7,-22.4,-8.13,-25.81,-22.96,-41.49,-35.35,-8.19,-21.77,2.85
2026-02-13 04:00:00,viernes,-15.96,-41.52,-32.49,-37.92,-22.02,-8.14,-25.71,-21.47,-38.38,-32.44,-6.29,-21.08,2.98
2026-02-13 05:00:00,viernes,-15.96,-41.5,-38.57,-37.94,-26.09,-8.18,-26.13,-22.85,-27.06,-21.17,-8.69,-25.28,-4.34
2026-02-13 06:00:00,viernes,-16.22,-41.53,-34.96,-37.99,-24.53,-8.15,-26.41,-21.99,-34.95,-29.14,-7.92,-24.19,-0.07
2026-02-13 07:00:00,viernes,-16.91,-41.5,-34.68,-37.67,-22.84,-9.0,-25.5,-21.16,-36.3,-30.42,-5.89,-23.17,-1.12
2026-02-13 08:00:00,viernes,-16.71,-41.43,-31.34,-37.04,-24.11,-9.21,-25.54,-23.02,-41.47,-35.59,-8.05,-23.75,2.47
2026-02-13 09:00:00,viernes,-16.41,-41.53,-32.21,-37.02,-24.95,-8.87,-25.65,-22.83,-43.76,-37.9,-7.89,-24.25,2.35
2026-02-13 10:00:00,viernes,-16.41,-41.58,-35.36,-36.63,-27.98,-8.65,-27.18,-18.79,-48.81,-42.86,-5.18,-26.85,0.22
2026-02-13 11:00:00,viernes,-17.11,-41.48,-32.62,-36.68,-23.56,-8.68,-26.3,-21.45,-56.96,-50.95,-6.72,-23.0,2.07
2026-02-13 12:00:00,viernes,-18.81,-41.76,-35.34,-36.35,-24.66,-8.67,-25.15,-25.52,-55.46,-49.46,-9.97,-23.54,-1.06
2026-02-13 13:00:00,viernes,-19.14,-43.9,-32.68,-36.34,-22.64,-8.67,-25.96,-21.61,-54.3,-48.33,-7.94,-20.64,-1.78
2026-02-13 14:00:00,viernes,-19.13,-43.76,-29.45,-36.39,-20.36,-8.65,-24.8,-19.99,-60.53,-54.46,-5.55,-19.3,1.11
2026-02-13 15:00:00,viernes,-19.13,-43.26,-31.33,-37.32,-21.46,-8.66,-23.87,-17.89,-58.55,-52.35,-2.09,-20.57,-0.85
2026-02-13 16:00:00,viernes,-19.18,-41.9,-30.01,-36.46,-22.58,-8.68,-23.52,-14.95,-62.36,-56.22,1.35,-20.53,2.3
2026-02-13 17:00:00,viernes,-19.09,-41.14,-34.43,-36.55,-24.96,-8.64,-24.77,-14.81,-56.31,-50.15,0.69,-22.72,-1.21
2026-02-13 18:00:00,viernes,-19.15,-41.54,-34.62,-35.85,-29.56,-8.64,-23.56,-18.95,-55.75,-49.28,-2.16,-26.6,-1.72
2026-02-13 19:00:00,viernes,-19.03,-42.74,-34.19,-36.46,-23.7,-8.69,-18.06,-30.16,-55.56,-49.06,-9.14,-21.72,-2.69
2026-02-13 20:00:00,viernes,-19.09,-42.9,-34.99,-35.99,-21.78,-8.68,-24.55,-16.06,-54.24,-48.12,-1.25,-19.56,-3.09
2026-02-13 21:00:00,viernes,-19.03,-43.73,-35.21,-36.65,-24.2,-8.67,-26.88,-13.69,-54.84,-48.54,-0.47,-22.22,-2.96
2026-02-13 22:00:00,viernes,-19.01,-42.81,-38.47,-36.63,-25.04,-8.67,-25.38,-18.53,-60.31,-53.9,-3.06,-23.1,-4.82
2026-02-13 23:00:00,viernes,-19.11,-43.85,-36.42,-37.03,-25.8,-8.66,-26.25,-17.79,-65.84,-59.41,-3.16,-24.71,-4.27
2026-02-14 00:00:00,sábado,-19.16,-43.62,-35.33,-37.04,-26.75,-8.65,-26.33,-21.26,-66.31,-59.88,-6.71,-26.03,-2.81
2026-02-14 01:00:00,sábado,-19.14,-43.9,-38.77,-36.91,-26.84,-8.64,-25.32,-23.4,-58.52,-52.31,-9.14,-25.37,-6.11
2026-02-14 02:00:00,sábado,-19.17,-43.9,-34.64,-36.9,-27.86,-8.69,-23.35,-21.56,-64.93,-58.63,-6.43,-26.05,-2.51
2026-02-14 03:00:00,sábado,-19.15,-43.89,-37.6,-37.4,-24.6,-8.68,-23.99,-22.79,-55.93,-49.74,-8.28,-23.07,-5.21
2026-02-14 04:00:00,sábado,-19.21,-43.92,-38.25,-37.05,-26.24,-8.65,-23.1,-24.76,-55.08,-48.74,-9.48,-24.46,-5.85
2026-02-14 05:00:00,sábado,-19.29,-43.86,-38.86,-36.82,-25.06,-8.66,-24.24,-24.98,-54.51,-48.26,-10.84,-23.02,-4.46
2026-02-14 06:00:00,sábado,-19.29,-44.26,-41.89,-36.82,-26.44,-8.66,-25.84,-22.84,-49.09,-42.82,-9.95,-24.46,-8.02
2026-02-14 07:00:00,sábado,-19.26,-44.7,-41.01,-36.91,-27.3,-8.64,-25.47,-24.09,-51.35,-45.16,-10.69,-25.97,-7.03
2026-02-14 08:00:00,sábado,-19.27,-44.77,-41.37,-35.85,-28.46,-8.68,-26.25,-25.29,-52.65,-46.56,-12.87,-26.35,-7.89
2026-02-14 09:00:00,sábado,-19.23,-44.68,-39.02,-35.61,-28.91,-8.65,-26.72,-25.57,-54.79,-48.67,-13.93,-26.39,-5.09
2026-02-14 10:00:00,sábado,-19.25,-44.6,-37.07,-35.01,-28.78,-8.66,-26.77,-25.31,-55.06,-48.85,-13.36,-26.12,-3.19
2026-02-14 11:00:00,sábado,-19.28,-44.63,-39.25,-35.15,-27.21,-8.67,-26.0,-27.32,-55.48,-49.24,-15.37,-28.38,-4.87
2026-02-14 12:00:00,sábado,-19.29,-44.61,-37.79,-34.75,-22.72,-8.68,-25.9,-25.25,-59.19,-52.94,-13.32,-23.45,-3.02
2026-02-14 13:00:00,sábado,-19.24,-44.69,-36.66,-33.65,-25.52,-8.66,-26.46,-23.47,-61.17,-54.94,-11.38,-25.21,-2.11
2026-02-14 14:00:00,sábado,-19.23,-44.63,-37.41,-33.4,-27.46,-8.68,-25.66,-22.49,-60.17,-53.76,-10.67,-26.6,-2.57
2026-02-14 15:00:00,sábado,-19.21,-44.7,-35.16,-34.48,-26.62,-8.66,-25.89,-21.68,-63.38,-56.88,-8.52,-25.41,-1.57
2026-02-14 16:00:00,sábado,-19.23,-44.53,-39.23,-33.63,-29.78,-8.65,-29.96,-12.68,-55.04,-48.94,-0.32,-29.22,-4.72
2026-02-14 17:00:00,sábado,-19.19,-44.65,-37.29,-32.15,-29.91,-8.64,-29.49,-13.2,-60.17,-54.12,0.93,-28.84,-2.67
2026-02-14 18:00:00,sábado,-19.23,-44.7,-37.7,-29.9,-31.13,-8.63,-29.69,-15.13,-60.12,-54.18,-1.84,-32.21,-3.74
2026-02-14 19:00:00,sábado,-19.1,-44.65,-36.53,-25.42,-24.41,-8.7,-30.26,-21.38,-60.51,-54.56,-6.55,-22.49,-2.62
2026-02-14 20:00:00,sábado,-19.17,-44.66,-38.06,-25.56,-17.13,-8.71,-29.58,-24.45,-58.81,-52.87,-9.81,-15.76,-3.89
2026-02-14 21:00:00,sábado,-19.21,-44.64,-38.06,-23.0,-23.1,-8.62,-29.2,-25.75,-60.84,-54.81,-11.74,-19.53,-3.52
2026-02-14 22:00:00,sábado,-19.18,-44.6,-37.44,-13.79,-31.02,-8.67,-28.29,-25.6,-61.14,-55.11,-7.78,-20.17,-2.61
2026-02-14 23:00:00,sábado,-19.24,-44.67,-38.46,-11.81,-32.51,-8.67,-27.98,-26.1,-59.05,-53.1,-7.53,-21.02,-4.43
2026-02-15 00:00:00,domingo,-19.32,-45.04,-39.65,-14.31,-30.37,-8.65,-27.29,-24.81,-56.63,-50.56,-5.8,-19.52,-5.89
2026-02-15 01:00:00,domingo,-19.31,-44.68,-44.11,-18.0,-24.04,-8.66,-27.28,-25.48,-51.58,-45.01,-8.15,-12.4,-9.24
2026-02-15 02:00:00,domingo,-19.29,-44.96,-41.02,-22.75,-15.56,-8.38,-26.89,-25.66,-58.4,-51.69,-7.61,-3.06,-6.48
2026-02-15 03:00:00,domingo,-19.35,-45.13,-43.3,-34.59,-14.58,-7.74,-27.78,-25.56,-52.36,-45.76,-6.31,-11.53,-8.36
2026-02-15 04:00:00,domingo,-19.31,-44.88,-42.95,-37.24,-11.54,-7.9,-28.34,-25.99,-53.16,-46.39,-7.42,-10.75,-7.44
2026-02-15 05:00:00,domingo,-19.31,-44.54,-40.6,-37.85,-18.11,-8.66,-27.31,-25.21,-60.86,-54.24,-6.71,-19.03,-4.99
2026-02-15 06:00:00,domingo,-19.34,-44.49,-41.67,-37.81,-18.27,-8.68,-27.27,-25.44,-55.33,-48.87,-6.4,-18.85,-6.0
2026-02-15 07:00:00,domingo,-19.31,-44.46,-41.14,-37.5,-16.7,-8.65,-28.71,-22.73,-56.42,-49.88,-4.62,-16.65,-4.94
2026-02-15 08:00:00,domingo,-19.32,-44.46,-42.82,-37.01,-16.19,-8.66,-28.71,-21.31,-52.41,-46.06,-3.77,-15.33,-7.51
2026-02-15 09:00:00,domingo,-19.35,-44.39,-40.48,-37.74,-15.79,-8.63,-28.49,-21.84,-53.73,-47.94,-4.57,-16.14,-5.32
2026-02-15 10:00:00,domingo,-19.37,-44.44,-41.27,-38.88,-20.9,-8.7,-28.85,-23.43,-53.16,-47.3,-6.58,-22.14,-6.41
2026-02-15 11:00:00,domingo,-19.34,-44.54,-39.14,-38.25,-22.64,-8.66,-28.86,-22.28,-61.54,-55.74,-5.09,-22.85,-3.9
2026-02-15 12:00:00,domingo,-19.22,-44.5,-36.98,-36.05,-24.87,-8.66,-28.92,-19.84,-62.0,-56.17,-3.07,-23.18,-2.46
2026-02-15 13:00:00,domingo,-19.31,-44.45,-39.87,-36.77,-23.3,-8.67,-28.26,-22.06,-52.54,-46.57,-4.41,-22.74,-7.25
2026-02-15 14:00:00,domingo,-19.27,-44.53,-37.3,-38.09,-14.66,-8.66,-27.78,-21.8,-59.62,-53.5,-3.39,-15.57,-3.13
2026-02-15 15:00:00,domingo,-19.19,-44.52,-38.49,-38.05,-12.83,-8.65,-28.01,-21.53,-55.44,-49.19,-3.33,-13.53,-3.57
2026-02-15 16:00:00,domingo,-19.14,-44.5,-40.15,-37.11,-18.23,-8.68,-28.65,-19.66,-55.68,-49.4,-2.06,-17.35,-5.26
2026-02-15 17:00:00,domingo,-19.1,-44.59,-35.22,-36.94,-17.48,-8.66,-27.86,-20.64,-60.92,-54.75,-2.32,-17.0,-7.24
2026-02-15 18:00:00,domingo,-19.15,-42.55,-35.38,-35.9,-18.0,-8.66,-28.22,-22.75,-62.07,-56.04,-4.72,-16.36,-11.37
2026-02-15 19:00:00,domingo,-19.08,-40.94,-34.53,-36.59,-14.93,-8.68,-28.11,-23.52,-57.66,-51.78,-5.19,-13.25,-8.01
2026-02-15 20:00:00,domingo,-19.12,-41.02,-34.96,-36.56,-15.66,-8.62,-28.21,-23.4,-51.32,-45.52,-5.31,-14.81,-9.34
2026-02-15 21:00:00,domingo,-19.03,-40.87,-32.57,-36.56,-22.01,-8.96,-28.2,-25.09,-56.56,-50.46,-6.77,-21.03,-3.68
2026-02-15 22:00:00,domingo,-19.08,-40.88,-32.75,-37.62,-22.48,-9.17,-28.74,-29.03,-58.66,-52.41,-10.68,-22.42,-0.81
2026-02-15 23:00:00,domingo,-19.09,-41.53,-38.89,-37.36,-18.58,-9.19,-26.83,-30.12,-43.11,-37.03,-9.91,-17.91,-6.2
2026-02-16 00:00:00,lunes,-19.1,-41.13,-34.84,-37.05,-22.04,-9.17,-27.8,-24.64,-49.38,-43.34,-6.4,-21.35,-2.57
2026-02-16 01:00:00,lunes,-19.13,-43.36,-31.07,-37.36,-23.61,-9.18,-26.64,-29.51,-52.18,-46.01,-10.61,-23.48,-1.59
2026-02-16 02:00:00,lunes,-19.04,-44.2,-40.13,-37.07,-21.66,-9.16,-27.3,-31.4,-36.88,-30.93,-12.63,-20.37,-10.34
2026-02-16 03:00:00,lunes,-19.13,-44.45,-35.07,-38.2,-19.84,-9.15,-27.38,-32.71,-52.99,-46.92,-13.13,-19.2,-4.78
2026-02-16 04:00:00,lunes,-19.14,-44.58,-35.34,-38.67,-19.79,-9.19,-28.45,-30.93,-54.13,-47.83,-12.49,-19.81,-4.98
2026-02-16 05:00:00,lunes,-19.19,-44.53,-37.32,-38.65,-19.81,-9.17,-27.29,-31.93,-49.05,-42.75,-12.32,-20.37,-5.47
2026-02-16 06:00:00,lunes,-19.2,-44.61,-31.87,-38.34,-21.46,-9.2,-28.29,-30.13,-58.48,-51.94,-11.15,-21.43,-0.43
2026-02-16 07:00:00,lunes,-19.2,-44.29,-38.19,-38.67,-20.97,-9.12,-28.22,-31.36,-44.58,-38.15,-12.12,-20.91,-5.42
2026-02-16 08:00:00,lunes,-19.22,-44.19,-41.51,-38.43,-24.67,-9.17,-27.44,-32.53,-37.09,-31.0,-13.53,-25.0,-9.34
2026-02-16 09:00:00,lunes,-19.27,-44.29,-41.06,-38.0,-22.95,-9.13,-26.91,-32.57,-37.88,-32.1,-12.96,-23.16,-9.34
2026-02-16 10:00:00,lunes,-19.31,-44.29,-41.1,-37.31,-19.17,-9.15,-26.31,-30.51,-38.24,-32.33,-10.09,-18.6,-8.83
2026-02-16 11:00:00,lunes,-19.26,-44.32,-38.0,-37.54,-17.38,-9.16,-26.33,-30.19,-39.03,-32.86,-9.78,-17.37,-6.81
2026-02-16 12:00:00,lunes,-19.22,-43.91,-37.55,-37.28,-16.91,-9.16,-26.74,-33.05,-29.18,-23.29,-12.95,-17.48,-5.42
2026-02-16 13:00:00,lunes,-19.19,-43.95,-36.84,-37.04,-15.72,-9.19,-29.2,-29.32,-28.85,-23.15,-11.99,-15.85,-5.14
2026-02-16 14:00:00,lunes,-19.12,-43.87,-36.18,-36.22,-13.15,-9.17,-28.36,-27.26,-28.34,-22.63,-8.8,-12.3,-4.97
2026-02-16 15:00:00,lunes,-19.13,-43.89,-36.69,-35.43,-11.95,-9.18,-26.61,-29.25,-25.38,-19.66,-9.29,-10.21,-6.25
2026-02-16 16:00:00,lunes,-19.18,-44.01,-27.27,-32.91,-16.56,-9.16,-26.29,-27.81,-28.35,-22.4,-8.36,-12.48,3.51
2026-02-16 17:00:00,lunes,-19.15,-43.69,-33.99,-35.34,-12.33,-9.16,-26.49,-29.27,-23.09,-17.13,-11.41,-11.11,-3.12
2026-02-16 18:00:00,lunes,-19.09,-43.46,-30.54,-36.37,-9.26,-9.17,-26.58,-30.61,-20.9,-14.97,-10.41,-8.53,1.5
2026-02-16 19:00:00,lunes,-19.05,-43.24,-38.77,-37.2,-5.43,-9.2,-27.96,-28.83,-20.67,-14.82,-10.17,-5.71,-5.91
2026-02-16 20:00:00,lunes,-19.08,-43.51,-35.16,-37.0,-6.79,-9.17,-27.31,-32.4,-27.35,-21.47,-13.31,-6.53,-1.91
2026-02-16 21:00:00,lunes,-19.07,-42.98,-38.64,-38.01,-12.06,-9.19,-26.68,-37.35,-18.52,-12.63,-17.32,-12.55,-4.33
2026-02-16 22:00:00,lunes,-19.14,-42.14,-41.4,-37.97,-16.3,-9.17,-27.95,-30.92,-13.51,-7.71,-11.8,-16.47,-6.8
2026-02-16 23:00:00,lunes,-19.1,-43.41,-36.68,-37.86,-16.83,-9.16,-26.43,-33.61,-20.46,-14.61,-12.91,-17.02,-4.49
2026-02-17 00:00:00,martes,-19.07,-43.34,-37.85,-37.5,-20.22,-9.17,-26.79,-36.14,-20.88,-15.16,-16.1,-20.27,-5.18
2026-02-17 01:00:00,martes,-19.15,-43.29,-40.25,-37.45,-21.61,-9.16,-27.11,-35.46,-22.89,-17.08,-15.91,-21.9,-8.41
2026-02-17 02:00:00,martes,-19.1,-43.94,-35.36,-37.58,-20.41,-9.17,-26.89,-33.79,-33.46,-27.42,-14.25,-20.1,-3.4
2026-02-17 03:00:00,martes,-19.13,-43.61,-37.41,-37.84,-19.74,-9.16,-22.57,-41.33,-23.68,-17.82,-20.89,-20.19,-4.7
2026-02-17 04:00:00,martes,-19.16,-43.15,-36.9,-37.77,-22.37,-9.17,-15.34,-39.77,-19.98,-14.06,-16.02,-22.28,-3.61
2026-02-17 05:00:00,martes,-19.11,-43.29,-37.22,-37.79,-23.1,-9.17,-20.89,-25.25,-17.71,-11.91,-7.58,-23.11,-3.9
2026-02-17 06:00:00,martes,-19.1,-43.83,-32.67,-37.57,-24.11,-9.16,-20.26,-28.29,-26.66,-20.73,-9.46,-24.04,-0.68
2026-02-17 07:00:00,martes,-19.14,-43.28,-37.43,-37.71,-21.14,-9.19,-20.91,-35.36,-18.92,-13.03,-17.81,-21.77,-5.54
2026-02-17 08:00:00,martes,-19.14,-43.03,-38.15,-37.17,-22.54,-9.16,-25.31,-28.95,-18.15,-12.33,-15.15,-22.6,-6.22
2026-02-17 09:00:00,martes,-19.17,-43.46,-35.92,-37.33,-23.13,-9.16,-25.18,-29.71,-21.13,-15.29,-14.78,-23.38,-4.06
2026-02-17 10:00:00,martes,-19.19,-40.29,-41.46,-37.87,-20.33,-9.18,-25.28,-25.75,-13.73,-7.89,-10.45,-20.49,-6.58
2026-02-17 11:00:00,martes,-19.14,-43.44,-37.01,-38.29,-15.58,-9.21,-24.55,-24.58,-20.32,-14.44,-8.84,-17.11,-4.53
2026-02-17 12:00:00,martes,-19.11,-43.39,-36.96,-38.47,-14.94,-9.19,-26.02,-22.84,-22.54,-16.51,-9.31,-16.6,-5.0
2026-02-17 13:00:00,martes,-19.16,-43.11,-40.13,-38.71,-18.68,-9.16,-24.24,-29.92,-16.3,-10.4,-15.97,-19.41,-7.59
2026-02-17 14:00:00,martes,-19.15,-43.13,-39.07,-38.03,-22.44,-9.18,-21.07,-26.12,-17.42,-11.59,-10.43,-23.3,-5.96
2026-02-17 15:00:00,martes,-19.11,-43.68,-36.66,-38.1,-21.25,-9.18,-20.45,-34.08,-28.24,-22.19,-17.65,-21.69,-3.64
2026-02-17 16:00:00,martes,-19.09,-44.03,-33.58,-38.21,-23.99,-9.15,-21.42,-32.72,-33.63,-27.43,-17.14,-24.67,-0.56
2026-02-17 17:00:00,martes,-19.08,-44.17,-34.58,-38.39,-22.73,-9.18,-22.43,-29.25,-40.75,-34.38,-14.93,-23.86,-1.3
2026-02-17 18:00:00,martes,-19.06,-44.19,-40.15,-38.14,-22.55,-9.2,-22.85,-29.56,-46.06,-39.58,-12.42,-22.92,-5.2
2026-02-17 19:00:00,martes,-19.13,-44.17,-40.46,-38.09,-20.37,-9.14,-20.83,-28.39,-48.3,-41.58,-8.47,-20.45,-6.05
2026-02-17 20:00:00,martes,-19.1,-44.3,-41.46,-37.95,-20.34,-9.15,-21.84,-25.61,-48.49,-41.8,-7.63,-20.58,-6.49
2026-02-17 21:00:00,martes,-19.07,-44.37,-41.57,-37.99,-24.9,-9.18,-21.86,-33.38,-52.47,-45.75,-14.47,-25.19,-6.07
2026-02-17 22:00:00,martes,-19.06,-44.38,-40.94,-37.87,-24.41,-9.17,-21.55,-35.43,-54.55,-47.97,-15.43,-24.9,-5.44
2026-02-17 23:00:00,martes,-19.05,-44.5,-40.49,-37.97,-24.56,-9.18,-21.31,-34.81,-56.06,-49.29,-16.14,-25.45,-5.78
2026-02-18 00:00:00,miércoles,-19.06,-44.43,-40.61,-37.51,-23.87,-9.2,-19.74,-35.93,-56.96,-50.06,-16.46,-23.72,-6.01
2026-02-18 01:00:00,miércoles,-19.05,-44.42,-42.71,-38.03,-23.94,-9.17,-19.76,-35.92,-51.97,-45.14,-17.91,-23.42,-7.42
2026-02-18 02:00:00,miércoles,-19.1,-44.41,-42.52,-38.45,-20.25,-9.18,-19.53,-31.37,-51.3,-44.49,-13.98,-20.74,-7.48
2026-02-18 03:00:00,miércoles,-19.07,-44.42,-42.37,-38.68,-18.97,-9.18,-21.53,-23.91,-55.0,-48.15,-7.17,-19.34,-7.5
2026-02-18 04:00:00,miércoles,-19.07,-44.4,-41.8,-38.61,-24.21,-9.18,-23.78,-20.27,-55.66,-48.76,-3.39,-24.17,-6.24
2026-02-18 05:00:00,miércoles,-19.11,-44.4,-42.55,-38.88,-25.07,-9.18,-22.81,-23.83,-53.22,-46.99,-5.8,-26.31,-7.76
2026-02-18 06:00:00,miércoles,-19.13,-44.49,-40.75,-38.51,-22.88,-9.17,-24.96,-20.44,-57.32,-50.85,-4.49,-23.33,-5.47
2026-02-18 07:00:00,miércoles,-19.13,-44.45,-41.31,-38.75,-22.7,-9.17,-24.26,-21.84,-55.11,-48.44,-5.15,-23.17,-6.48
2026-02-18 08:00:00,miércoles,-19.14,-44.49,-40.88,-38.61,-23.89,-9.19,-24.41,-23.42,-57.87,-51.13,-7.24,-24.19,-6.64
2026-02-18 09:00:00,miércoles,-19.16,-44.4,-41.13,-38.8,-22.28,-9.14,-24.24,-22.36,-56.61,-50.06,-6.15,-23.03,-7.31
2026-02-18 10:00:00,miércoles,-19.25,-44.4,-40.58,-38.65,-24.97,-9.18,-24.24,-18.98,-53.51,-47.19,-3.46,-25.84,-6.62
2026-02-18 11:00:00,miércoles,-19.32,-44.31,-43.15,-38.47,-19.03,-9.2,-24.32,-25.61,-43.92,-37.95,-10.25,-19.84,-7.56
2026-02-18 12:00:00,miércoles,-19.29,-44.18,-43.83,-37.69,-18.6,-9.16,-24.17,-24.81,-37.14,-31.33,-8.12,-18.36,-7.26
2026-02-18 13:00:00,miércoles,-19.2,-44.25,-43.99,-36.6,-15.93,-9.22,-23.56,-25.07,-38.24,-32.27,-7.45,-15.16,-7.21
2026-02-18 14:00:00,miércoles,-19.2,-44.39,-44.03,-34.19,-14.48,-9.07,-24.79,-25.77,-37.47,-31.75,-9.44,-10.77,-7.99
2026-02-18 15:00:00,miércoles,-19.15,-44.32,-43.91,-26.64,-3.63,-6.26,-24.58,-27.7,-39.79,-33.97,-9.72,10.27,-8.42
2026-02-18 16:00:00,miércoles,-19.09,-44.5,-43.35,-36.04,-5.66,-5.78,-24.41,-28.61,-44.18,-38.3,-8.37,-0.78,-8.97
2026-02-18 17:00:00,miércoles,-19.07,-44.56,-40.93,-38.37,-21.83,-8.89,-24.83,-28.52,-49.11,-42.95,-11.26,-21.93,-6.68
2026-02-18 18:00:00,miércoles,-19.1,-44.6,-40.22,-37.22,-19.71,-9.21,-25.58,-24.82,-52.08,-46.08,-8.08,-18.88,-5.67
2026-02-18 19:00:00,miércoles,-19.09,-44.61,-38.08,-36.85,-20.48,-9.19,-26.17,-24.38,-54.22,-48.22,-8.57,-20.19,-3.45
2026-02-18 20:00:00,miércoles,-19.13,-44.65,-39.47,-30.95,-31.31,-9.18,-25.76,-24.15,-54.21,-48.18,-8.2,-25.88,-4.7
2026-02-18 21:00:00,miércoles,-19.18,-44.48,-39.12,-34.93,-24.52,-9.15,-25.61,-24.21,-55.65,-49.49,-7.7,-22.53,-3.06
2026-02-18 22:00:00,miércoles,-19.17,-44.43,-41.08,-38.26,-17.28,-9.2,-25.68,-23.21,-53.64,-47.33,-6.47,-18.37,-5.07
2026-02-18 23:00:00,miércoles,-19.16,-44.53,-36.53,-38.73,-24.46,-9.15,-25.49,-23.57,-63.46,-57.13,-5.37,-25.41,-1.26
2026-02-19 00:00:00,jueves,-19.17,-44.36,-42.88,-38.58,-23.74,-9.12,-25.84,-21.57,-51.0,-44.75,-2.99,-24.95,-6.71
2026-02-19 01:00:00,jueves,-19.16,-44.41,-42.51,-37.78,-21.36,-9.19,-26.35,-18.9,-53.0,-46.88,-0.6,-22.98,-7.37
2026-02-19 02:00:00,jueves,-19.18,-44.32,-43.33,-36.3,-22.36,-9.2,-25.8,-24.23,-50.6,-44.17,-4.69,-24.09,-7.7
2026-02-19 03:00:00,jueves,-19.21,-44.31,-44.07,-35.98,-23.14,-9.2,-26.34,-23.28,-48.53,-42.11,-4.56,-24.08,-7.96
2026-02-19 04:00:00,jueves,-19.21,-44.32,-43.95,-34.75,-25.42,-9.11,-25.7,-26.13,-48.65,-42.52,-7.47,-24.9,-8.58
2026-02-19 05:00:00,jueves,-19.24,-44.31,-43.51,-31.64,-25.04,-9.2,-25.35,-27.77,-49.86,-43.69,-9.65,-22.19,-8.04
2026-02-19 06:00:00,jueves,-19.25,-44.38,-41.82,-33.78,-22.79,-9.16,-25.7,-29.91,-53.9,-47.32,-12.82,-21.98,-6.34
2026-02-19 07:00:00,jueves,-19.28,-44.42,-40.43,-36.18,-21.32,-9.12,-26.42,-25.7,-53.4,-47.0,-9.36,-22.17,-4.18
2026-02-19 08:00:00,jueves,-19.25,-44.42,-41.02,-36.56,-22.29,-9.13,-25.57,-27.41,-57.69,-51.4,-9.34,-22.94,-5.55
2026-02-19 09:00:00,jueves,-19.28,-44.45,-41.98,-36.18,-23.86,-9.17,-25.26,-25.65,-51.1,-44.72,-7.82,-24.58,-7.77
2026-02-19 10:00:00,jueves,-19.3,-44.42,-40.77,-36.5,-24.25,-9.18,-25.01,-26.19,-51.4,-45.19,-8.32,-25.08,-6.99
2026-02-19 11:00:00,jueves,-19.31,-44.64,-35.08,-37.56,-20.94,-9.26,-26.38,-23.91,-63.61,-57.51,-7.59,-22.24,-0.75
2026-02-19 12:00:00,jueves,-19.14,-44.6,-38.83,-37.79,-23.07,-9.17,-25.64,-26.87,-55.77,-49.75,-10.13,-24.49,-6.36
2026-02-19 13:00:00,jueves,-19.14,-44.55,-35.71,-38.25,-20.94,-9.2,-25.21,-26.65,-61.24,-55.32,-8.87,-23.21,-3.67
2026-02-19 14:00:00,jueves,-19.09,-44.57,-34.98,-38.01,-19.14,-9.15,-21.58,-31.19,-61.97,-55.9,-9.39,-21.22,-1.66
2026-02-19 15:00:00,jueves,-19.08,-44.75,-36.72,-38.33,-17.98,-9.18,-25.91,-21.43,-58.46,-52.4,-4.17,-20.1,-2.71
2026-02-19 16:00:00,jueves,-18.62,-44.4,-34.61,-37.81,-17.47,-9.26,-25.89,-26.64,-64.38,-58.24,-9.5,-18.95,-2.76
2026-02-19 17:00:00,jueves,-17.89,-44.54,-34.55,-37.59,-18.29,-9.11,-25.5,-27.77,-63.28,-57.19,-9.76,-19.63,-5.88
2026-02-19 18:00:00,jueves,-17.71,-44.68,-34.51,-37.18,-20.1,-9.16,-25.18,-28.24,-64.17,-58.03,-10.2,-20.49,-5.58
2026-02-19 19:00:00,jueves,-17.63,-44.47,-34.55,-37.89,-15.96,-9.2,-25.07,-24.1,-63.86,-57.67,-6.19,-16.87,-6.4
2026-02-19 20:00:00,jueves,-17.62,-44.21,-36.35,-37.84,-17.43,-9.19,-24.36,-29.8,-60.63,-54.45,-10.21,-18.15,-7.43
2026-02-19 21:00:00,jueves,-17.04,-43.69,-39.73,-38.67,-22.26,-9.17,-24.15,-30.8,-53.68,-47.47,-10.11,-23.62,-9.75
2026-02-19 22:00:00,jueves,-16.94,-43.52,-39.8,-38.56,-22.97,-9.17,-25.36,-26.24,-59.39,-53.02,-6.81,-24.19,-9.9
2026-02-19 23:00:00,jueves,-16.51,-40.95,-36.83,-38.48,-21.51,-9.17,-23.46,-33.95,-68.8,-62.64,-14.98,-22.68,-0.88
2026-02-20 00:00:00,viernes,-15.99,-40.58,-37.45,-38.63,-24.12,-9.12,-25.38,-29.35,-65.73,-59.5,-13.3,-25.19,2.09
2026-02-20 01:00:00,viernes,-17.28,-41.55,-41.95,-38.69,-26.74,-9.15,-25.41,-29.2,-54.35,-48.21,-13.44,-27.81,-4.58
2026-02-20 02:00:00,viernes,-19.17,-41.87,-42.03,-38.63,-26.7,-9.18,-25.25,-31.19,-57.41,-50.81,-15.0,-27.44,-5.74
2026-02-20 03:00:00,viernes,-19.23,-41.58,-39.74,-38.56,-25.37,-9.16,-22.83,-34.88,-61.84,-55.13,-15.51,-25.61,-2.55
2026-02-20 04:00:00,viernes,-19.21,-43.88,-40.95,-38.53,-26.52,-9.19,-24.81,-32.99,-54.81,-48.32,-15.9,-27.24,-5.81
2026-02-20 05:00:00,viernes,-19.23,-44.12,-38.34,-38.63,-26.2,-9.18,-24.17,-33.81,-57.71,-51.59,-14.94,-27.02,-2.08
2026-02-20 06:00:00,viernes,-19.24,-44.26,-39.2,-38.55,-21.8,-9.28,-24.16,-32.21,-54.65,-48.67,-13.16,-22.47,-2.99
2026-02-20 07:00:00,viernes,-19.27,-44.32,-38.71,-38.59,-21.89,-9.15,-24.39,-31.04,-57.28,-51.27,-12.21,-22.14,-2.31
2026-02-20 08:00:00,viernes,-19.3,-44.36,-36.79,-38.42,-21.84,-9.15,-24.85,-29.11,-59.31,-53.37,-11.65,-22.44,-0.95
2026-02-20 09:00:00,viernes,-19.23,-44.2,-40.86,-38.51,-24.02,-9.17,-25.0,-31.26,-51.92,-46.06,-13.18,-25.08,-5.68
2026-02-20 10:00:00,viernes,-19.23,-44.23,-39.24,-38.0,-22.85,-9.15,-25.62,-32.75,-57.11,-51.06,-14.59,-23.18,-4.28
2026-02-20 11:00:00,viernes,-19.21,-44.2,-41.94,-38.25,-17.37,-9.23,-25.01,-31.58,-48.92,-43.08,-13.34,-18.13,-5.86
2026-02-20 12:00:00,viernes,-19.14,-44.3,-38.61,-38.41,-17.81,-9.14,-24.55,-31.04,-56.91,-50.92,-12.47,-19.18,-2.83
2026-02-20 13:00:00,viernes,-19.16,-44.12,-39.25,-37.62,-20.64,-9.18,-23.96,-33.49,-49.86,-43.99,-13.17,-21.21,-3.3
2026-02-20 14:00:00,viernes,-19.12,-44.13,-41.02,-38.09,-22.26,-9.16,-23.77,-31.8,-43.86,-37.87,-11.45,-23.2,-5.63
2026-02-20 15:00:00,viernes,-19.07,-44.29,-38.29,-37.36,-24.01,-9.16,-24.58,-30.4,-50.8,-44.73,-10.34,-23.38,-2.96
2026-02-20 16:00:00,viernes,-19.07,-44.39,-36.99,-37.62,-21.06,-9.19,-23.9,-30.61,-55.35,-49.21,-9.78,-20.83,-1.21
2026-02-20 17:00:00,viernes,-19.05,-44.29,-38.75,-36.59,-21.81,-9.18,-23.83,-28.21,-52.7,-46.55,-6.33,-20.32,-3.25
2026-02-20 18:00:00,viernes,-19.02,-44.36,-36.39,-36.39,-22.13,-9.15,-24.45,-28.38,-59.81,-53.58,-7.3,-20.39,-1.01
2026-02-20 19:00:00,viernes,-19.01,-44.37,-36.96,-36.71,-25.22,-9.2,-25.49,-26.93,-62.88,-56.37,-6.38,-23.79,-2.17
2026-02-20 20:00:00,viernes,-19.02,-44.47,-36.73,-36.33,-21.87,-9.16,-25.68,-23.45,-62.08,-55.86,-3.09,-20.19,-1.46
2026-02-20 21:00:00,viernes,-19.01,-44.36,-38.54,-37.96,-21.12,-9.23,-25.35,-28.47,-61.11,-54.51,-7.22,-21.0,-2.89
2026-02-20 22:00:00,viernes,-19.06,-44.32,-39.19,-38.44,-20.17,-9.17,-25.66,-28.06,-60.58,-53.78,-7.33,-21.26,-4.58
2026-02-20 23:00:00,viernes,-19.04,-44.22,-38.7,-38.59,-21.37,-9.18,-25.99,-28.19,-61.19,-54.22,-7.84,-22.05,-3.34
2026-02-21 00:00:00,sábado,-19.08,-44.23,-41.03,-38.53,-22.63,-9.16,-26.22,-24.73,-55.64,-49.03,-4.64,-22.79,-5.4
2026-02-21 01:00:00,sábado,-19.04,-44.35,-37.82,-38.57,-21.9,-9.16,-25.25,-29.67,-59.7,-53.41,-8.82,-22.65,-2.25
2026-02-21 02:00:00,sábado,-19.12,-44.24,-41.62,-38.54,-22.26,-9.18,-26.48,-27.78,-53.42,-47.12,-8.03,-22.51,-5.16
2026-02-21 03:00:00,sábado,-19.17,-44.2,-40.94,-38.36,-22.46,-9.15,-26.21,-26.11,-55.5,-49.05,-6.15,-22.86,-5.42
2026-02-21 04:00:00,sábado,-19.17,-44.19,-41.18,-38.78,-22.49,-9.2,-26.05,-28.52,-55.69,-49.13,-8.58,-23.03,-5.72
2026-02-21 05:00:00,sábado,-19.19,-44.08,-43.42,-38.48,-21.89,-9.18,-26.97,-28.18,-51.68,-44.99,-9.13,-22.14,-8.18
2026-02-21 06:00:00,sábado,-19.18,-44.24,-39.99,-38.61,-21.59,-9.14,-26.48,-28.97,-59.82,-53.03,-8.9,-22.19,-5.27
2026-02-21 07:00:00,sábado,-19.19,-42.32,-37.04,-38.64,-22.38,-9.18,-26.78,-26.26,-63.35,-56.61,-6.68,-23.23,0.07
2026-02-21 08:00:00,sábado,-19.14,-40.87,-34.01,-38.69,-21.49,-9.16,-25.44,-27.82,-66.16,-59.45,-8.93,-22.26,1.78
2026-02-21 09:00:00,sábado,-19.14,-40.62,-33.36,-38.63,-21.77,-9.18,-24.73,-27.8,-58.96,-52.82,-8.25,-22.03,1.06
2026-02-21 10:00:00,sábado,-19.2,-40.13,-33.39,-38.25,-17.92,-9.17,-25.4,-28.09,-49.12,-42.87,-9.35,-17.9,-1.45
2026-02-21 11:00:00,sábado,-19.14,-40.01,-33.36,-37.96,-14.93,-9.15,-27.94,-20.11,-51.78,-45.28,-2.4,-14.78,-3.54
2026-02-21 12:00:00,sábado,-19.18,-39.37,-33.31,-37.15,-20.59,-9.14,-26.5,-20.74,-33.72,-27.4,-0.51,-20.09,-3.69
2026-02-21 13:00:00,sábado,-19.21,-39.35,-31.15,-37.3,-14.95,-9.22,-25.96,-28.5,-34.71,-28.0,-8.06,-14.81,-3.92
2026-02-21 14:00:00,sábado,-19.11,-39.76,-31.01,-37.2,-15.52,-9.16,-25.82,-27.98,-37.25,-30.81,-7.53,-14.75,-3.42
2026-02-21 15:00:00,sábado,-19.1,-32.18,-22.07,-37.51,-16.49,-9.16,-24.94,-31.64,-53.88,-47.53,-10.0,-16.34,11.88
2026-02-21 16:00:00,sábado,-19.09,-28.79,-20.71,-37.9,-19.11,-9.18,-25.19,-29.53,-42.95,-36.61,-7.79,-19.52,15.08
2026-02-21 17:00:00,sábado,-19.03,-27.2,-20.36,-37.27,-20.73,-9.15,-26.1,-25.16,-45.47,-39.09,-4.52,-20.52,16.23
2026-02-21 18:00:00,sábado,-19.02,-27.15,-20.31,-37.53,-23.33,-9.21,-26.06,-25.93,-48.76,-42.46,-5.64,-22.97,16.27
2026-02-21 19:00:00,sábado,-18.99,-27.43,-20.39,-37.38,-20.5,-9.16,-24.65,-30.34,-50.98,-44.64,-8.23,-19.67,15.41
2026-02-21 20:00:00,sábado,-19.03,-29.2,-20.37,-37.14,-24.64,-9.18,-24.8,-27.26,-45.87,-39.53,-5.22,-23.61,12.82
2026-02-21 21:00:00,sábado,-19.03,-32.82,-20.3,-37.17,-26.21,-9.17,-25.01,-25.37,-40.84,-34.34,-4.15,-25.0,10.93
2026-02-21 22:00:00,sábado,-19.09,-35.17,-20.79,-37.19,-22.44,-9.17,-24.17,-25.88,-39.48,-33.01,-3.21,-21.34,10.02
2026-02-21 23:00:00,sábado,-19.13,-38.36,-28.61,-37.37,-23.4,-9.19,-24.61,-25.66,-28.61,-22.26,-3.55,-22.4,0.34
2026-02-22 00:00:00,domingo,-19.06,-35.14,-31.62,-37.37,-24.18,-9.16,-24.77,-28.64,-32.31,-25.95,-6.39,-23.88,-0.36
2026-02-22 01:00:00,domingo,-18.88,-38.98,-34.35,-37.92,-25.56,-9.16,-24.54,-27.22,-20.85,-14.57,-5.29,-25.74,-7.38
2026-02-22 02:00:00,domingo,-18.43,-36.65,-32.85,-37.45,-25.64,-9.16,-25.56,-24.47,-24.4,-18.14,-3.35,-25.32,-2.79
2026-02-22 03:00:00,domingo,-18.58,-36.8,-32.08,-37.52,-27.57,-9.18,-25.32,-25.85,-17.48,-11.14,-3.89,-27.02,-1.21
2026-02-22 04:00:00,domingo,-18.56,-39.13,-34.89,-37.96,-25.09,-9.16,-24.83,-28.75,-15.08,-9.0,-6.49,-24.89,-5.33
2026-02-22 05:00:00,domingo,-18.45,-40.09,-35.46,-37.91,-22.56,-9.17,-24.93,-27.92,-15.25,-9.35,-5.98,-22.07,-5.94
2026-02-22 06:00:00,domingo,-18.45,-40.02,-36.39,-38.03,-21.73,-9.19,-25.31,-27.04,-13.84,-7.64,-5.74,-21.66,-6.3
2026-02-22 07:00:00,domingo,-18.45,-40.5,-35.51,-37.95,-19.35,-9.17,-25.38,-29.36,-23.61,-17.41,-8.03,-19.57,-3.45
2026-02-22 08:00:00,domingo,-19.0,-40.58,-37.81,-37.72,-20.35,-9.25,-25.26,-27.08,-25.63,-19.5,-5.97,-19.79,-5.66
2026-02-22 09:00:00,domingo,-19.04,-41.18,-38.02,-38.02,-15.87,-9.14,-25.6,-21.71,-27.79,-21.88,-1.57,-15.99,-6.73
2026-02-22 10:00:00,domingo,-19.09,-41.35,-35.93,-37.72,-15.77,-9.19,-24.58,-21.54,-31.28,-24.84,-0.21,-15.64,-3.4
2026-02-22 11:00:00,domingo,-19.07,-41.33,-40.9,-38.03,-12.63,-9.19,-25.29,-21.11,-24.07,-17.47,-1.19,-12.39,-8.42
2026-02-22 12:00:00,domingo,-19.05,-41.26,-37.85,-37.98,-12.83,-9.17,-24.33,-27.88,-33.81,-27.6,-6.73,-12.08,-5.81
2026-02-22 13:00:00,domingo,-19.05,-41.34,-39.71,-38.14,-12.28,-9.18,-27.06,-27.17,-31.77,-25.17,-8.39,-13.06,-6.89
2026-02-22 14:00:00,domingo,-19.13,-41.32,-37.78,-38.09,-19.75,-9.18,-25.67,-30.91,-33.77,-27.52,-10.22,-19.85,-4.88
2026-02-22 15:00:00,domingo,-19.06,-41.32,-38.52,-37.95,-24.21,-9.18,-25.66,-28.65,-29.03,-23.42,-8.43,-23.48,-5.82
2026-02-22 16:00:00,domingo,-19.04,-41.36,-41.4,-37.46,-19.59,-9.15,-25.89,-19.36,-29.67,-23.94,0.8,-18.22,-8.2
2026-02-22 17:00:00,domingo,-18.99,-42.3,-41.06,-37.69,-24.77,-9.09,-23.14,-26.08,-29.54,-23.85,-3.36,-24.14,-7.8
2026-02-22 18:00:00,domingo,-18.95,-44.39,-37.83,-37.33,-22.64,-9.24,-24.32,-21.87,-34.85,-29.0,-0.11,-21.48,-5.83
2026-02-22 19:00:00,domingo,-18.95,-44.82,-35.59,-37.07,-19.7,-9.17,-24.23,-21.28,-37.22,-31.23,0.68,-18.19,-3.89
2026-02-22 20:00:00,domingo,-18.98,-44.94,-35.27,-37.37,-20.92,-9.19,-23.43,-21.78,-37.34,-31.45,0.87,-19.94,-3.17
2026-02-22 21:00:00,domingo,-18.97,-44.9,-36.88,-37.51,-22.59,-9.15,-23.91,-20.59,-44.11,-37.81,1.88,-21.76,-4.15
2026-02-22 22:00:00,domingo,-19.0,-44.65,-35.76,-37.46,-24.66,-9.18,-24.12,-19.42,-46.11,-39.78,2.54,-23.67,-2.65
2026-02-22 23:00:00,domingo,-19.01,-44.35,-36.21,-37.55,-23.68,-9.16,-24.18,-18.12,-59.93,-53.17,3.68,-22.49,-2.07
2026-02-23 00:00:00,lunes,-19.06,-44.2,-40.89,-37.73,-22.58,-9.2,-24.9,-18.21,-49.74,-43.17,2.94,-22.17,-6.66
2026-02-23 01:00:00,lunes,-19.0,-44.32,-37.47,-38.03,-20.81,-9.16,-24.05,-18.86,-58.23,-51.98,3.02,-20.89,-2.48
2026-02-23 02:00:00,lunes,-19.0,-44.32,-41.59,-38.13,-21.63,-9.15,-24.43,-18.39,-54.09,-47.39,3.15,-21.49,-6.96
2026-02-23 03:00:00,lunes,-19.09,-44.38,-37.04,-38.02,-21.94,-9.18,-24.41,-19.95,-63.11,-56.57,1.7,-21.58,-2.0
2026-02-23 04:00:00,lunes,-19.12,-44.22,-41.44,-38.07,-21.83,-9.22,-24.65,-20.3,-53.87,-47.16,1.13,-21.51,-4.49
2026-02-23 05:00:00,lunes,-19.07,-44.27,-41.18,-38.16,-22.37,-9.14,-23.17,-27.34,-53.17,-46.62,-4.69,-21.68,-3.89
2026-02-23 06:00:00,lunes,-19.02,-44.32,-38.19,-38.19,-25.47,-9.19,-24.23,-25.9,-59.5,-52.96,-3.56,-24.82,-2.7
2026-02-23 07:00:00,lunes,-19.05,-44.27,-42.03,-38.16,-25.46,-9.16,-24.7,-22.76,-52.89,-46.1,-0.64,-24.76,-6.9
2026-02-23 08:00:00,lunes,-19.08,-44.31,-38.7,-38.06,-26.04,-9.2,-24.97,-26.76,-57.41,-50.95,-5.34,-25.31,-2.3
2026-02-23 09:00:00,lunes,-19.06,-44.29,-40.18,-37.84,-24.65,-9.18,-25.07,-27.32,-49.44,-43.65,-6.22,-24.29,-5.49
2026-02-23 10:00:00,lunes,-19.13,-44.44,-36.53,-37.82,-21.54,-9.12,-25.14,-27.88,-54.99,-49.28,-6.29,-21.39,-1.79
2026-02-23 11:00:00,lunes,-19.17,-44.43,-35.05,-38.08,-17.0,-9.21,-24.98,-34.15,-58.21,-52.41,-12.24,-17.51,-0.16
2026-02-23 12:00:00,lunes,-19.1,-44.1,-40.03,-38.1,-18.88,-9.19,-26.38,-30.3,-51.69,-45.89,-9.97,-18.98,-2.74
2026-02-23 13:00:00,lunes,-19.1,-44.26,-36.59,-37.53,-18.67,-9.19,-25.25,-35.76,-57.58,-51.62,-14.9,-19.05,-1.13
2026-02-23 14:00:00,lunes,-19.04,-44.14,-39.1,-37.61,-20.96,-9.16,-26.58,-32.71,-53.01,-46.95,-13.1,-22.15,-3.59
2026-02-23 15:00:00,lunes,-19.04,-44.47,-35.28,-37.72,-21.02,-9.12,-25.19,-33.75,-58.64,-52.51,-12.16,-21.31,-0.64
2026-02-23 16:00:00,lunes,-18.99,-44.55,-35.91,-37.81,-19.55,-9.22,-25.11,-31.27,-57.17,-51.07,-9.63,-18.59,-1.52
2026-02-23 17:00:00,lunes,-18.97,-44.6,-39.78,-37.58,-21.02,-9.16,-24.31,-32.71,-50.34,-44.36,-11.08,-20.14,-6.21
2026-02-23 18:00:00,lunes,-18.88,-44.03,-35.12,-36.96,-21.54,-9.19,-24.46,-35.55,-60.53,-54.43,-14.32,-19.66,0.65
2026-02-23 19:00:00,lunes,-18.96,-44.41,-37.66,-38.31,-17.67,-9.16,-24.11,-36.24,-53.94,-47.94,-14.22,-17.2,-2.28
2026-02-23 20:00:00,lunes,-18.98,-44.43,-37.46,-37.64,-21.62,-9.19,-24.95,-35.76,-54.18,-48.26,-14.74,-21.42,-2.07
2026-02-23 21:00:00,lunes,-19.03,-44.28,-40.26,-37.94,-26.58,-9.17,-25.97,-37.33,-52.91,-47.03,-17.11,-26.26,-4.1
2026-02-23 22:00:00,lunes,-19.06,-44.39,-27.62,-38.0,-23.49,-9.18,-27.29,-30.59,-71.0,-64.87,-10.61,-23.12,2.27
2026-02-23 23:00:00,lunes,-18.98,-43.71,-26.78,-38.25,-23.5,-9.18,-25.49,-33.8,-61.7,-55.66,-12.07,-23.39,-7.22
2026-02-24 00:00:00,martes,-18.98,-40.59,-27.22,-38.19,-25.96,-9.15,-25.47,-29.52,-57.01,-50.94,-7.98,-25.02,-9.16
2026-02-24 01:00:00,martes,-19.09,-38.69,-25.9,-38.05,-21.05,-9.15,-25.8,-28.52,-44.59,-38.16,-6.9,-20.26,-9.54
2026-02-24 02:00:00,martes,-19.18,-35.28,-24.57,-38.08,-23.03,-9.16,-25.41,-28.86,-46.52,-39.92,-7.02,-21.79,-4.88
2026-02-24 03:00:00,martes,-19.08,-34.77,-20.67,-38.33,-25.9,-9.22,-24.8,-30.44,-51.11,-44.53,-7.87,-25.12,-1.2
2026-02-24 04:00:00,martes,-19.08,-34.78,-20.66,-38.19,-23.87,-9.17,-24.88,-32.39,-43.95,-37.59,-10.0,-23.31,-2.05
2026-02-24 05:00:00,martes,-19.14,-34.75,-20.62,-38.11,-22.87,-9.17,-25.59,-29.15,-37.33,-31.2,-7.56,-22.62,-2.84
2026-02-24 06:00:00,martes,-19.21,-34.78,-20.65,-38.2,-19.84,-9.18,-25.42,-26.99,-38.37,-32.05,-5.55,-19.91,-3.43
2026-02-24 07:00:00,martes,-19.18,-34.8,-20.68,-38.26,-23.31,-9.17,-26.22,-25.23,-38.52,-32.05,-4.12,-23.06,-3.69
2026-02-24 08:00:00,martes,-19.14,-34.55,-20.61,-38.09,-24.37,-9.17,-24.58,-31.33,-38.95,-32.57,-9.72,-23.82,-3.6
2026-02-24 09:00:00,martes,-19.16,-32.34,-20.61,-38.07,-21.09,-9.18,-25.03,-33.79,-38.25,-32.29,-12.55,-20.87,-1.48
2026-02-24 10:00:00,martes,-19.11,-32.47,-20.74,-38.04,-17.77,-9.17,-24.1,-29.14,-36.4,-30.6,-6.7,-18.13,-2.43
2026-02-24 11:00:00,martes,-19.14,-32.35,-18.7,-37.96,-18.31,-9.13,-25.35,-26.35,-37.92,-32.29,-5.26,-18.34,-1.91
2026-02-24 12:00:00,martes,-19.17,-32.34,-18.22,-37.99,-16.81,-9.22,-26.64,-26.68,-37.16,-31.71,-8.91,-16.7,-2.45
2026-02-24 13:00:00,martes,-19.18,-32.46,-18.36,-38.25,-15.55,-9.17,-27.52,-22.19,-39.28,-33.6,-5.97,-16.05,-3.49
2026-02-24 14:00:00,martes,-19.15,-32.37,-18.25,-37.97,-16.79,-9.16,-23.52,-30.65,-35.63,-29.65,-9.46,-17.04,-2.49
2026-02-24 15:00:00,martes,-19.11,-32.44,-18.32,-37.76,-22.89,-9.17,-25.23,-32.03,-30.63,-24.79,-12.69,-22.37,-0.92
2026-02-24 16:00:00,martes,-19.04,-32.84,-18.19,-37.77,-23.27,-9.11,-26.92,-26.49,-33.63,-27.71,-9.25,-21.6,1.35
2026-02-24 17:00:00,martes,-19.1,-32.65,-18.31,-37.65,-25.04,-9.04,-24.34,-30.9,-35.24,-29.16,-11.09,-23.68,3.11
2026-02-24 18:00:00,martes,-19.08,-33.87,-20.5,-37.73,-21.33,-9.3,-25.24,-26.17,-27.97,-21.9,-5.51,-20.43,1.53
2026-02-24 19:00:00,martes,-19.1,-32.86,-19.43,-38.22,-21.59,-9.18,-25.53,-28.82,-25.81,-19.49,-8.05,-20.84,0.9
2026-02-24 20:00:00,martes,-19.03,-33.97,-20.08,-38.01,-23.26,-9.22,-25.26,-35.16,-27.14,-20.91,-13.54,-22.62,4.37
2026-02-24 21:00:00,martes,-18.87,-34.05,-20.98,-38.25,-26.92,-9.19,-26.5,-32.83,-29.77,-23.57,-12.53,-26.24,-5.1
2026-02-24 22:00:00,martes,-18.89,-29.91,-16.5,-37.98,-26.08,-9.14,-26.53,-31.82,-41.41,-34.85,-10.35,-24.8,2.97
2026-02-24 23:00:00,martes,-18.82,-29.99,-16.91,-38.26,-22.52,-9.21,-25.47,-36.66,-27.18,-20.97,-14.49,-21.17,2.01
2026-02-25 00:00:00,miércoles,-19.03,-30.15,-17.64,-38.18,-25.66,-9.15,-25.13,-35.04,-15.6,-9.53,-12.77,-24.83,0.62
2026-02-25 01:00:00,miércoles,-18.97,-30.59,-18.07,-38.25,-24.71,-9.18,-25.87,-36.0,-18.79,-12.4,-14.19,-24.49,-0.23
2026-02-25 02:00:00,miércoles,-18.97,-31.62,-18.95,-38.16,-22.33,-9.15,-26.0,-37.05,-20.0,-13.96,-15.41,-22.38,-1.76
2026-02-25 03:00:00,miércoles,-19.0,-32.96,-18.05,-38.38,-22.76,-8.8,-25.5,-38.78,-19.09,-13.34,-16.4,-22.43,2.21
2026-02-25 04:00:00,miércoles,-19.05,-32.96,-18.04,-38.49,-23.07,-8.67,-25.86,-39.57,-18.87,-12.87,-17.64,-22.04,4.07
2026-02-25 05:00:00,miércoles,-19.04,-32.98,-18.07,-38.47,-24.41,-8.67,-26.34,-39.22,-20.06,-14.01,-17.87,-24.09,8.9
2026-02-25 06:00:00,miércoles,-19.06,-34.52,-20.39,-38.43,-23.73,-8.66,-27.56,-33.24,-15.83,-9.75,-13.12,-23.08,6.73
2026-02-25 07:00:00,miércoles,-19.03,-36.13,-26.89,-38.38,-23.72,-8.66,-26.7,-33.39,-25.2,-18.91,-12.41,-22.83,0.02
2026-02-25 08:00:00,miércoles,-18.99,-37.18,-26.88,-38.27,-22.22,-8.66,-25.97,-35.21,-32.32,-26.0,-13.8,-21.85,-0.81
2026-02-25 09:00:00,miércoles,-19.03,-37.07,-26.88,-38.28,-18.26,-8.9,-26.26,-33.15,-35.76,-29.59,-12.09,-18.54,0.05
2026-02-25 10:00:00,miércoles,-18.93,-39.93,-26.94,-38.08,-18.73,-9.17,-24.81,-30.08,-33.91,-27.78,-8.11,-19.54,-1.51
2026-02-25 11:00:00,miércoles,-18.9,-40.42,-26.93,-38.29,-16.94,-9.18,-25.02,-30.24,-34.15,-28.04,-8.95,-18.14,-2.28
2026-02-25 12:00:00,miércoles,-19.09,-40.48,-27.32,-37.71,-19.88,-9.18,-25.14,-30.8,-35.59,-29.47,-9.35,-20.75,-1.12
2026-02-25 13:00:00,miércoles,-18.95,-41.33,-29.77,-37.48,-18.48,-9.18,-25.29,-30.05,-26.82,-20.65,-8.8,-18.75,-2.15
2026-02-25 14:00:00,miércoles,-19.02,-42.41,-32.38,-36.97,-17.28,-9.18,-25.22,-35.62,-29.8,-23.45,-13.92,-16.98,-4.47
2026-02-25 15:00:00,miércoles,-18.89,-42.48,-38.03,-36.66,-11.92,-9.15,-27.62,-25.83,-29.15,-23.16,-6.4,-11.35,-8.54
2026-02-25 16:00:00,miércoles,-18.9,-42.53,-38.08,-36.8,-16.53,-9.2,-26.31,-26.33,-31.68,-25.6,-6.56,-15.53,-7.91
2026-02-25 17:00:00,miércoles,-18.94,-42.6,-42.37,-37.34,-21.7,-9.16,-24.44,-28.29,-31.03,-24.95,-6.42,-20.91,-11.8
2026-02-25 18:00:00,miércoles,-19.01,-43.43,-42.39,-37.28,-26.46,-9.16,-24.16,-25.72,-43.13,-36.73,-3.14,-25.57,-11.9
2026-02-25 19:00:00,miércoles,-19.01,-43.53,-41.89,-38.04,-21.12,-9.19,-26.22,-22.55,-46.96,-40.62,-2.12,-21.16,-10.15
2026-02-25 20:00:00,miércoles,-19.0,-44.36,-36.94,-37.37,-17.23,-9.18,-28.0,-24.59,-52.8,-46.45,-5.82,-16.93,-4.54
2026-02-25 21:00:00,miércoles,-18.98,-44.37,-38.55,-37.89,-18.79,-9.16,-26.84,-31.51,-48.88,-42.54,-10.77,-19.11,-5.49
2026-02-25 22:00:00,miércoles,-18.92,-44.47,-43.22,-37.76,-15.1,-9.19,-26.94,-31.74,-39.01,-32.7,-10.34,-15.77,-9.96
2026-02-25 23:00:00,miércoles,-18.95,-44.73,-36.48,-38.05,-11.75,-9.19,-27.54,-30.08,-51.3,-44.75,-9.13,-12.54,-4.03
2026-02-26 00:00:00,jueves,-18.99,-44.91,-36.45,-37.54,-17.59,-9.17,-27.02,-33.56,-51.82,-45.19,-12.82,-17.14,-5.19
2026-02-26 01:00:00,jueves,-18.95,-44.4,-42.86,-37.36,-20.14,-9.13,-27.73,-33.04,-38.7,-32.25,-12.28,-19.53,-11.27
2026-02-26 02:00:00,jueves,-18.98,-44.55,-36.26,-37.23,-18.37,-9.25,-27.32,-36.77,-53.04,-46.27,-15.81,-17.4,-4.26
2026-02-26 03:00:00,jueves,-18.98,-44.16,-41.4,-37.95,-16.75,-9.17,-26.56,-41.25,-41.84,-35.61,-19.6,-16.7,-8.55
2026-02-26 04:00:00,jueves,-19.0,-44.43,-39.42,-37.69,-15.74,-9.16,-26.85,-39.15,-47.27,-41.02,-17.89,-14.77,-7.56
2026-02-26 05:00:00,jueves,-19.04,-44.36,-40.56,-38.14,-15.01,-9.17,-26.61,-39.77,-42.79,-36.41,-18.38,-14.91,-7.9
2026-02-26 06:00:00,jueves,-19.05,-44.27,-38.41,-38.32,-13.66,-9.18,-28.3,-36.29,-48.06,-41.63,-16.81,-13.86,-5.82
2026-02-26 07:00:00,jueves,-19.16,-44.57,-36.88,-38.27,-14.68,-9.17,-27.96,-36.83,-48.81,-42.12,-17.04,-15.37,-5.21
2026-02-26 08:00:00,jueves,-19.14,-44.21,-42.24,-38.19,-15.65,-9.19,-26.73,-38.55,-38.84,-32.4,-18.05,-16.51,-10.09
2026-02-26 09:00:00,jueves,-19.18,-43.98,-43.69,-38.04,-18.21,-9.14,-26.86,-38.09,-36.35,-30.19,-18.35,-18.37,-11.73
2026-02-26 10:00:00,jueves,-19.21,-44.14,-43.92,-37.74,-17.03,-9.16,-23.36,-37.96,-35.35,-29.09,-18.17,-16.72,-11.96
2026-02-26 11:00:00,jueves,-19.07,-44.15,-43.94,-38.11,-14.72,-9.17,-21.15,-38.99,-35.97,-29.47,-17.78,-14.92,-12.24
2026-02-26 12:00:00,jueves,-19.26,-44.63,-44.4,-37.28,-17.43,-9.15,-21.66,-38.86,-28.37,-22.58,-18.25,-18.05,-12.88
2026-02-26 13:00:00,jueves,-19.22,-44.62,-44.4,-36.98,-22.86,-9.14,-24.19,-32.67,-29.46,-23.89,-13.59,-23.33,-13.43
2026-02-26 14:00:00,jueves,-19.16,-44.67,-44.49,-36.41,-20.56,-9.22,-25.97,-29.21,-31.0,-25.59,-9.54,-19.92,-13.67
2026-02-26 15:00:00,jueves,-19.09,-44.71,-44.53,-36.97,-20.48,-9.14,-27.54,-25.32,-28.91,-23.31,-6.83,-20.08,-13.45
2026-02-26 16:00:00,jueves,-19.07,-44.59,-44.4,-35.49,-23.42,-9.15,-28.15,-24.57,-26.79,-21.34,-6.56,-21.13,-12.64
2026-02-26 17:00:00,jueves,-19.11,-44.68,-44.51,-35.87,-22.42,-9.17,-27.3,-26.49,-27.78,-22.35,-7.78,-19.98,-13.04
2026-02-26 18:00:00,jueves,-19.02,-44.75,-44.59,-35.98,-23.85,-9.16,-27.38,-31.37,-29.36,-23.84,-12.33,-21.83,-12.45
2026-02-26 19:00:00,jueves,-18.99,-44.75,-44.57,-35.93,-24.34,-9.19,-27.09,-30.91,-33.45,-27.77,-11.65,-22.38,-12.02
2026-02-26 20:00:00,jueves,-18.97,-44.94,-44.78,-36.58,-23.5,-9.17,-27.9,-26.78,-34.75,-28.91,-8.22,-22.18,-12.9
2026-02-26 21:00:00,jueves,-19.03,-44.37,-43.47,-36.54,-23.46,-9.18,-28.16,-29.23,-43.46,-37.02,-10.4,-21.95,-11.09
2026-02-26 22:00:00,jueves,-19.02,-44.42,-41.15,-36.46,-20.76,-9.17,-27.8,-33.44,-47.53,-41.19,-14.28,-19.09,-8.8
2026-02-26 23:00:00,jueves,-19.0,-44.24,-43.05,-36.96,-23.0,-9.2,-27.47,-36.52,-43.4,-36.69,-16.32,-21.91,-9.88
2026-02-27 00:00:00,viernes,-19.0,-44.29,-41.63,-36.69,-23.81,-9.15,-28.4,-32.13,-46.52,-39.9,-13.14,-22.55,-8.58
2026-02-27 01:00:00,viernes,-19.03,-44.28,-41.6,-36.47,-26.78,-9.19,-27.76,-29.47,-49.28,-42.61,-9.77,-25.98,-8.27
2026-02-27 02:00:00,viernes,-19.02,-44.29,-40.94,-36.29,-24.51,-9.14,-28.94,-24.06,-48.39,-41.65,-5.44,-22.83,-7.56
2026-02-27 03:00:00,viernes,-19.01,-44.25,-40.65,-37.3,-24.5,-9.14,-26.91,-30.38,-49.92,-43.36,-9.65,-23.81,-6.58
2026-02-27 04:00:00,viernes,-19.08,-44.24,-42.61,-35.94,-27.36,-9.17,-26.15,-33.02,-48.11,-41.5,-11.52,-25.49,-9.18
2026-02-27 05:00:00,viernes,-19.06,-44.25,-41.69,-36.27,-26.5,-9.18,-26.26,-33.43,-48.48,-42.1,-12.74,-24.89,-7.43
2026-02-27 06:00:00,viernes,-18.91,-44.24,-42.08,-36.57,-23.52,-9.22,-27.34,-31.87,-47.37,-40.7,-12.63,-22.1,-8.68
2026-02-27 07:00:00,viernes,-19.08,-44.36,-38.5,-37.41,-22.78,-9.2,-26.67,-33.93,-57.47,-50.65,-13.09,-21.52,-4.79
2026-02-27 08:00:00,viernes,-19.06,-44.2,-40.17,-37.36,-29.98,-9.17,-26.77,-28.6,-51.79,-45.1,-8.29,-28.36,-6.48
2026-02-27 09:00:00,viernes,-19.07,-44.29,-41.88,-37.05,-27.2,-9.14,-26.53,-26.6,-52.0,-45.85,-6.83,-25.85,-8.07
2026-02-27 10:00:00,viernes,-19.07,-44.4,-41.23,-36.69,-23.22,-9.18,-24.89,-24.06,-52.76,-46.87,-1.82,-22.03,-7.71
2026-02-27 11:00:00,viernes,-19.07,-44.36,-40.99,-37.05,-21.71,-9.17,-24.38,-26.31,-52.38,-46.56,-3.73,-20.54,-6.27
2026-02-27 12:00:00,viernes,-19.1,-44.26,-43.28,-36.93,-21.69,-9.16,-23.53,-30.77,-45.42,-39.92,-8.44,-20.5,-8.18
2026-02-27 13:00:00,viernes,-19.05,-44.3,-41.81,-36.95,-22.0,-9.21,-24.3,-30.7,-50.62,-44.72,-11.16,-21.03,-7.01
2026-02-27 14:00:00,viernes,-18.96,-44.34,-41.36,-37.04,-22.98,-9.15,-25.07,-26.19,-52.7,-46.41,-6.47,-22.53,-6.24
2026-02-27 15:00:00,viernes,-19.02,-44.38,-40.78,-36.64,-24.01,-9.16,-25.82,-26.97,-54.76,-48.32,-5.54,-23.24,-5.93
2026-02-27 16:00:00,viernes,-18.98,-44.45,-39.82,-36.31,-25.19,-9.2,-25.7,-29.18,-57.28,-50.64,-8.96,-24.07,-5.29
2026-02-27 17:00:00,viernes,-18.98,-44.34,-40.67,-36.32,-24.14,-9.17,-24.72,-30.64,-50.9,-44.54,-11.22,-22.25,-6.08
2026-02-27 18:00:00,viernes,-19.02,-44.44,-37.73,-37.0,-19.4,-9.25,-24.85,-27.29,-57.51,-50.95,-7.95,-18.12,-3.07
2026-02-27 19:00:00,viernes,-19.04,-44.3,-41.04,-37.66,-17.52,-9.19,-24.74,-29.98,-51.15,-44.64,-10.67,-17.46,-5.97
2026-02-27 20:00:00,viernes,-19.05,-44.66,-41.31,-37.52,-21.81,-9.12,-24.14,-31.6,-52.4,-45.82,-11.27,-21.17,-6.65
2026-02-27 21:00:00,viernes,-19.0,-44.88,-40.68,-37.37,-27.57,-8.91,-24.23,-32.69,-54.48,-48.24,-13.08,-26.62,-6.32
2026-02-27 22:00:00,viernes,-19.01,-44.86,-41.24,-37.26,-26.76,-8.67,-24.31,-32.92,-52.13,-45.55,-11.15,-25.62,-7.14
2026-02-27 23:00:00,viernes,-19.01,-44.86,-39.92,-37.21,-29.05,-8.48,-24.46,-30.04,-56.42,-49.98,-7.54,-27.0,-5.66
2026-02-28 00:00:00,sábado,-19.0,-44.91,-41.62,-37.18,-31.05,-8.43,-24.97,-29.81,-55.0,-48.49,-8.12,-28.81,-7.78
2026-02-28 01:00:00,sábado,-18.98,-44.87,-40.19,-37.12,-25.72,-9.22,-24.94,-29.86,-59.92,-52.98,-8.38,-24.34,-5.96
2026-02-28 02:00:00,sábado,-18.94,-44.81,-40.8,-37.73,-24.32,-9.12,-25.39,-27.75,-60.55,-53.46,-6.6,-23.23,-6.77
2026-02-28 03:00:00,sábado,-18.97,-44.87,-41.72,-37.75,-27.2,-8.38,-25.17,-32.24,-56.62,-49.67,-10.46,-25.89,-5.53
2026-02-28 04:00:00,sábado,-19.0,-44.91,-41.57,-38.4,-27.58,-8.12,-24.87,-34.3,-55.69,-49.28,-12.13,-26.64,-5.57
2026-02-28 05:00:00,sábado,-18.98,-44.89,-40.73,-38.35,-30.08,-8.18,-25.32,-35.05,-57.72,-51.54,-13.17,-29.14,-5.72
2026-02-28 06:00:00,sábado,-19.01,-44.93,-40.13,-38.13,-28.95,-8.14,-24.96,-37.3,-61.78,-55.66,-14.59,-27.14,-6.85
2026-02-28 07:00:00,sábado,-18.94,-44.88,-39.43,-37.91,-28.39,-8.13,-25.73,-35.14,-61.78,-55.6,-13.66,-26.5,-4.6
2026-02-28 08:00:00,sábado,-19.03,-44.8,-41.54,-37.89,-29.58,-8.34,-25.64,-31.18,-58.07,-51.63,-9.91,-27.88,-6.98
2026-02-28 09:00:00,sábado,-18.97,-44.65,-35.04,-37.41,-25.48,-9.17,-25.92,-32.61,-67.98,-61.55,-11.59,-24.35,-1.58
2026-02-28 10:00:00,sábado,-19.01,-44.4,-40.53,-37.91,-21.82,-9.14,-25.97,-28.41,-53.83,-47.59,-7.44,-22.21,-6.73
2026-02-28 11:00:00,sábado,-19.02,-44.52,-37.8,-37.78,-20.9,-9.16,-25.89,-27.52,-59.4,-52.87,-6.8,-20.6,-2.46
2026-02-28 12:00:00,sábado,-19.0,-44.54,-36.89,-37.43,-22.79,-9.21,-24.86,-25.73,-59.69,-53.17,-4.52,-22.17,-1.52
2026-02-28 13:00:00,sábado,-19.0,-44.39,-41.77,-37.76,-20.29,-9.23,-23.58,-27.79,-48.68,-42.12,-4.71,-19.92,-5.33
2026-02-28 14:00:00,sábado,-18.95,-44.58,-37.14,-37.33,-21.77,-9.16,-26.51,-24.09,-57.61,-51.1,-4.77,-20.84,-1.46
2026-02-28 15:00:00,sábado,-18.95,-44.55,-38.22,-37.57,-18.87,-9.18,-24.86,-28.64,-56.89,-50.33,-8.75,-18.38,-1.96
2026-02-28 16:00:00,sábado,-18.97,-44.5,-37.91,-36.35,-22.94,-9.18,-24.82,-25.7,-59.63,-53.24,-4.41,-21.0,-2.61
2026-02-28 17:00:00,sábado,-18.94,-44.61,-36.49,-36.84,-22.47,-9.17,-25.01,-25.34,-60.55,-54.48,-4.44,-22.06,-1.45
2026-02-28 18:00:00,sábado,-18.95,-44.47,-39.65,-36.89,-20.68,-9.17,-24.07,-28.71,-55.09,-49.23,-7.71,-20.47,-5.49
2026-02-28 19:00:00,sábado,-18.94,-44.57,-37.49,-37.59,-18.05,-9.21,-24.84,-25.61,-57.78,-51.89,-4.12,-18.26,-3.36
2026-02-28 20:00:00,sábado,-18.95,-44.51,-40.02,-36.9,-20.31,-9.19,-24.3,-28.79,-56.08,-49.99,-7.46,-19.66,-5.13
2026-02-28 21:00:00,sábado,-18.96,-44.57,-36.87,-37.61,-24.81,-9.18,-24.24,-28.13,-65.3,-58.68,-8.24,-23.62,-2.07
2026-02-28 22:00:00,sábado,-18.96,-44.41,-39.9,-37.7,-21.94,-9.16,-24.53,-29.62,-58.97,-52.46,-9.55,-21.0,-4.85
2026-02-28 23:00:00,sábado,-18.94,-44.42,-40.59,-37.55,-24.07,-9.16,-25.28,-28.99,-58.8,-52.23,-9.45,-22.77,-5.25
2026-03-01 00:00:00,domingo,-18.93,-44.48,-39.38,-37.86,-23.73,-9.15,-24.72,-30.99,-59.91,-53.26,-11.24,-22.85,-4.48
2026-03-01 01:00:00,domingo,-18.93,-44.5,-41.04,-37.34,-24.0,-9.2,-24.51,-30.94,-57.72,-50.9,-11.12,-23.54,-6.68
2026-03-01 02:00:00,domingo,-18.93,-44.54,-38.54,-37.29,-20.32,-9.19,-23.41,-31.7,-65.78,-58.92,-10.04,-19.74,-3.97
2026-03-01 03:00:00,domingo,-18.94,-44.61,-37.16,-37.5,-22.36,-9.15,-24.51,-28.77,-66.66,-59.78,-7.4,-22.11,-3.24
2026-03-01 04:00:00,domingo,-18.94,-44.65,-36.8,-37.25,-23.01,-9.15,-23.76,-33.92,-68.02,-61.07,-13.27,-22.07,-2.64
2026-03-01 05:00:00,domingo,-18.91,-44.7,-31.71,-37.08,-24.14,-9.21,-24.49,-26.47,-66.94,-60.54,-5.9,-22.91,-4.5
2026-03-01 06:00:00,domingo,-18.84,-44.38,-30.37,-37.15,-26.46,-9.17,-24.48,-28.02,-60.8,-54.46,-6.72,-25.51,-2.14
2026-03-01 07:00:00,domingo,-18.93,-43.02,-32.97,-36.29,-29.32,-9.17,-24.03,-30.76,-59.46,-53.06,-10.45,-27.62,0.5
2026-03-01 08:00:00,domingo,-18.91,-44.26,-36.81,-35.58,-28.84,-9.19,-25.14,-27.89,-59.21,-52.43,-6.94,-26.53,-5.73
2026-03-01 09:00:00,domingo,-18.95,-44.76,-37.95,-35.36,-26.6,-9.16,-25.47,-28.02,-64.76,-57.89,-7.02,-23.98,-6.38
2026-03-01 10:00:00,domingo,-18.92,-44.8,-36.09,-35.24,-24.97,-9.18,-24.33,-29.97,-67.96,-60.75,-8.82,-22.27,-3.58
2026-03-01 11:00:00,domingo,-18.94,-44.8,-36.76,-36.33,-22.79,-9.04,-23.73,-31.25,-61.93,-55.2,-11.1,-22.04,-4.68
2026-03-01 12:00:00,domingo,-18.99,-44.69,-36.91,-37.82,-19.14,-8.69,-23.61,-31.2,-61.23,-55.03,-10.3,-18.9,-5.03
2026-03-01 13:00:00,domingo,-18.94,-44.64,-37.14,-38.06,-21.15,-8.63,-23.5,-30.08,-62.42,-56.24,-10.5,-21.75,-6.2
2026-03-01 14:00:00,domingo,-18.94,-44.42,-42.43,-37.46,-21.71,-8.67,-24.67,-28.53,-52.24,-46.18,-9.83,-21.52,-9.15
2026-03-01 15:00:00,domingo,-18.95,-44.52,-40.24,-38.14,-18.67,-8.69,-24.7,-31.47,-56.68,-50.28,-12.23,-19.01,-5.49
2026-03-01 16:00:00,domingo,-18.95,-44.46,-40.68,-37.35,-21.35,-8.65,-24.34,-28.41,-57.14,-50.59,-9.04,-20.62,-5.82
2026-03-01 17:00:00,domingo,-18.91,-44.52,-39.51,-37.73,-20.37,-8.66,-25.11,-27.14,-57.04,-50.58,-8.26,-18.9,-3.81
2026-03-01 18:00:00,domingo,-18.88,-44.6,-37.37,-37.69,-19.94,-8.65,-24.55,-28.99,-61.1,-54.64,-8.64,-18.02,-1.44
2026-03-01 19:00:00,domingo,-18.94,-44.5,-39.09,-38.11,-16.08,-8.69,-24.96,-23.69,-56.79,-50.29,-2.43,-14.58,-3.72
2026-03-01 20:00:00,domingo,-18.97,-44.51,-37.55,-38.47,-22.92,-8.66,-24.62,-22.76,-57.06,-50.63,-1.21,-22.53,-2.92
2026-03-01 21:00:00,domingo,-18.96,-44.68,-39.5,-38.26,-24.37,-8.65,-23.96,-28.36,-55.28,-49.05,-6.14,-24.04,-4.31
2026-03-01 22:00:00,domingo,-18.94,-44.91,-36.45,-38.42,-22.89,-8.67,-23.81,-27.69,-65.26,-58.83,-6.82,-22.65,-1.06
2026-03-01 23:00:00,domingo,-18.93,-44.64,-39.83,-38.05,-25.56,-8.66,-24.34,-24.64,-54.92,-48.66,-2.26,-24.03,-3.13
2026-03-02 00:00:00,lunes,-18.96,-44.72,-40.14,-37.54,-30.3,-8.67,-24.4,-20.56,-55.51,-49.2,1.47,-28.25,-3.55
2026-03-02 01:00:00,lunes,-18.98,-44.77,-40.0,-38.06,-29.35,-8.68,-24.53,-23.55,-60.1,-53.48,-2.1,-28.73,-4.7
2026-03-02 02:00:00,lunes,-18.96,-44.86,-41.79,-37.24,-30.22,-9.17,-25.13,-24.84,-56.03,-49.8,-3.27,-29.29,-6.23
2026-03-02 03:00:00,lunes,-18.97,-44.67,-42.5,-37.65,-29.32,-9.15,-25.92,-22.74,-55.68,-49.45,-1.86,-28.57,-5.56
2026-03-02 04:00:00,lunes,-18.97,-44.72,-40.03,-36.87,-29.79,-9.18,-25.27,-23.43,-58.6,-52.19,-1.87,-28.36,-4.13
2026-03-02 05:00:00,lunes,-18.96,-44.65,-42.73,-37.37,-27.72,-9.2,-24.92,-25.42,-51.99,-45.5,-3.72,-26.57,-6.99
2026-03-02 06:00:00,lunes,-18.95,-44.72,-41.96,-36.92,-28.53,-9.16,-25.02,-22.58,-55.74,-48.99,-0.64,-26.5,-5.74
2026-03-02 07:00:00,lunes,-18.97,-44.83,-40.42,-37.19,-27.28,-9.17,-25.49,-22.27,-58.4,-51.74,-0.96,-25.85,-4.6
2026-03-02 08:00:00,lunes,-18.99,-44.75,-40.22,-36.55,-29.24,-9.2,-25.12,-22.65,-58.08,-51.61,-2.05,-27.26,-4.43
2026-03-02 09:00:00,lunes,-18.98,-44.62,-40.89,-36.48,-26.91,-9.19,-25.94,-19.59,-52.02,-45.97,0.4,-24.7,-6.08
2026-03-02 10:00:00,lunes,-19.0,-44.45,-40.13,-37.57,-27.02,-8.91,-25.0,-23.37,-51.85,-45.47,-1.54,-26.16,-4.63
2026-03-02 11:00:00,lunes,-19.02,-44.33,-36.58,-38.57,-22.99,-8.68,-26.09,-22.8,-58.65,-52.31,-1.97,-23.53,-1.04
2026-03-02 12:00:00,lunes,-19.05,-44.23,-39.51,-37.16,-27.83,-8.61,-25.73,-24.32,-52.85,-46.69,-3.89,-27.38,-4.11
2026-03-02 13:00:00,lunes,-19.01,-44.46,-36.23,-36.49,-27.83,-8.63,-25.99,-24.15,-57.01,-50.68,-3.94,-26.02,-0.77
2026-03-02 14:00:00,lunes,-18.98,-44.29,-38.77,-35.94,-29.02,-8.68,-25.03,-21.81,-54.07,-47.55,0.41,-27.12,-3.24
2026-03-02 15:00:00,lunes,-18.97,-44.22,-41.85,-35.98,-29.53,-8.67,-24.73,-21.86,-51.68,-45.1,0.32,-26.58,-5.93
2026-03-02 16:00:00,lunes,-18.95,-44.37,-39.64,-35.38,-30.92,-8.67,-24.95,-24.12,-58.35,-51.77,-2.02,-27.27,-4.46
2026-03-02 17:00:00,lunes,-18.93,-44.48,-38.46,-36.21,-28.7,-8.69,-25.01,-20.83,-56.42,-50.22,1.21,-25.79,-2.87
2026-03-02 18:00:00,lunes,-18.88,-44.69,-36.96,-36.26,-27.1,-8.65,-24.45,-24.22,-56.81,-50.94,-1.34,-24.53,-1.97
2026-03-02 19:00:00,lunes,-18.87,-44.71,-35.17,-35.85,-27.85,-8.64,-25.23,-23.21,-62.69,-56.63,-2.82,-24.61,-0.38
2026-03-02 20:00:00,lunes,-18.86,-44.61,-39.09,-35.77,-28.48,-8.72,-24.32,-25.62,-54.98,-48.56,-4.31,-25.25,-4.0
2026-03-02 21:00:00,lunes,-18.9,-44.67,-36.9,-35.87,-25.68,-8.94,-24.53,-23.41,-63.51,-56.87,-3.84,-23.25,-1.17
2026-03-02 22:00:00,lunes,-18.92,-44.58,-38.1,-36.56,-25.65,-8.7,-24.28,-23.84,-61.05,-54.47,-3.83,-23.72,-2.64
2026-03-02 23:00:00,lunes,-18.93,-44.77,-33.94,-37.62,-23.52,-8.67,-25.07,-23.09,-64.3,-57.92,-3.81,-22.79,1.27
2026-03-03 00:00:00,martes,-18.93,-44.57,-36.86,-37.34,-25.71,-8.67,-24.99,-20.82,-57.24,-50.65,-1.49,-24.62,-1.4
2026-03-03 01:00:00,martes,-18.95,-43.94,-39.21,-37.08,-23.94,-8.65,-24.93,-19.05,-33.76,-26.95,2.2,-22.84,-4.71
2026-03-03 02:00:00,martes,-18.96,-44.41,-32.29,-37.08,-26.79,-8.67,-25.33,-22.74,-50.18,-43.59,-3.26,-25.25,0.97
2026-03-03 03:00:00,martes,-18.98,-44.33,-33.2,-37.87,-29.51,-8.65,-25.75,-25.76,-50.6,-44.17,-7.33,-28.15,0.05
2026-03-03 04:00:00,martes,-19.0,-44.23,-36.08,-36.94,-28.6,-8.67,-26.63,-19.96,-47.57,-41.28,-2.32,-26.49,-0.04
2026-03-03 05:00:00,martes,-19.02,-44.39,-36.38,-37.61,-26.85,-8.67,-27.78,-22.2,-56.36,-50.19,-5.4,-25.7,-0.24
2026-03-03 06:00:00,martes,-19.08,-44.4,-38.44,-37.39,-27.59,-8.67,-27.67,-21.8,-56.47,-50.23,-4.51,-25.48,-1.6
2026-03-03 07:00:00,martes,-19.11,-44.36,-38.42,-37.78,-25.48,-8.66,-25.97,-24.58,-57.79,-51.12,-4.03,-24.14,-2.38
2026-03-03 08:00:00,martes,-19.07,-44.27,-40.08,-37.04,-28.4,-8.86,-25.33,-21.42,-54.02,-47.5,-2.56,-27.98,-3.64
2026-03-03 09:00:00,martes,-19.1,-44.02,-43.69,-36.23,-26.2,-9.17,-26.53,-18.93,-43.72,-37.65,-1.83,-25.08,-8.26
2026-03-03 10:00:00,martes,-19.11,-44.1,-43.81,-36.48,-21.18,-9.14,-25.97,-21.21,-42.05,-36.03,-4.43,-20.17,-9.23
2026-03-03 11:00:00,martes,-19.01,-44.19,-43.92,-30.87,-21.29,-9.15,-24.48,-22.5,-40.83,-34.9,-5.16,-17.82,-9.91
2026-03-03 12:00:00,martes,-19.01,-44.5,-39.59,-18.23,-12.23,-9.16,-24.36,-20.98,-50.58,-44.35,-3.8,-0.86,-5.92
2026-03-03 13:00:00,martes,-19.03,-44.65,-37.86,-18.57,-15.77,-9.16,-23.89,-21.54,-56.51,-50.35,-3.78,-5.44,-3.5
2026-03-03 14:00:00,martes,-19.04,-44.57,-37.83,-21.97,-21.2,-9.14,-23.8,-22.55,-57.68,-51.46,-4.58,-14.2,-3.31
2026-03-03 15:00:00,martes,-18.99,-44.59,-37.53,-22.55,-14.6,-9.25,-23.67,-22.21,-56.51,-50.21,-3.83,-8.89,-3.28
2026-03-03 16:00:00,martes,-18.99,-44.66,-36.61,-21.13,-21.69,-9.19,-25.66,-18.8,-57.74,-51.58,-2.55,-15.83,-2.04
2026-03-03 17:00:00,martes,-18.98,-44.6,-36.69,-24.6,-31.4,-9.12,-24.5,-23.1,-56.82,-50.59,-5.31,-30.73,-2.4
2026-03-03 18:00:00,martes,-18.93,-43.2,-36.18,-22.68,-34.88,-9.22,-24.51,-21.42,-62.51,-56.07,-3.62,-33.19,-1.03
2026-03-03 19:00:00,martes,-18.96,-42.61,-37.17,-21.11,-34.99,-9.16,-25.4,-21.29,-64.65,-58.02,-4.37,-31.87,-0.83
2026-03-03 20:00:00,martes,-18.99,-42.48,-38.71,-18.4,-31.89,-9.17,-25.34,-24.15,-61.28,-55.03,-7.67,-26.06,-1.02
2026-03-03 21:00:00,martes,-18.97,-42.55,-40.42,-19.72,-28.84,-9.16,-24.62,-25.86,-55.11,-49.18,-8.33,-23.45,-2.13
2026-03-03 22:00:00,martes,-18.96,-43.02,-35.78,-20.09,-25.37,-9.12,-24.55,-24.92,-65.97,-59.9,-6.89,-19.33,1.95
2026-03-03 23:00:00,martes,-18.93,-43.13,-39.53,-20.67,-29.24,-8.68,-25.78,-22.8,-60.84,-54.86,-6.1,-24.5,-2.98
2026-03-04 00:00:00,miércoles,-18.96,-43.1,-34.64,-18.99,-29.84,-8.67,-25.9,-19.16,-68.98,-62.84,-2.24,-26.86,2.32
2026-03-04 01:00:00,miércoles,-18.95,-42.41,-38.59,-19.78,-26.6,-8.67,-26.15,-22.55,-61.92,-55.7,-4.02,-22.25,-0.87
2026-03-04 02:00:00,miércoles,-18.96,-42.55,-41.03,-21.28,-27.24,-8.65,-24.98,-25.97,-61.43,-54.76,-3.63,-21.39,-3.78
2026-03-04 03:00:00,miércoles,-19.01,-42.57,-37.96,-22.9,-23.93,-8.68,-24.9,-27.74,-67.32,-60.56,-8.18,-20.23,-0.34
2026-03-04 04:00:00,miércoles,-19.07,-42.44,-42.52,-19.91,-31.23,-8.49,-24.98,-26.07,-57.68,-51.36,-9.92,-25.96,-5.09
2026-03-04 05:00:00,miércoles,-19.09,-42.52,-39.16,-13.26,-33.5,-8.41,-25.31,-23.62,-66.51,-59.86,-8.24,-24.18,-2.73
2026-03-04 06:00:00,miércoles,-19.13,-42.55,-40.68,-7.0,-33.6,-8.33,-24.92,-20.55,-60.77,-54.25,-3.56,-19.32,-4.88
2026-03-04 07:00:00,miércoles,-19.12,-42.48,-40.69,-7.27,-32.69,-8.15,-23.76,-21.58,-59.3,-52.87,-2.51,-15.69,-3.4
2026-03-04 08:00:00,miércoles,-19.16,-42.5,-39.64,-12.6,-23.34,-8.15,-24.94,-19.31,-61.72,-55.38,-2.49,-11.2,-3.17
2026-03-04 09:00:00,miércoles,-19.16,-42.53,-42.14,-13.61,-14.02,-8.15,-23.65,-20.86,-56.05,-49.84,-3.27,-0.56,-5.86
2026-03-04 10:00:00,miércoles,-19.17,-42.54,-37.52,-15.04,-15.43,-8.13,-23.84,-18.71,-63.65,-57.69,-2.21,-2.72,-1.64
2026-03-04 11:00:00,miércoles,-19.18,-42.5,-40.15,-16.8,-26.08,-8.2,-24.01,-17.66,-55.59,-49.78,-0.48,-14.01,-4.49
2026-03-04 12:00:00,miércoles,-19.16,-42.48,-41.32,-15.68,-21.89,-8.2,-24.15,-17.03,-55.25,-49.45,0.59,-8.79,-5.44
2026-03-04 13:00:00,miércoles,-19.14,-43.93,-35.16,-19.02,-11.79,-8.13,-23.45,-17.15,-67.6,-61.28,-0.32,-1.78,-0.22
2026-03-04 14:00:00,miércoles,-19.09,-44.26,-40.68,-19.85,-6.09,-8.16,-24.44,-14.67,-52.87,-46.8,1.28,4.64,-7.48
2026-03-04 15:00:00,miércoles,-19.1,-44.31,-36.03,-30.01,-10.24,-8.06,-24.25,-14.98,-61.28,-55.12,3.03,-7.27,-2.09
2026-03-04 16:00:00,miércoles,-19.1,-44.23,-40.2,-34.34,-13.43,-8.19,-25.27,-13.78,-52.49,-46.44,3.25,-14.37,-6.14
2026-03-04 17:00:00,miércoles,-19.07,-44.3,-40.32,-35.23,-9.72,-8.21,-19.7,-29.13,-51.68,-45.74,-6.19,-10.35,-6.45
2026-03-04 18:00:00,miércoles,-19.04,-44.28,-37.85,-37.39,-8.08,-8.16,-17.83,-34.14,-54.34,-48.33,-10.26,-9.94,-3.14
2026-03-04 19:00:00,miércoles,-19.05,-44.31,-40.83,-38.37,-14.8,-8.11,-20.71,-23.45,-47.85,-41.93,-2.23,-16.37,-6.14
2026-03-04 20:00:00,miércoles,-19.05,-44.27,-40.47,-37.29,-14.34,-8.25,-22.33,-19.07,-51.7,-45.74,-0.1,-15.08,-5.06
2026-03-04 21:00:00,miércoles,-19.09,-44.27,-40.8,-34.31,-12.32,-8.13,-20.2,-24.98,-50.99,-45.02,-3.78,-10.65,-5.25
2026-03-04 22:00:00,miércoles,-19.07,-44.24,-43.13,-33.64,-10.49,-8.69,-20.43,-25.19,-47.6,-41.46,-4.5,-8.8,-7.27
2026-03-04 23:00:00,miércoles,-19.11,-44.29,-40.69,-33.06,-11.55,-8.63,-24.96,-16.13,-52.74,-46.62,1.73,-9.05,-4.57
2026-03-05 00:00:00,jueves,-19.07,-44.24,-42.95,-32.37,-13.03,-8.61,-26.55,-12.94,-47.92,-41.85,4.23,-10.04,-6.78
2026-03-05 01:00:00,jueves,-19.14,-44.31,-36.87,-30.57,-10.49,-7.71,-27.15,-13.02,-58.72,-52.74,3.37,-5.34,-0.88
2026-03-05 02:00:00,jueves,-19.13,-44.23,-39.41,-31.57,-11.38,-7.66,-27.2,-11.27,-54.53,-48.67,5.25,-7.15,-3.06
2026-03-05 03:00:00,jueves,-19.12,-44.22,-42.22,-30.43,-10.9,-7.62,-25.63,-14.52,-46.92,-41.07,3.41,-4.48,-6.08
2026-03-05 04:00:00,jueves,-19.15,-44.2,-42.25,-29.45,-7.24,-7.33,-14.16,-21.96,-46.04,-39.95,1.43,-0.42,-5.76
2026-03-05 05:00:00,jueves,-19.17,-44.29,-44.17,-28.56,-12.24,-7.13,-10.45,-4.77,-44.31,-38.36,17.02,-5.02,-8.22
2026-03-05 06:00:00,jueves,-19.11,-44.23,-43.3,-27.08,-11.64,-7.15,-9.07,-2.89,-45.29,-39.36,19.12,-2.76,-6.56
2026-03-05 07:00:00,jueves,-19.09,-44.26,-43.28,-29.06,-6.59,-7.12,-8.97,-3.69,-46.17,-40.08,17.44,0.34,-6.2
2026-03-05 08:00:00,jueves,-19.06,-44.28,-40.99,-28.29,-9.14,-7.14,-8.97,-3.79,-51.06,-44.93,15.8,-2.1,-4.2
2026-03-05 09:00:00,jueves,-19.08,-44.24,-38.3,-29.17,-10.25,-7.1,-8.97,-4.06,-55.2,-49.14,15.49,-3.36,-2.04
2026-03-05 10:00:00,jueves,-19.08,-44.21,-42.42,-29.69,-15.48,-7.1,-8.97,-8.52,-44.64,-38.53,11.04,-9.18,-6.67
2026-03-05 11:00:00,jueves,-19.12,-44.27,-41.6,-29.45,-11.97,-7.12,-8.97,-8.02,-47.26,-41.59,11.74,-5.04,-6.74
2026-03-05 12:00:00,jueves,-19.1,-44.27,-41.46,-30.32,-7.21,-7.18,-8.52,-8.29,-45.89,-40.21,10.66,-1.15,-7.28
2026-03-05 13:00:00,jueves,-19.09,-44.35,-40.74,-33.8,-9.9,-7.13,-7.96,-11.39,-46.27,-40.75,6.64,-7.24,-5.06
2026-03-05 14:00:00,jueves,-19.06,-44.29,-36.06,-34.29,-8.79,-7.15,-7.96,-12.07,-52.31,-46.74,6.87,-6.37,-0.22
2026-03-05 15:00:00,jueves,-19.05,-44.24,-42.57,-32.99,-14.2,-7.29,-7.96,-15.04,-38.54,-33.16,6.82,-11.73,-6.44
2026-03-05 16:00:00,jueves,-19.02,-44.32,-36.62,-32.21,-11.13,-8.15,-7.96,-17.02,-52.76,-47.11,5.73,-11.21,-0.61
2026-03-05 17:00:00,jueves,-18.97,-44.26,-37.59,-30.43,-17.73,-8.12,-7.97,-16.29,-48.77,-43.0,6.95,-15.21,-3.27
2026-03-05 18:00:00,jueves,-18.97,-44.29,-39.79,-32.13,-14.94,-8.15,-7.96,-17.89,-41.84,-36.32,7.64,-11.54,-4.5
2026-03-05 19:00:00,jueves,-18.91,-44.31,-38.67,-34.18,-10.39,-7.37,-7.24,-16.02,-45.87,-40.27,11.71,-8.15,-3.58
2026-03-05 20:00:00,jueves,-18.92,-44.32,-39.81,-32.25,-13.0,-7.88,-8.86,-16.93,-45.33,-39.82,12.14,-8.07,-4.47
2026-03-05 21:00:00,jueves,-18.96,-44.27,-39.8,-31.89,-15.46,-8.13,-10.93,-13.69,-46.56,-41.16,15.42,-10.12,-5.21
2026-03-05 22:00:00,jueves,-18.99,-44.27,-40.14,-31.28,-16.74,-8.35,-12.22,-16.18,-45.59,-40.16,11.91,-10.63,-4.71
2026-03-05 23:00:00,jueves,-19.0,-44.28,-43.66,-32.93,-11.46,-8.63,-13.36,-14.71,-37.26,-31.75,11.83,-6.92,-8.75
2026-03-06 00:00:00,viernes,-18.97,-44.27,-43.04,-34.74,-8.45,-8.14,-14.13,-14.39,-41.34,-35.58,9.9,-5.51,-7.76
2026-03-06 01:00:00,viernes,-18.95,-44.31,-42.38,-34.61,-8.01,-8.15,-14.96,-15.97,-42.13,-36.62,8.49,-4.8,-6.84
2026-03-06 02:00:00,viernes,-18.94,-44.34,-39.18,-32.89,-8.69,-8.17,-14.96,-20.53,-45.75,-40.28,2.85,-4.25,-3.58
2026-03-06 03:00:00,viernes,-18.95,-44.21,-42.44,-33.4,-5.81,-8.16,-15.66,-16.82,-40.8,-35.24,5.38,-1.85,-6.31
2026-03-06 04:00:00,viernes,-18.99,-44.29,-43.03,-32.47,-3.18,-8.19,-16.96,-11.61,-38.56,-33.25,9.04,1.87,-7.33
2026-03-06 05:00:00,viernes,-19.01,-44.3,-41.32,-32.92,-2.99,-8.16,-16.5,-20.61,-39.49,-34.39,2.58,2.06,-6.29
2026-03-06 06:00:00,viernes,-19.03,-44.28,-43.26,-34.38,-6.66,-8.15,-15.46,-22.98,-35.53,-30.2,1.89,-2.33,-8.52
2026-03-06 07:00:00,viernes,-19.05,-44.24,-41.87,-37.2,-7.89,-8.17,-14.47,-22.8,-44.18,-38.8,2.45,-6.11,-6.65
2026-03-06 08:00:00,viernes,-19.06,-44.24,-43.1,-38.52,-15.18,-8.15,-15.12,-21.7,-42.6,-37.24,3.01,-15.89,-8.19
2026-03-06 09:00:00,viernes,-19.06,-44.32,-39.13,-38.23,-19.38,-8.14,-14.45,-25.86,-50.47,-45.16,-0.25,-19.94,-4.72
2026-03-06 10:00:00,viernes,-19.06,-44.36,-36.62,-37.8,-15.51,-8.16,-13.77,-23.08,-52.99,-47.55,3.26,-16.2,-2.24
2026-03-06 11:00:00,viernes,-19.08,-44.27,-40.24,-38.33,-9.16,-8.33,-13.34,-26.98,-46.74,-41.21,0.81,-10.33,-5.76
2026-03-06 12:00:00,viernes,-19.08,-44.35,-38.21,-37.95,-8.84,-9.15,-13.92,-26.94,-52.48,-46.7,0.28,-10.23,-3.37
2026-03-06 13:00:00,viernes,-19.04,-44.23,-38.18,-36.31,-15.74,-9.18,-15.18,-27.37,-48.42,-42.86,-0.95,-15.05,-3.19
2026-03-06 14:00:00,viernes,-18.98,-44.34,-39.97,-35.27,-19.22,-9.18,-15.67,-25.67,-45.45,-39.66,1.01,-17.27,-4.88
2026-03-06 15:00:00,viernes,-18.94,-44.29,-34.76,-35.75,-19.63,-9.16,-15.18,-27.82,-55.79,-49.92,0.47,-17.88,-0.17
2026-03-06 16:00:00,viernes,-18.87,-44.28,-40.31,-33.75,-22.06,-9.19,-15.1,-23.6,-45.98,-40.19,6.68,-17.84,-5.26
2026-03-06 17:00:00,viernes,-18.85,-44.33,-36.9,-34.24,-19.97,-9.21,-13.99,-23.75,-51.0,-45.7,7.37,-16.44,-2.47
2026-03-06 18:00:00,viernes,-18.82,-44.21,-38.35,-35.14,-18.1,-9.12,-15.23,-25.36,-49.92,-44.58,5.1,-14.69,-3.06
2026-03-06 19:00:00,viernes,-18.82,-44.35,-40.96,-35.97,-18.2,-9.14,-14.35,-27.67,-43.86,-38.28,3.18,-15.56,-5.13
2026-03-06 20:00:00,viernes,-18.86,-44.35,-38.36,-35.44,-18.01,-9.18,-14.2,-27.23,-49.2,-43.38,2.78,-15.5,-3.93
2026-03-06 21:00:00,viernes,-18.9,-44.29,-40.85,-35.91,-18.51,-9.13,-13.92,-28.53,-44.38,-38.74,1.29,-16.46,-5.75
2026-03-06 22:00:00,viernes,-18.85,-44.26,-38.6,-35.84,-18.8,-9.16,-14.7,-24.29,-43.2,-37.37,5.06,-16.78,-2.02
2026-03-06 23:00:00,viernes,-18.89,-44.28,-39.82,-36.38,-17.56,-9.19,-15.65,-27.22,-47.06,-41.04,3.18,-15.83,-4.51
2026-03-07 00:00:00,sábado,-18.89,-44.3,-42.96,-36.77,-17.27,-9.17,-19.15,-20.54,-39.6,-33.62,6.34,-15.49,-7.04
2026-03-07 01:00:00,sábado,-18.89,-44.28,-40.55,-36.35,-18.89,-9.2,-23.51,-22.66,-43.43,-37.6,-0.51,-16.78,-5.43
2026-03-07 02:00:00,sábado,-18.89,-44.27,-42.82,-36.23,-22.11,-9.17,-21.81,-30.64,-36.89,-31.25,-8.09,-20.23,-8.08
2026-03-07 03:00:00,sábado,-18.93,-44.32,-38.55,-37.73,-22.39,-9.2,-24.11,-33.16,-45.87,-40.29,-14.89,-21.29,-4.23
2026-03-07 04:00:00,sábado,-18.94,-44.27,-41.74,-38.39,-23.05,-9.16,-24.23,-32.25,-37.11,-31.83,-13.82,-22.08,-6.65
2026-03-07 05:00:00,sábado,-18.97,-44.34,-43.66,-37.97,-25.27,-9.23,-26.11,-26.57,-33.72,-28.85,-9.65,-23.73,-8.37
2026-03-07 06:00:00,sábado,-18.98,-44.41,-42.34,-37.95,-26.99,-9.12,-25.84,-26.42,-42.79,-37.25,-9.0,-25.63,-7.57
2026-03-07 07:00:00,sábado,-19.04,-44.5,-44.23,-38.33,-23.27,-9.21,-25.34,-25.3,-37.68,-32.34,-5.92,-23.11,-8.3
2026-03-07 08:00:00,sábado,-19.09,-44.47,-44.04,-38.33,-25.98,-9.15,-26.94,-18.28,-35.87,-30.55,0.77,-26.04,-7.85
2026-03-07 09:00:00,sábado,-19.09,-44.43,-44.16,-37.83,-23.47,-9.16,-28.3,-19.98,-37.16,-31.93,-2.57,-23.65,-8.57
2026-03-07 10:00:00,sábado,-19.15,-44.54,-42.27,-37.43,-17.4,-9.17,-27.07,-29.18,-42.55,-37.2,-10.81,-17.49,-6.93
2026-03-07 11:00:00,sábado,-19.02,-44.61,-38.47,-38.08,-14.14,-8.79,-26.41,-26.27,-48.12,-42.54,-7.11,-15.91,-3.64
2026-03-07 12:00:00,sábado,-19.09,-44.49,-42.12,-36.53,-17.29,-9.16,-26.27,-27.89,-39.18,-33.54,-8.5,-17.61,-6.74
2026-03-07 13:00:00,sábado,-19.06,-44.6,-39.42,-36.56,-20.84,-9.18,-26.3,-29.81,-45.7,-39.92,-11.26,-20.88,-4.17
2026-03-07 14:00:00,sábado,-19.02,-44.56,-38.86,-36.91,-21.05,-9.17,-26.61,-30.1,-44.17,-38.65,-11.33,-21.17,-4.25
2026-03-07 15:00:00,sábado,-18.96,-44.58,-41.41,-36.61,-20.16,-9.19,-26.93,-25.95,-41.3,-35.97,-7.08,-19.03,-6.38
2026-03-07 16:00:00,sábado,-18.93,-44.77,-35.04,-36.73,-20.11,-9.16,-25.89,-23.88,-53.12,-47.4,-4.25,-19.11,-0.13
2026-03-07 17:00:00,sábado,-18.93,-44.47,-42.1,-36.94,-21.8,-9.15,-26.47,-20.63,-41.04,-35.33,-1.61,-21.28,-7.24
2026-03-07 18:00:00,sábado,-18.93,-44.6,-38.17,-36.43,-21.57,-9.18,-26.34,-23.87,-48.46,-42.72,-4.88,-20.84,-3.91
2026-03-07 19:00:00,sábado,-18.94,-44.54,-40.01,-36.34,-22.21,-9.19,-26.07,-24.44,-42.21,-36.42,-5.04,-21.48,-5.96
2026-03-07 20:00:00,sábado,-18.96,-44.49,-43.15,-36.06,-21.09,-9.19,-26.28,-25.52,-36.49,-30.9,-6.58,-20.07,-8.58
2026-03-07 21:00:00,sábado,-18.98,-44.31,-42.26,-36.69,-23.68,-8.83,-26.23,-28.72,-36.9,-31.35,-9.32,-22.93,-6.51
2026-03-07 22:00:00,sábado,-18.95,-44.35,-43.31,-38.18,-23.26,-8.15,-26.24,-27.12,-37.93,-32.43,-9.33,-23.11,-7.09
2026-03-07 23:00:00,sábado,-19.0,-44.48,-40.35,-38.51,-21.18,-8.18,-26.45,-23.26,-45.17,-39.52,-5.29,-20.97,-5.39
2026-03-08 00:00:00,domingo,-18.96,-44.44,-40.64,-38.67,-20.89,-8.17,-26.96,-21.35,-43.57,-37.92,-2.88,-20.66,-5.48
2026-03-08 01:00:00,domingo,-18.98,-44.34,-43.37,-38.45,-23.78,-8.14,-26.34,-26.07,-36.43,-31.0,-6.49,-23.37,-7.67
2026-03-08 02:00:00,domingo,-19.02,-44.35,-41.2,-38.55,-22.5,-8.07,-26.44,-22.14,-42.77,-37.53,-2.58,-21.47,-4.73
2026-03-08 03:00:00,domingo,-19.04,-44.37,-43.49,-38.28,-20.89,-8.17,-26.6,-19.48,-39.27,-34.03,-0.61,-19.98,-7.11
2026-03-08 04:00:00,domingo,-19.01,-44.54,-38.22,-37.75,-23.18,-8.19,-25.99,-22.47,-49.21,-43.61,-3.08,-21.99,-2.36
2026-03-08 05:00:00,domingo,-18.99,-44.36,-40.04,-38.31,-25.04,-8.16,-25.36,-24.05,-43.26,-37.64,-5.46,-24.73,-3.84
2026-03-08 06:00:00,domingo,-19.04,-44.33,-43.22,-38.1,-22.91,-8.17,-24.6,-24.95,-36.54,-30.94,-5.94,-22.23,-7.66
2026-03-08 07:00:00,domingo,-19.04,-44.33,-40.23,-38.31,-25.53,-8.15,-26.12,-20.92,-41.43,-35.79,-1.87,-24.46,-4.36
2026-03-08 08:00:00,domingo,-19.11,-44.28,-43.66,-38.4,-24.32,-8.21,-25.28,-27.2,-37.44,-31.82,-9.99,-24.14,-8.03
2026-03-08 09:00:00,domingo,-19.07,-44.17,-43.08,-38.08,-21.41,-8.16,-24.32,-27.49,-36.37,-31.06,-9.38,-20.82,-7.49
2026-03-08 10:00:00,domingo,-19.05,-44.22,-43.44,-38.47,-21.09,-8.13,-24.51,-26.72,-32.3,-27.08,-9.82,-20.75,-7.17
2026-03-08 11:00:00,domingo,-19.01,-44.27,-42.87,-38.57,-20.8,-8.17,-24.79,-26.75,-36.19,-30.99,-10.38,-21.55,-6.71
2026-03-08 12:00:00,domingo,-18.96,-44.53,-40.01,-38.21,-15.7,-8.15,-24.18,-23.78,-32.56,-27.23,-5.62,-16.38,-5.02
2026-03-08 13:00:00,domingo,-19.03,-45.1,-43.82,-37.91,-17.75,-8.16,-26.23,-24.33,0.0,4.95,-8.55,-18.28,-10.97
2026-03-08 14:00:00,domingo,-19.03,-45.15,-42.93,-37.78,-21.48,-8.15,-25.04,-24.26,0.0,4.62,-7.13,-21.87,-8.05
2026-03-08 15:00:00,domingo,-19.02,-43.94,-41.58,-38.2,-18.91,-8.17,-24.79,-28.42,0.0,3.54,-10.47,-19.08,-5.43
2026-03-08 16:00:00,domingo,-18.98,-44.02,-42.04,-37.81,-18.8,-8.13,-25.21,-27.24,0.0,3.67,-9.74,-18.17,-5.94
2026-03-08 17:00:00,domingo,-19.0,-44.92,-40.58,-37.23,-19.01,-8.14,-26.0,-22.42,0.0,5.04,-5.77,-18.11,-6.19
2026-03-08 18:00:00,domingo,-18.89,-45.24,-38.51,-37.14,-19.45,-8.18,-27.13,-19.7,0.0,4.81,-3.82,-18.53,-4.39
2026-03-08 19:00:00,domingo,-19.0,-45.28,-38.92,-37.67,-17.6,-8.15,-25.92,-26.65,-2.6,2.26,-7.23,-17.17,-4.42
2026-03-08 20:00:00,domingo,-18.99,-44.6,-42.38,-37.5,-18.99,-8.15,-7.51,-1.79,-20.01,-14.75,29.96,-18.66,-7.33
2026-03-08 21:00:00,domingo,-18.99,-44.76,-43.54,-38.43,-24.86,-8.18,-7.77,0.0,-31.29,-25.83,28.64,-24.59,-8.25
2026-03-08 22:00:00,domingo,-18.97,-44.56,-43.75,-38.51,-23.93,-8.17,-8.51,0.0,-37.03,-31.31,25.35,-23.64,-7.18
2026-03-08 23:00:00,domingo,-18.97,-44.58,-43.37,-38.39,-25.93,-8.16,-11.82,0.0,-37.47,-31.9,23.93,-25.5,-7.09
2026-03-09 00:00:00,lunes,-18.97,-44.63,-40.76,-38.0,-24.8,-8.15,-12.31,0.0,-44.43,-39.16,27.03,-24.15,-4.44
2026-03-09 01:00:00,lunes,-18.97,-44.64,-43.14,-38.32,-23.91,-8.12,-15.69,0.0,-38.76,-33.56,23.77,-23.57,-6.97
2026-03-09 02:00:00,lunes,-18.99,-44.67,-41.26,-38.43,-23.51,-8.17,-17.94,0.0,-42.99,-37.83,22.49,-23.49,-5.52
2026-03-09 03:00:00,lunes,-19.03,-44.62,-42.58,-38.53,-23.63,-8.15,-17.45,0.0,-38.27,-33.19,25.35,-23.16,-6.41
2026-03-09 04:00:00,lunes,-19.0,-44.56,-42.52,-38.55,-22.34,-8.15,-19.2,-9.11,-38.62,-33.53,16.57,-22.07,-6.38
2026-03-09 05:00:00,lunes,-18.98,-44.69,-38.14,-38.55,-21.79,-8.19,-16.9,-21.52,-47.07,-41.57,6.66,-21.95,-2.81
2026-03-09 06:00:00,lunes,-19.0,-44.57,-42.7,-38.66,-23.04,-8.15,-16.46,-33.4,-38.14,-32.37,-4.24,-22.99,-6.9
2026-03-09 07:00:00,lunes,-19.03,-44.49,-41.58,-38.37,-24.49,-8.14,-15.92,-25.43,-40.98,-35.34,3.9,-23.42,-4.38
2026-03-09 08:00:00,lunes,-19.02,-44.42,-42.73,-38.5,-24.34,-8.13,-15.12,-20.75,-38.74,-33.35,9.87,-24.71,-6.95
2026-03-09 09:00:00,lunes,-19.0,-44.39,-44.06,-35.77,-27.06,-8.16,-14.9,-23.2,-35.46,-30.06,7.85,-30.18,-7.95
2026-03-09 10:00:00,lunes,-19.04,-44.35,-42.55,-32.52,-27.51,-8.19,-13.97,-27.85,-36.47,-31.06,4.14,-30.89,-6.8
2026-03-09 11:00:00,lunes,-19.03,-44.45,-42.55,-31.59,-27.13,-8.16,-14.17,-26.68,-40.56,-35.21,5.24,-25.57,-6.86
2026-03-09 12:00:00,lunes,-18.99,-44.62,-38.9,-36.15,-17.99,-8.14,-14.22,-28.59,-45.26,-39.7,2.93,-17.04,-3.47
2026-03-09 13:00:00,lunes,-18.95,-44.6,-38.88,-36.59,-17.77,-8.19,-14.11,-29.88,-45.55,-39.99,1.45,-17.03,-2.78
2026-03-09 14:00:00,lunes,-18.98,-44.69,-40.7,-36.63,-18.39,-8.15,-16.76,-27.5,-41.94,-36.41,1.41,-17.46,-5.45
2026-03-09 15:00:00,lunes,-18.94,-44.91,-35.29,-36.63,-18.22,-8.16,-18.22,-19.36,-49.97,-44.24,8.84,-17.05,0.16
2026-03-09 16:00:00,lunes,-18.94,-44.73,-39.52,-36.49,-17.38,-8.15,-15.5,-20.46,-41.16,-35.57,10.4,-15.7,-4.76
2026-03-09 17:00:00,lunes,-18.91,-44.91,-34.24,-37.46,-16.39,-8.14,-14.96,-32.27,-50.24,-44.46,-1.02,-15.8,0.54
2026-03-09 18:00:00,lunes,-18.81,-44.81,-34.98,-37.47,-20.55,-8.12,-17.61,-33.4,-50.62,-44.79,-4.63,-20.0,-0.61
2026-03-09 19:00:00,lunes,-18.82,-44.73,-38.38,-37.45,-22.02,-8.17,-21.44,-33.91,-43.31,-37.59,-9.05,-21.67,-3.96
2026-03-09 20:00:00,lunes,-18.82,-44.79,-36.74,-35.74,-26.03,-8.12,-23.75,-30.78,-46.37,-40.54,-8.61,-23.7,-2.67
2026-03-09 21:00:00,lunes,-18.82,-44.55,-41.6,-36.68,-27.52,-8.17,-25.41,-26.17,-37.0,-31.83,-5.34,-26.33,-6.47
2026-03-09 22:00:00,lunes,-18.83,-44.69,-37.89,-36.35,-27.77,-8.18,-24.85,-30.11,-43.34,-38.13,-9.61,-25.1,-2.79
2026-03-09 23:00:00,lunes,-18.85,-44.65,-39.39,-36.98,-26.59,-8.14,-25.28,-25.11,-40.57,-35.39,-5.61,-24.63,-4.6
2026-03-10 00:00:00,martes,-18.92,-44.63,-39.02,-37.15,-25.18,-8.16,-25.03,-25.69,-40.82,-35.61,-5.61,-23.53,-4.03
2026-03-10 01:00:00,martes,-18.91,-44.68,-37.56,-37.2,-26.28,-8.13,-25.79,-22.02,-44.49,-39.08,-1.77,-24.44,-2.02
2026-03-10 02:00:00,martes,-18.88,-44.51,-42.2,-38.26,-21.55,-8.19,-25.61,-26.54,-37.04,-31.43,-8.21,-21.33,-6.2
2026-03-10 03:00:00,martes,-18.92,-44.63,-39.59,-38.3,-22.67,-8.19,-25.97,-20.41,-42.78,-37.02,-2.46,-22.18,-3.88
2026-03-10 04:00:00,martes,-18.91,-44.63,-40.99,-37.95,-22.99,-8.16,-26.29,-19.07,-40.09,-34.47,0.48,-22.07,-5.28
2026-03-10 05:00:00,martes,-18.92,-44.67,-40.44,-37.67,-24.71,-8.14,-25.61,-24.57,-40.58,-34.98,-5.5,-23.62,-5.31
2026-03-10 06:00:00,martes,-18.91,-44.75,-36.17,-38.01,-21.88,-8.07,-26.23,-23.39,-47.31,-41.55,-3.69,-21.14,-1.0
2026-03-10 07:00:00,martes,-18.93,-44.6,-40.82,-38.09,-22.97,-7.9,-26.25,-25.41,-40.22,-34.67,-5.42,-22.14,-6.07
2026-03-10 08:00:00,martes,-18.94,-44.64,-37.67,-38.19,-17.95,-8.07,-26.79,-26.36,-45.97,-40.72,-7.2,-17.84,-4.12
2026-03-10 09:00:00,martes,-18.98,-44.49,-38.95,-38.28,-21.62,-7.74,-27.06,-22.52,-41.74,-36.56,-3.9,-21.02,-4.4
2026-03-10 10:00:00,martes,-18.98,-44.44,-41.49,-36.93,-20.99,-8.51,-25.35,-29.66,-36.98,-31.91,-12.63,-19.9,-6.42
2026-03-10 11:00:00,martes,-18.97,-44.63,-39.17,-37.42,-18.73,-8.66,-24.7,-33.66,-43.87,-38.68,-15.92,-18.17,-4.32
2026-03-10 12:00:00,martes,-18.9,-44.6,-40.03,-37.47,-18.86,-8.67,-25.1,-30.83,-39.32,-34.06,-14.18,-19.05,-5.29
2026-03-10 13:00:00,martes,-18.91,-44.77,-36.04,-37.1,-21.48,-8.66,-25.24,-31.97,-46.85,-41.52,-15.08,-21.39,-1.14
2026-03-10 14:00:00,martes,-18.91,-44.8,-35.2,-37.14,-21.66,-8.7,-25.64,-28.8,-49.63,-44.27,-11.6,-21.03,0.44
2026-03-10 15:00:00,martes,-18.88,-44.67,-40.19,-37.71,-17.48,-8.66,-24.31,-32.87,-40.36,-34.9,-13.94,-17.0,-4.27
2026-03-10 16:00:00,martes,-18.8,-44.78,-36.32,-37.32,-17.05,-8.71,-23.53,-33.64,-47.72,-42.22,-13.89,-16.32,-0.82
2026-03-10 17:00:00,martes,-18.84,-44.69,-40.76,-37.16,-17.43,-8.52,-23.61,-29.63,-40.64,-35.31,-10.23,-17.46,-6.06
2026-03-10 18:00:00,martes,-18.81,-44.75,-37.13,-37.93,-18.01,-8.15,-24.45,-25.01,-44.45,-38.88,-6.48,-16.96,-1.74
2026-03-10 19:00:00,martes,-18.8,-44.73,-37.34,-38.41,-16.3,-8.31,-25.08,-23.76,-50.64,-44.96,-2.53,-15.74,-1.49
2026-03-10 20:00:00,martes,-18.84,-44.75,-38.34,-38.52,-20.6,-8.67,-25.74,-23.77,-46.34,-40.73,-3.51,-20.22,-3.09
2026-03-10 21:00:00,martes,-18.81,-44.89,-34.43,-37.94,-23.56,-8.64,-26.51,-26.07,-51.57,-45.89,-5.87,-21.89,0.98
2026-03-10 22:00:00,martes,-18.82,-44.64,-39.55,-37.87,-24.52,-8.67,-25.94,-26.88,-41.99,-36.2,-6.64,-23.27,-3.75
2026-03-10 23:00:00,martes,-18.84,-44.74,-36.67,-38.09,-20.92,-8.67,-26.54,-26.0,-49.52,-43.75,-5.91,-19.82,-1.14
2026-03-11 00:00:00,miércoles,-18.87,-44.78,-35.85,-37.88,-23.42,-8.67,-27.58,-30.06,-50.27,-44.88,-10.97,-22.06,-0.97
2026-03-11 01:00:00,miércoles,-18.9,-44.7,-38.29,-37.84,-23.68,-8.66,-27.49,-31.46,-47.4,-41.67,-11.79,-22.58,-2.58
2026-03-11 02:00:00,miércoles,-18.93,-44.72,-35.87,-37.78,-24.67,-8.63,-27.43,-26.76,-51.02,-45.22,-7.19,-24.4,-0.02
2026-03-11 03:00:00,miércoles,-18.95,-44.63,-39.46,-38.15,-24.83,-8.67,-27.61,-30.45,-45.83,-39.93,-11.25,-25.0,-3.99
2026-03-11 04:00:00,miércoles,-18.93,-44.83,-35.09,-37.82,-28.61,-8.82,-27.74,-30.0,-55.59,-50.09,-11.58,-28.15,0.4
2026-03-11 05:00:00,miércoles,-18.93,-44.63,-37.54,-38.46,-26.2,-8.69,-26.67,-35.26,-47.69,-42.42,-15.74,-26.18,-2.11
2026-03-11 06:00:00,miércoles,-18.93,-44.77,-36.9,-38.39,-27.41,-8.67,-26.04,-35.13,-49.65,-44.49,-17.12,-27.04,-0.72
2026-03-11 07:00:00,miércoles,-18.96,-44.78,-34.57,-38.16,-29.17,-9.1,-26.37,-32.59,-54.4,-49.05,-14.55,-28.51,1.44
2026-03-11 08:00:00,miércoles,-18.96,-44.57,-40.21,-37.22,-29.41,-9.17,-28.29,-31.08,-42.04,-36.94,-13.18,-28.58,-4.7
2026-03-11 09:00:00,miércoles,-18.95,-44.71,-34.09,-37.04,-26.26,-9.16,-27.47,-30.04,-55.22,-49.95,-11.3,-25.62,2.31
2026-03-11 10:00:00,miércoles,-18.96,-44.59,-37.92,-36.02,-20.08,-9.17,-27.06,-28.73,-49.19,-43.88,-9.6,-18.75,-1.8
2026-03-11 11:00:00,miércoles,-18.9,-44.65,-39.66,-36.64,-16.65,-9.21,-27.54,-25.52,-43.99,-38.47,-7.92,-15.83,-3.28
2026-03-11 12:00:00,miércoles,-18.9,-44.59,-39.95,-35.83,-21.49,-9.18,-26.61,-25.69,-43.17,-37.56,-9.38,-19.42,-3.15
2026-03-11 13:00:00,miércoles,-18.88,-44.71,-37.11,-36.01,-13.96,-9.18,-25.36,-27.15,-46.97,-41.43,-9.09,-12.62,-0.6
2026-03-11 14:00:00,miércoles,-18.89,-44.94,-34.44,-36.12,-15.44,-9.16,-26.99,-25.88,-53.85,-48.07,-7.93,-13.91,1.1
2026-03-11 15:00:00,miércoles,-18.86,-44.77,-33.75,-36.87,-13.07,-9.18,-25.68,-31.53,-54.59,-48.69,-14.28,-11.87,1.67
2026-03-11 16:00:00,miércoles,-18.81,-44.85,-37.07,-36.27,-17.65,-9.2,-25.2,-31.05,-47.87,-42.09,-16.74,-16.24,-1.88
2026-03-11 17:00:00,miércoles,-18.79,-45.4,-39.76,-36.03,-17.62,-9.15,-24.57,-27.68,-5.11,0.93,-9.99,-16.04,-5.13
2026-03-11 18:00:00,miércoles,-18.79,-45.34,-40.19,-35.89,-16.67,-9.18,-25.08,-25.6,-0.03,5.39,-7.91,-15.01,-4.72
2026-03-11 19:00:00,miércoles,-18.76,-45.26,-40.37,-36.23,-16.51,-9.18,-25.2,-24.9,-7.68,-2.38,-7.19,-15.31,-5.12
2026-03-11 20:00:00,miércoles,-18.76,-45.05,-40.18,-35.32,-13.38,-9.16,-25.46,-30.54,-29.37,-23.94,-13.19,-11.32,-5.04
2026-03-11 21:00:00,miércoles,-18.78,-44.25,-37.01,-34.38,-13.3,-8.86,-25.42,-28.93,-49.41,-43.8,-11.16,-9.75,-0.59
2026-03-11 22:00:00,miércoles,-18.75,-44.26,-34.53,-34.01,-13.37,-8.69,-25.43,-30.25,-54.2,-48.41,-12.15,-9.48,1.66
2026-03-11 23:00:00,miércoles,-18.85,-44.73,-39.16,-34.39,-10.77,-8.64,-25.35,-28.8,-51.73,-45.65,-11.29,-6.96,-3.24
2026-03-12 00:00:00,jueves,-18.8,-43.87,-36.43,-36.14,-9.94,-8.7,-24.67,-29.76,-62.77,-56.57,-13.31,-7.93,0.21
2026-03-12 01:00:00,jueves,-18.77,-44.13,-35.37,-36.09,-10.23,-8.66,-24.4,-33.31,-65.13,-59.05,-15.92,-8.01,0.7
2026-03-12 02:00:00,jueves,-18.84,-44.64,-35.64,-35.59,-10.19,-8.68,-25.81,-32.1,-67.92,-61.6,-15.82,-7.21,-0.44
2026-03-12 03:00:00,jueves,-18.8,-44.35,-34.45,-37.19,-5.85,-8.67,-26.15,-30.89,-69.54,-63.17,-13.8,-4.62,1.32
2026-03-12 04:00:00,jueves,-18.84,-44.42,-38.22,-36.92,-9.58,-8.65,-26.17,-31.28,-59.29,-53.21,-14.42,-8.5,-2.16
2026-03-12 05:00:00,jueves,-18.87,-44.4,-34.95,-36.63,-14.55,-8.68,-25.29,-30.28,-64.09,-58.01,-12.54,-13.07,1.14
2026-03-12 06:00:00,jueves,-18.84,-44.4,-32.58,-34.93,-19.13,-8.34,-26.11,-30.13,-61.25,-55.37,-13.25,-15.8,2.91
2026-03-12 07:00:00,jueves,-18.85,-43.6,-35.01,-34.99,-18.56,-8.09,-26.98,-29.3,-60.42,-54.51,-12.3,-15.48,2.5
2026-03-12 08:00:00,jueves,-18.85,-42.52,-35.13,-32.61,-11.49,-7.65,-26.51,-29.87,-66.43,-60.2,-13.12,-6.03,1.92
2026-03-12 09:00:00,jueves,-18.93,-43.33,-39.11,-31.75,-11.02,-7.64,-26.48,-27.97,-28.91,-23.67,-10.93,-5.99,-2.56
2026-03-12 10:00:00,jueves,-18.82,-44.8,-41.48,-22.43,-33.17,-7.57,-25.54,-27.56,0.0,4.73,-10.05,-25.64,-6.19
2026-03-12 11:00:00,jueves,-18.86,-44.04,-41.57,-7.27,-26.49,-7.59,-24.46,-27.54,0.0,4.26,-9.8,-11.22,-5.39
2026-03-12 12:00:00,jueves,-19.0,-42.78,-42.71,-6.07,-29.21,-6.8,-24.42,-26.06,0.0,3.87,-8.14,-18.45,-5.61
2026-03-12 13:00:00,jueves,-18.91,-42.71,-42.58,-0.66,-14.95,-4.44,-24.66,-22.4,0.0,3.71,-5.81,0.23,-4.15
2026-03-12 14:00:00,jueves,-18.96,-43.0,-42.95,0.0,-3.38,-5.69,-24.54,-23.7,0.0,3.58,-6.97,9.84,-5.38
2026-03-12 15:00:00,jueves,-18.89,-42.94,-42.85,0.0,-4.17,-6.17,-24.41,-24.53,0.0,3.73,-7.64,9.25,-5.43
2026-03-12 16:00:00,jueves,-18.87,-42.4,-42.4,0.0,-3.32,-6.29,-24.45,-23.67,0.0,3.69,-5.69,10.31,-4.02
2026-03-12 17:00:00,jueves,-18.88,-42.68,-42.38,0.0,-3.17,-6.63,-24.43,-26.73,0.0,3.51,-8.62,10.38,-4.61
2026-03-12 18:00:00,jueves,-18.85,-42.49,-42.56,0.0,-5.59,-7.01,-24.11,-27.27,0.0,3.67,-9.36,8.73,-4.95
2026-03-12 19:00:00,jueves,-18.87,-42.24,-42.26,0.0,-28.39,-9.53,-23.94,-29.69,0.0,3.63,-11.88,-12.81,-3.04
2026-03-12 20:00:00,jueves,-18.88,-42.72,-43.57,0.0,-32.34,-9.68,-24.36,-28.32,0.0,3.51,-12.67,-16.89,-5.1
2026-03-12 21:00:00,jueves,-18.91,-42.86,-43.27,-0.22,-27.36,-9.63,-24.33,-35.27,0.0,3.5,-19.21,-12.25,-5.26
2026-03-12 22:00:00,jueves,-18.94,-42.72,-42.61,-7.11,-29.64,-8.26,-24.46,-30.52,0.0,3.42,-14.6,-20.06,-4.31
2026-03-12 23:00:00,jueves,-18.97,-42.74,-42.84,-6.64,-28.95,-8.16,-24.13,-31.43,0.0,3.56,-15.21,-18.83,-5.45
2026-03-13 00:00:00,viernes,-18.99,-42.61,-43.16,-7.34,-29.09,-8.18,-23.5,-31.62,0.0,3.58,-14.63,-18.24,-5.22
2026-03-13 01:00:00,viernes,-19.03,-42.57,-42.7,-9.9,-28.77,-8.15,-23.97,-28.72,0.0,3.47,-11.85,-18.91,-5.02
2026-03-13 02:00:00,viernes,-19.02,-43.31,-42.82,-9.55,-30.9,-8.2,-24.17,-27.15,0.0,3.5,-10.44,-20.35,-5.53
2026-03-13 03:00:00,viernes,-19.07,-43.15,-42.74,-11.14,-27.94,-8.15,-24.29,-27.79,0.0,3.5,-10.21,-19.53,-4.92
2026-03-13 04:00:00,viernes,-19.04,-43.12,-42.14,-14.47,-22.79,-7.77,-24.47,-27.35,0.0,3.52,-8.38,-15.67,-4.63
2026-03-13 05:00:00,viernes,-19.11,-42.98,-42.18,-14.6,-25.02,-7.66,-24.68,-26.68,0.0,3.53,-7.69,-17.68,-5.36
2026-03-13 06:00:00,viernes,-19.01,-42.81,-42.72,-11.83,-25.82,-7.64,-24.98,-23.82,0.0,3.55,-5.62,-16.51,-4.59
2026-03-13 07:00:00,viernes,-19.05,-43.09,-42.34,-17.84,-22.01,-8.31,-24.61,-26.71,0.0,3.54,-8.63,-16.61,-4.29
2026-03-13 08:00:00,viernes,-19.01,-43.09,-42.51,-27.96,-17.78,-8.12,-25.55,-25.79,0.0,3.67,-9.06,-20.91,-4.37
2026-03-13 09:00:00,viernes,-18.79,-42.96,-38.66,-27.71,-20.24,-8.2,-24.99,-28.07,0.0,3.51,-12.27,-21.27,-1.55
2026-03-13 10:00:00,viernes,-19.15,-42.61,-41.15,-32.77,-13.7,-8.17,-25.17,-26.77,0.0,2.34,-10.82,-15.17,-5.06
2026-03-13 11:00:00,viernes,-19.29,-43.15,-41.91,-34.79,-13.54,-8.2,-25.21,-26.85,0.0,1.44,-10.51,-14.16,-7.69
2026-03-13 12:00:00,viernes,-19.28,-43.14,-42.27,-34.92,-12.06,-8.14,-24.78,-25.04,0.0,1.38,-8.02,-12.27,-9.46
2026-03-13 13:00:00,viernes,-19.26,-43.22,-42.44,-36.47,-10.02,-8.56,-25.11,-25.2,0.0,1.3,-9.17,-12.31,-9.38
2026-03-13 14:00:00,viernes,-19.23,-43.19,-42.41,-36.21,-13.57,-8.12,-25.74,-21.81,0.0,1.28,-6.47,-15.3,-8.38
2026-03-13 15:00:00,viernes,-19.2,-43.2,-42.35,-38.05,-12.05,-8.17,-24.59,-32.5,0.0,1.31,-16.42,-14.54,-6.14
2026-03-13 16:00:00,viernes,-19.17,-43.16,-42.94,-38.11,-17.39,-8.2,-24.41,-31.55,0.0,1.28,-14.78,-19.31,-6.11
2026-03-13 17:00:00,viernes,-19.13,-43.1,-42.71,-38.28,-19.9,-8.13,-25.5,-31.99,0.0,1.4,-16.21,-21.25,-6.48
2026-03-13 18:00:00,viernes,-19.15,-43.12,-42.74,-38.67,-17.1,-8.16,-25.69,-32.04,0.0,1.4,-16.5,-18.12,-6.81
2026-03-13 19:00:00,viernes,-19.13,-43.15,-42.75,-38.54,-15.58,-8.16,-24.32,-32.03,0.0,1.39,-15.72,-16.56,-6.26
2026-03-13 20:00:00,viernes,-19.19,-43.19,-42.81,-38.6,-16.49,-8.14,-24.78,-32.73,0.0,1.36,-18.41,-17.45,-6.71
2026-03-13 21:00:00,viernes,-19.15,-43.36,-43.06,-38.54,-19.08,-8.22,-24.7,-32.81,0.0,1.27,-18.35,-19.39,-6.19
2026-03-13 22:00:00,viernes,-19.21,-43.28,-43.16,-36.3,-16.49,-8.17,-23.71,-32.41,0.0,1.28,-16.45,-14.35,-5.84
2026-03-13 23:00:00,viernes,-19.18,-43.44,-43.37,-38.64,-21.62,-8.1,-23.69,-31.64,0.0,1.36,-15.61,-21.21,-6.91
2026-03-14 00:00:00,sábado,-19.1,-43.52,-43.17,-38.62,-21.28,-8.21,-24.6,-30.93,0.0,1.34,-14.81,-20.82,-6.84
2026-03-14 01:00:00,sábado,-19.19,-43.83,-43.43,-38.81,-23.43,-8.14,-25.73,-29.66,0.0,1.27,-13.96,-23.66,-6.97
2026-03-14 02:00:00,sábado,-19.13,-43.91,-43.58,-38.31,-23.81,-8.17,-24.84,-31.28,0.0,1.27,-12.34,-22.8,-7.41
2026-03-14 03:00:00,sábado,-19.16,-43.31,-42.99,-38.24,-20.93,-8.14,-25.33,-29.68,0.0,1.27,-9.72,-19.92,-5.56
2026-03-14 04:00:00,sábado,-19.11,-43.15,-42.77,-38.01,-21.57,-8.16,-24.69,-29.78,0.0,1.27,-9.59,-20.96,-5.32
2026-03-14 05:00:00,sábado,-19.08,-43.15,-42.88,-37.94,-21.88,-8.18,-24.86,-28.51,0.0,1.27,-8.49,-22.12,-4.15
2026-03-14 06:00:00,sábado,-19.15,-43.23,-42.96,-38.44,-20.9,-8.15,-24.66,-29.64,0.0,1.27,-11.28,-21.63,-6.16
2026-03-14 07:00:00,sábado,-19.15,-43.25,-42.86,-38.51,-20.8,-8.17,-24.57,-32.74,0.0,1.27,-15.29,-21.48,-5.37
2026-03-14 08:00:00,sábado,-19.1,-43.18,-42.87,-38.56,-21.26,-8.17,-23.57,-34.53,0.0,1.4,-17.83,-21.72,-5.38
2026-03-14 09:00:00,sábado,-19.18,-42.46,-42.55,-38.26,-21.74,-8.1,-24.55,-33.29,0.0,1.31,-17.95,-21.84,-4.78
2026-03-14 10:00:00,sábado,-19.16,-43.11,-42.8,-37.49,-20.68,-8.2,-24.44,-29.09,0.0,1.23,-14.01,-19.81,-5.62
2026-03-14 11:00:00,sábado,-19.17,-43.15,-42.81,-37.09,-16.34,-8.18,-23.97,-26.82,0.0,1.23,-11.33,-15.27,-6.13
2026-03-14 12:00:00,sábado,-19.12,-43.12,-42.76,-38.03,-16.83,-8.18,-23.04,-24.84,0.0,1.43,-8.26,-16.85,-5.68
2026-03-14 13:00:00,sábado,-19.06,-43.15,-42.8,-35.63,-19.72,-8.14,-23.74,-18.81,0.0,1.25,-2.72,-21.28,-5.06
2026-03-14 14:00:00,sábado,-19.02,-42.7,-42.31,-25.94,-26.31,-8.13,-19.94,-29.08,0.0,1.22,-8.58,-24.27,-4.16
2026-03-14 15:00:00,sábado,-19.04,-43.08,-42.72,-21.81,-20.93,-8.18,-23.96,-21.83,0.0,1.23,-4.55,-16.2,-4.85
2026-03-14 16:00:00,sábado,-19.11,-43.0,-42.71,-10.99,-30.85,-8.13,-24.35,-24.93,0.0,1.25,-6.21,-17.62,-4.4
2026-03-14 17:00:00,sábado,-19.09,-42.93,-41.99,-9.64,-30.85,-8.11,-24.12,-22.23,0.0,1.25,-4.8,-14.75,-4.13
2026-03-14 18:00:00,sábado,-19.14,-43.05,-42.62,-11.45,-28.55,-8.12,-23.98,-19.63,0.0,1.19,-2.09,-9.6,-5.08
2026-03-14 19:00:00,sábado,-19.13,-43.08,-42.78,-33.38,-10.61,-7.68,-23.82,-24.51,0.0,1.16,-4.12,-7.88,-6.03
2026-03-14 20:00:00,sábado,-19.09,-42.9,-42.56,-38.49,-9.4,-8.27,-24.61,-22.32,0.0,1.19,-2.57,-11.11,-5.53
2026-03-14 21:00:00,sábado,-19.13,-43.26,-42.94,-36.19,-16.05,-9.21,-25.37,-20.03,0.0,1.2,-1.11,-15.82,-5.76
2026-03-14 22:00:00,sábado,-19.09,-43.29,-42.94,-37.12,-13.02,-9.17,-24.66,-20.28,0.0,1.2,0.09,-13.73,-5.91
2026-03-14 23:00:00,sábado,-19.09,-43.15,-42.85,-38.72,-8.95,-9.2,-24.91,-24.94,0.0,1.2,-4.57,-11.25,-5.75
2026-03-15 00:00:00,domingo,-19.09,-43.2,-42.82,-38.43,-6.98,-9.21,-25.76,-24.77,0.0,1.28,-5.08,-8.29,-5.76
2026-03-15 01:00:00,domingo,-19.1,-42.92,-42.61,-38.72,-12.35,-9.13,-25.44,-27.23,0.0,1.32,-7.01,-13.44,-5.39
2026-03-15 02:00:00,domingo,-19.11,-43.18,-42.96,-38.68,-16.95,-9.16,-25.85,-28.99,0.0,1.31,-9.23,-17.93,-5.82
2026-03-15 03:00:00,domingo,-19.1,-43.21,-39.94,-38.55,-20.9,-9.24,-25.84,-28.26,0.0,1.29,-8.32,-22.13,-2.63
2026-03-15 04:00:00,domingo,-19.08,-43.08,-41.06,-34.23,-7.84,-8.32,-25.22,-28.7,0.0,1.25,-8.25,-4.44,-3.5
2026-03-15 05:00:00,domingo,-19.11,-43.0,-42.53,-38.41,-16.8,-8.39,-26.09,-24.48,0.0,1.26,-4.82,-17.15,-5.1
2026-03-15 06:00:00,domingo,-19.08,-42.71,-41.86,-38.82,-16.62,-8.71,-25.82,-24.44,0.0,1.25,-3.94,-17.2,-3.85
2026-03-15 07:00:00,domingo,-19.12,-42.94,-40.92,-38.53,-17.69,-9.18,-25.81,-22.26,0.0,1.25,-1.79,-18.2,-3.62
2026-03-15 08:00:00,domingo,-19.12,-43.04,-39.58,-38.74,-17.02,-9.17,-24.37,-23.87,0.0,1.27,-2.58,-17.81,-2.8
2026-03-15 09:00:00,domingo,-19.09,-43.31,-37.26,-38.56,-16.78,-9.15,-24.86,-25.56,0.0,1.25,-4.77,-17.91,-1.34
2026-03-15 10:00:00,domingo,-19.1,-43.34,-36.06,-37.9,-16.56,-9.15,-24.74,-28.16,0.0,1.23,-6.97,-16.98,1.11
2026-03-15 11:00:00,domingo,-19.11,-43.3,-40.0,-38.67,-16.24,-8.77,-25.59,-24.55,0.0,1.25,-4.19,-17.23,-2.46
2026-03-15 12:00:00,domingo,-19.08,-43.19,-41.16,-38.5,-14.05,-8.68,-26.51,-23.46,0.0,1.25,-4.2,-13.98,-4.48
2026-03-15 13:00:00,domingo,-19.14,-43.42,-35.36,-38.72,-16.61,-8.66,-26.62,-24.42,0.0,1.24,-5.12,-17.1,0.91
2026-03-15 14:00:00,domingo,-19.14,-43.13,-41.05,-38.69,-18.26,-8.66,-25.85,-26.56,0.0,1.24,-6.5,-19.17,-4.84
2026-03-15 15:00:00,domingo,-19.15,-43.53,-40.02,-38.7,-17.65,-8.68,-25.93,-26.61,0.0,1.36,-6.19,-18.41,-4.8
2026-03-15 16:00:00,domingo,-19.18,-43.42,-36.06,-38.16,-21.31,-8.72,-26.15,-20.3,0.0,1.71,-0.34,-21.27,-0.51
2026-03-15 17:00:00,domingo,-19.1,-43.47,-36.04,-38.54,-19.27,-9.16,-25.98,-22.52,0.0,1.97,-2.39,-20.31,-0.15
2026-03-15 18:00:00,domingo,-19.04,-43.43,-35.97,-38.4,-23.9,-9.23,-25.1,-23.29,0.0,1.6,-1.88,-24.32,0.19
2026-03-15 19:00:00,domingo,-19.06,-43.39,-36.1,-38.55,-24.41,-9.17,-24.68,-23.41,0.0,1.28,-2.31,-25.25,-0.95
2026-03-15 20:00:00,domingo,-19.07,-43.44,-36.0,-38.28,-25.51,-9.15,-24.51,-28.56,0.0,1.26,-7.02,-25.92,-0.86
2026-03-15 21:00:00,domingo,-19.07,-43.47,-36.08,-38.58,-23.99,-9.18,-25.38,-29.52,0.0,1.27,-8.9,-24.68,-0.12
2026-03-15 22:00:00,domingo,-19.09,-43.56,-36.02,-38.51,-25.73,-8.8,-25.8,-28.38,0.0,1.28,-7.88,-25.93,-0.02
2026-03-15 23:00:00,domingo,-19.1,-43.42,-36.07,-38.58,-23.57,-8.96,-25.77,-30.46,0.0,1.33,-9.89,-23.79,0.71
2026-03-16 00:00:00,lunes,-19.09,-43.44,-36.04,-38.48,-24.03,-9.17,-25.5,-28.14,0.0,1.32,-7.74,-24.79,0.66
2026-03-16 01:00:00,lunes,-19.11,-43.54,-36.53,-38.47,-25.31,-9.17,-25.49,-30.85,0.0,1.32,-10.15,-26.46,0.19
2026-03-16 02:00:00,lunes,-19.08,-43.42,-36.66,-38.39,-24.13,-9.15,-25.37,-32.42,0.0,1.33,-11.46,-24.63,0.36
2026-03-16 03:00:00,lunes,-19.11,-43.46,-36.63,-38.24,-23.17,-9.2,-25.32,-34.72,0.0,1.39,-13.62,-23.51,-0.28
2026-03-16 04:00:00,lunes,-19.16,-43.39,-36.64,-38.66,-21.49,-9.16,-25.6,-35.74,0.0,1.41,-14.78,-22.51,-0.04
2026-03-16 05:00:00,lunes,-19.08,-43.4,-36.61,-38.72,-24.46,-9.18,-25.24,-36.23,0.0,1.31,-15.14,-25.62,0.14
2026-03-16 06:00:00,lunes,-19.07,-43.38,-36.66,-38.65,-25.04,-9.12,-24.86,-35.89,0.0,1.28,-14.4,-26.01,0.7
2026-03-16 07:00:00,lunes,-19.07,-43.38,-36.57,-38.44,-25.13,-9.15,-25.27,-35.3,0.0,1.26,-14.18,-25.3,1.11
2026-03-16 08:00:00,lunes,-19.07,-43.45,-36.73,-38.94,-23.96,-9.23,-25.63,-33.22,0.0,1.25,-12.63,-25.1,-0.07
2026-03-16 09:00:00,lunes,-19.16,-43.37,-36.58,-38.35,-15.99,-8.7,-25.26,-31.67,0.0,1.01,-10.78,-16.69,0.14
2026-03-16 10:00:00,lunes,-19.15,-43.4,-36.67,-38.81,-18.74,-9.18,-25.88,-33.45,0.0,0.65,-13.09,-20.12,-0.25
2026-03-16 11:00:00,lunes,-19.13,-43.46,-36.63,-38.48,-20.35,-9.17,-26.63,-33.39,0.0,0.36,-14.15,-21.6,0.84
2026-03-16 12:00:00,lunes,-19.13,-43.47,-40.75,-38.78,-21.64,-9.19,-25.5,-30.13,0.0,0.49,-10.21,-23.73,-3.64
2026-03-16 13:00:00,lunes,-19.13,-43.51,-40.95,-38.16,-22.52,-9.15,-24.5,-32.57,0.0,1.02,-11.09,-23.52,-3.64
2026-03-16 14:00:00,lunes,-19.07,-43.31,-40.45,-38.55,-20.77,-9.19,-25.57,-27.82,0.0,0.94,-7.4,-21.8,-4.12
2026-03-16 15:00:00,lunes,-19.13,-43.23,-41.4,-38.69,-17.88,-9.17,-25.37,-29.18,0.0,0.89,-8.32,-19.55,-7.06
2026-03-16 16:00:00,lunes,-19.12,-43.31,-42.39,-38.7,-16.95,-9.17,-26.9,-29.2,0.0,1.25,-10.04,-19.22,-9.21
2026-03-16 17:00:00,lunes,-19.01,-42.43,-41.91,-38.61,-15.03,-9.16,-27.35,-28.89,0.0,1.68,-9.97,-16.48,-10.0
2026-03-16 18:00:00,lunes,-19.01,-41.96,-41.73,-38.28,-18.82,-9.19,-27.72,-30.04,0.0,1.63,-10.92,-19.7,-10.4
2026-03-16 19:00:00,lunes,-19.01,-42.98,-39.11,-38.69,-21.1,-9.18,-26.41,-30.86,0.0,1.64,-10.64,-22.36,-9.68
2026-03-16 20:00:00,lunes,-19.04,-42.74,-38.98,-38.33,-20.23,-9.1,-26.73,-28.75,0.0,1.62,-9.73,-21.37,-8.84
2026-03-16 21:00:00,lunes,-19.01,-42.58,-39.02,-38.75,-21.74,-9.18,-26.74,-29.4,0.0,0.96,-10.14,-23.03,-8.8
2026-03-16 22:00:00,lunes,-19.03,-42.54,-39.01,-38.77,-18.89,-9.17,-26.09,-30.8,0.0,1.76,-10.41,-20.11,-9.35
2026-03-16 23:00:00,lunes,-19.03,-43.32,-39.01,-38.58,-18.12,-9.2,-26.14,-29.04,0.0,2.85,-8.69,-20.41,-10.66
2026-03-17 00:00:00,martes,-19.03,-42.07,-38.93,-36.66,-22.67,-9.17,-26.33,-30.38,0.0,2.48,-9.84,-27.48,-7.56
2026-03-17 01:00:00,martes,-19.07,-42.07,-39.0,-34.83,-20.39,-8.18,-25.84,-29.61,0.0,2.49,-9.02,-21.56,-8.66
2026-03-17 02:00:00,martes,-19.06,-42.44,-39.0,-37.05,-19.08,-7.16,-26.1,-26.0,0.0,2.53,-5.4,-17.69,-8.42
2026-03-17 03:00:00,martes,-19.13,-42.47,-39.01,-38.1,-13.82,-7.03,-26.75,-25.95,0.0,2.89,-5.9,-13.06,-8.03
2026-03-17 04:00:00,martes,-19.21,-41.07,-39.03,-38.81,-16.37,-7.15,-26.1,-28.93,0.0,3.29,-8.28,-16.11,-4.74
2026-03-17 05:00:00,martes,-19.23,-40.04,-38.96,-38.49,-21.74,-7.12,-25.82,-30.36,0.0,3.18,-9.08,-20.84,-3.39
2026-03-17 06:00:00,martes,-19.23,-40.1,-39.07,-38.69,-16.99,-7.11,-25.93,-31.62,0.0,3.33,-10.77,-16.96,-3.3
2026-03-17 07:00:00,martes,-19.23,-39.7,-38.98,-38.61,-16.49,-7.14,-27.11,-30.13,0.0,3.44,-10.44,-16.29,-2.12
2026-03-17 08:00:00,martes,-19.26,-39.7,-39.62,-38.28,-16.88,-7.15,-25.98,-30.83,0.0,3.55,-10.26,-16.73,-2.94
2026-03-17 09:00:00,martes,-19.29,-39.59,-40.81,-37.77,-16.07,-7.12,-27.26,-24.31,0.0,3.17,-4.98,-14.75,-3.62
2026-03-17 10:00:00,martes,-19.27,-39.52,-40.78,-37.75,-20.05,-7.18,-26.15,-24.34,0.0,3.27,-4.28,-18.26,-4.24
2026-03-17 11:00:00,martes,-19.25,-41.72,-40.79,-38.07,-16.69,-7.75,-25.08,-30.08,0.0,3.29,-9.56,-15.96,-5.62
2026-03-17 12:00:00,martes,-19.24,-43.69,-38.26,-38.54,-22.16,-8.07,-23.96,-23.13,0.0,3.6,-1.96,-22.69,-6.21
2026-03-17 13:00:00,martes,-19.24,-43.76,-38.8,-38.3,-18.69,-8.24,-23.58,-21.51,0.0,3.82,0.62,-18.8,-6.18
2026-03-17 14:00:00,martes,-19.16,-43.6,-40.19,-38.35,-17.39,-8.16,-23.35,-19.68,0.0,4.25,2.83,-17.69,-6.1
2026-03-17 15:00:00,martes,-19.15,-43.57,-41.02,-38.67,-18.28,-8.13,-24.56,-19.72,0.0,4.01,1.51,-18.41,-5.82
2026-03-17 16:00:00,martes,-19.02,-43.75,-39.8,-38.54,-19.15,-8.15,-25.25,-20.59,0.0,4.17,-0.27,-19.52,-6.51
2026-03-17 17:00:00,martes,-18.97,-43.69,-38.48,-38.22,-17.97,-8.16,-25.69,-24.42,0.0,4.52,-4.28,-19.13,-5.95
2026-03-17 18:00:00,martes,-18.99,-43.01,-39.93,-36.94,-23.82,-7.92,-25.63,-32.27,0.0,4.61,-11.88,-22.53,-6.83
2026-03-17 19:00:00,martes,-19.0,-43.27,-41.56,-38.23,-19.68,-7.64,-25.86,-33.22,0.0,4.22,-13.16,-19.45,-10.06
2026-03-17 20:00:00,martes,-19.0,-44.65,-43.41,-38.75,-16.52,-7.69,-25.08,-33.29,0.0,4.37,-12.5,-16.41,-13.18
2026-03-17 21:00:00,martes,-18.97,-44.96,-44.21,-38.66,-16.98,-7.62,-24.87,-33.81,0.0,4.14,-12.29,-16.7,-14.12
2026-03-17 22:00:00,martes,-18.97,-43.89,-44.13,-38.47,-19.57,-7.67,-26.77,-29.99,0.0,4.09,-10.02,-18.75,-12.37
2026-03-17 23:00:00,martes,-19.01,-42.18,-44.12,-38.62,-20.44,-7.61,-26.37,-29.73,0.0,4.3,-9.47,-19.75,-8.73
2026-03-18 00:00:00,miércoles,-19.02,-41.48,-44.17,-38.03,-19.22,-7.73,-24.99,-35.41,0.0,4.33,-15.95,-17.93,-6.46
2026-03-18 01:00:00,miércoles,-19.08,-40.89,-44.2,-38.73,-18.06,-8.18,-25.23,-31.63,0.0,4.42,-12.97,-18.17,-5.32
2026-03-18 02:00:00,miércoles,-19.15,-42.54,-44.22,-38.25,-18.0,-8.14,-25.77,-31.57,0.0,4.36,-13.0,-17.49,-7.55
2026-03-18 03:00:00,miércoles,-19.19,-41.79,-44.15,-38.44,-18.4,-8.16,-26.11,-28.72,0.0,4.35,-8.51,-18.01,-7.92
2026-03-18 04:00:00,miércoles,-19.18,-42.78,-44.14,-38.59,-22.44,-8.14,-26.11,-26.8,0.0,4.47,-6.48,-21.68,-8.67
2026-03-18 05:00:00,miércoles,-19.21,-44.33,-44.17,-38.66,-19.89,-8.16,-26.44,-26.61,0.0,4.55,-6.87,-19.94,-10.1
2026-03-18 06:00:00,miércoles,-19.23,-44.13,-44.17,-38.72,-21.86,-8.15,-25.93,-29.66,0.0,4.39,-9.37,-21.25,-10.41
2026-03-18 07:00:00,miércoles,-19.21,-43.08,-44.14,-38.31,-22.24,-8.48,-26.56,-30.46,0.0,4.11,-10.67,-22.23,-9.39
2026-03-18 08:00:00,miércoles,-19.25,-44.19,-44.18,-38.45,-20.79,-8.68,-26.23,-28.63,0.0,4.14,-9.39,-21.37,-11.5
2026-03-18 09:00:00,miércoles,-19.26,-43.03,-44.18,-38.22,-20.41,-8.67,-26.21,-30.73,0.0,4.24,-12.31,-20.76,-9.89
2026-03-18 10:00:00,miércoles,-19.23,-44.21,-44.13,-38.49,-19.7,-8.66,-25.55,-32.63,0.0,4.23,-12.32,-19.95,-11.28
2026-03-18 11:00:00,miércoles,-19.21,-44.95,-44.23,-38.48,-20.18,-8.7,-26.55,-30.44,0.0,4.36,-11.27,-20.98,-11.94
2026-03-18 12:00:00,miércoles,-19.21,-44.2,-43.97,-38.02,-22.13,-8.66,-25.96,-30.56,0.0,4.49,-11.26,-22.14,-10.31
2026-03-18 13:00:00,miércoles,-19.17,-44.46,-44.11,-38.07,-24.57,-8.68,-26.68,-29.21,0.0,4.36,-10.52,-24.64,-11.16
2026-03-18 14:00:00,miércoles,-19.14,-44.45,-44.07,-38.2,-21.55,-8.67,-25.15,-36.15,0.0,4.27,-15.51,-21.64,-11.08
2026-03-18 15:00:00,miércoles,-19.1,-44.34,-43.8,-38.17,-21.84,-8.66,-26.31,-33.72,0.0,4.35,-14.2,-22.04,-10.39
2026-03-18 16:00:00,miércoles,-19.07,-43.84,-43.4,-38.13,-19.07,-8.52,-25.82,-29.61,0.0,4.12,-9.66,-18.96,-9.81
2026-03-18 17:00:00,miércoles,-19.02,-44.12,-43.68,-38.18,-6.5,-8.15,-23.36,-20.23,0.0,4.09,0.66,-6.25,-10.53
2026-03-18 18:00:00,miércoles,-19.02,-43.7,-43.2,-38.13,-15.22,-8.2,-22.98,-25.44,0.0,4.45,-2.85,-13.98,-9.65
2026-03-18 19:00:00,miércoles,-19.02,-44.08,-43.57,-38.12,-15.47,-8.53,-24.86,-27.21,0.0,4.95,-6.77,-14.32,-9.83
2026-03-18 20:00:00,miércoles,-19.0,-44.94,-44.17,-38.26,-17.63,-8.68,-25.51,-30.95,0.0,4.58,-14.06,-16.7,-10.42
2026-03-18 21:00:00,miércoles,-18.98,-44.89,-44.18,-38.15,-17.16,-8.3,-25.06,-33.24,-2.56,1.93,-15.75,-15.98,-9.26
2026-03-18 22:00:00,miércoles,-19.02,-44.9,-44.15,-38.15,-19.45,-8.27,-25.07,-32.03,-3.08,1.83,-15.0,-18.41,-9.25
2026-03-18 23:00:00,miércoles,-19.06,-44.9,-44.12,-37.91,-21.29,-8.65,-25.3,-30.97,-4.39,0.38,-14.9,-20.27,-9.36
2026-03-19 00:00:00,jueves,-19.05,-44.9,-44.18,-38.12,-22.6,-8.66,-22.88,-38.88,-10.45,-5.44,-21.05,-21.76,-10.02
2026-03-19 01:00:00,jueves,-19.01,-44.61,-44.16,-38.34,-22.92,-8.68,-22.72,-39.42,-13.7,-8.63,-20.88,-22.21,-10.28
2026-03-19 02:00:00,jueves,-19.04,-44.51,-43.35,-37.98,-19.32,-8.66,-23.71,-38.06,-17.81,-12.6,-20.2,-17.87,-9.19
2026-03-19 03:00:00,jueves,-19.08,-44.25,-43.9,-38.24,-18.72,-8.69,-23.52,-40.91,-22.48,-17.16,-23.03,-17.71,-9.04
2026-03-19 04:00:00,jueves,-19.07,-44.12,-42.14,-38.18,-19.3,-8.66,-24.98,-34.83,-28.27,-22.73,-18.04,-18.85,-6.56
2026-03-19 05:00:00,jueves,-19.08,-43.66,-36.29,-38.26,-21.88,-8.66,-24.96,-32.48,-32.76,-27.28,-12.23,-21.42,0.64
2026-03-19 06:00:00,jueves,-19.09,-43.82,-41.9,-38.02,-16.04,-8.65,-25.75,-24.89,-36.15,-30.49,-5.3,-15.72,-4.92
2026-03-19 07:00:00,jueves,-19.09,-43.25,-42.66,-38.09,-13.11,-8.65,-24.11,-25.35,-43.74,-37.96,-4.37,-13.19,-5.46
2026-03-19 08:00:00,jueves,-19.11,-44.11,-40.81,-38.23,-13.89,-8.16,-23.59,-28.26,-43.38,-37.22,-6.83,-13.82,-5.32
2026-03-19 09:00:00,jueves,-19.04,-44.68,-44.23,-38.5,-15.13,-8.13,-24.98,-25.59,-40.77,-34.51,-5.3,-15.34,-9.93
2026-03-19 10:00:00,jueves,-19.09,-44.16,-43.43,-38.56,-16.48,-8.18,-25.4,-29.25,-44.98,-38.83,-9.22,-16.83,-7.61
2026-03-19 11:00:00,jueves,-19.1,-44.25,-43.99,-38.34,-13.82,-8.4,-24.72,-34.69,-43.53,-37.69,-14.69,-14.36,-8.53
2026-03-19 12:00:00,jueves,-19.05,-44.43,-43.18,-38.77,-12.89,-8.66,-24.96,-33.57,-49.25,-43.57,-14.31,-14.13,-7.94
2026-03-19 13:00:00,jueves,-19.1,-44.55,-42.92,-38.06,-18.18,-8.65,-26.1,-30.4,-49.15,-43.11,-11.84,-17.89,-8.18
2026-03-19 14:00:00,jueves,-19.01,-44.54,-42.16,-38.14,-16.18,-8.68,-26.02,-31.52,-49.54,-43.39,-12.54,-15.85,-6.11
2026-03-19 15:00:00,jueves,-19.06,-44.54,-41.49,-38.6,-11.93,-8.66,-24.83,-32.37,-50.9,-44.65,-12.17,-11.76,-5.93
2026-03-19 16:00:00,jueves,-19.11,-44.65,-38.81,-38.69,-15.16,-8.66,-24.79,-30.02,-54.38,-48.07,-10.03,-15.27,-3.99
2026-03-19 17:00:00,jueves,-19.06,-44.53,-39.65,-38.7,-16.25,-8.66,-22.35,-25.77,-51.09,-44.86,-3.36,-16.4,-4.62
2026-03-19 18:00:00,jueves,-19.09,-44.42,-41.95,-38.54,-17.7,-8.64,-26.93,-20.83,-45.13,-38.76,-3.48,-17.51,-6.27
2026-03-19 19:00:00,jueves,-19.04,-44.66,-36.0,-38.95,-15.16,-8.67,-25.72,-23.68,-58.58,-52.42,-5.54,-16.37,-1.45
2026-03-19 20:00:00,jueves,-19.08,-44.42,-41.3,-38.47,-8.28,-8.71,-23.67,-24.84,-47.73,-41.73,-4.71,-9.27,-5.58
2026-03-19 21:00:00,jueves,-18.99,-44.54,-40.4,-38.61,-8.4,-8.66,-24.88,-21.78,-51.5,-45.47,-3.0,-9.1,-4.53
2026-03-19 22:00:00,jueves,-19.1,-44.62,-38.64,-38.77,-8.95,-8.66,-21.33,-28.19,-56.55,-50.3,-7.83,-9.67,-2.96
2026-03-19 23:00:00,jueves,-19.1,-44.6,-39.28,-38.15,-8.67,-8.67,-21.13,-31.68,-56.65,-50.18,-14.27,-8.94,-3.53
2026-03-20 00:00:00,viernes,-19.1,-44.53,-38.89,-38.04,-14.78,-8.65,-23.49,-32.25,-53.4,-47.03,-17.04,-14.7,-2.61
2026-03-20 01:00:00,viernes,-19.1,-44.44,-41.91,-38.39,-17.14,-8.67,-22.4,-36.27,-48.18,-41.65,-19.73,-17.69,-5.92
2026-03-20 02:00:00,viernes,-19.14,-44.45,-42.49,-38.03,-23.93,-8.66,-23.6,-34.19,-51.46,-44.6,-18.53,-23.31,-5.64
2026-03-20 03:00:00,viernes,-19.13,-44.5,-43.77,-38.41,-21.02,-9.12,-24.41,-35.11,-53.32,-46.2,-19.73,-21.26,-6.71
2026-03-20 04:00:00,viernes,-19.11,-44.48,-44.0,-38.68,-21.17,-9.17,-25.19,-30.87,-53.45,-46.55,-13.94,-21.48,-7.4
2026-03-20 05:00:00,viernes,-19.15,-44.39,-42.91,-38.66,-21.12,-9.12,-24.4,-30.12,-54.51,-47.83,-11.83,-21.27,-6.17
2026-03-20 06:00:00,viernes,-19.14,-44.37,-43.85,-38.55,-25.44,-9.18,-24.99,-26.91,-48.77,-41.82,-7.87,-24.98,-7.92
2026-03-20 07:00:00,viernes,-19.15,-44.5,-44.3,-38.59,-21.65,-9.25,-25.26,-25.78,-50.92,-44.48,-6.18,-21.43,-8.81
2026-03-20 08:00:00,viernes,-19.17,-44.51,-43.46,-38.66,-20.5,-9.17,-26.23,-26.07,-53.18,-46.56,-7.23,-20.56,-8.58
2026-03-20 09:00:00,viernes,-19.16,-44.42,-43.85,-38.45,-21.1,-9.21,-27.01,-21.22,-46.81,-40.73,-4.06,-21.48,-7.97
2026-03-20 10:00:00,viernes,-19.21,-44.48,-41.95,-38.65,-21.92,-9.2,-24.54,-33.56,-52.3,-46.08,-16.97,-21.84,-7.92
2026-03-20 11:00:00,viernes,-19.23,-44.35,-42.87,-38.75,-20.18,-9.17,-22.98,-38.88,-47.52,-41.55,-22.34,-20.71,-7.88
2026-03-20 12:00:00,viernes,-19.24,-44.41,-43.51,-38.55,-16.93,-9.15,-19.07,-38.93,-48.39,-42.49,-21.42,-16.83,-7.76
2026-03-20 13:00:00,viernes,-19.22,-44.41,-41.38,-38.68,-19.97,-9.22,-13.51,-23.81,-55.0,-48.95,-4.5,-20.43,-6.47
2026-03-20 14:00:00,viernes,-19.19,-44.44,-42.51,-38.68,-24.73,-9.16,-10.96,-11.79,-53.14,-47.06,6.05,-25.13,-8.73
2026-03-20 15:00:00,viernes,-19.19,-44.49,-40.87,-38.79,-24.07,-9.18,-10.85,-7.78,-53.28,-47.12,8.15,-24.07,-5.87
2026-03-20 16:00:00,viernes,-19.15,-44.46,-42.74,-38.57,-23.12,-9.19,-9.97,-7.34,-49.4,-43.01,8.84,-23.01,-7.76
2026-03-20 17:00:00,viernes,-19.1,-44.38,-42.92,-38.61,-19.19,-9.15,-10.0,-6.39,-53.51,-47.15,8.78,-19.88,-7.68
2026-03-20 18:00:00,viernes,-19.08,-44.35,-41.14,-38.56,-21.78,-9.17,-9.99,-8.25,-55.61,-49.01,6.17,-21.96,-5.66
2026-03-20 19:00:00,viernes,-19.13,-44.38,-43.82,-38.62,-19.64,-9.2,-9.99,-8.31,-52.29,-45.71,4.92,-20.38,-7.8
2026-03-20 20:00:00,viernes,-19.03,-44.46,-39.63,-38.55,-20.15,-9.2,-10.0,-8.99,-59.31,-52.52,4.15,-20.79,-3.94
2026-03-20 21:00:00,viernes,-19.06,-44.41,-41.81,-37.81,-19.31,-9.04,-10.0,-4.91,-53.17,-46.31,7.68,-18.93,-6.81
2026-03-20 22:00:00,viernes,-19.04,-44.32,-42.84,-37.7,-21.29,-8.66,-10.0,-8.16,-53.83,-46.82,4.15,-19.97,-7.86
2026-03-20 23:00:00,viernes,-19.01,-44.36,-41.42,-37.31,-20.64,-8.67,-9.99,-9.5,-55.1,-48.46,2.62,-19.39,-7.09
2026-03-21 00:00:00,sábado,-19.13,-44.38,-43.98,-37.67,-21.76,-8.67,-9.99,-7.53,-51.92,-45.26,4.57,-20.84,-9.26
2026-03-21 01:00:00,sábado,-19.13,-44.36,-44.09,-38.22,-21.37,-8.65,-9.99,-6.54,-47.94,-41.5,5.54,-21.11,-9.62
2026-03-21 02:00:00,sábado,-19.15,-44.33,-43.56,-37.48,-22.73,-8.68,-9.99,-7.04,-45.47,-39.37,5.78,-21.31,-9.18
2026-03-21 03:00:00,sábado,-19.16,-44.34,-43.94,-37.46,-20.19,-8.68,-9.99,-8.88,-50.88,-44.2,4.85,-19.11,-9.09
2026-03-21 04:00:00,sábado,-19.14,-44.25,-43.48,-38.18,-22.24,-8.65,-10.75,-20.41,-49.71,-42.99,-6.32,-21.79,-6.62
2026-03-21 05:00:00,sábado,-19.16,-44.19,-41.84,-38.16,-23.68,-8.67,-10.99,-23.47,-45.86,-39.26,-7.56,-22.72,-5.81
2026-03-21 06:00:00,sábado,-19.13,-44.34,-43.59,-38.12,-23.96,-8.68,-15.6,-20.83,-50.6,-44.08,-8.68,-23.41,-8.78
2026-03-21 07:00:00,sábado,-19.08,-44.26,-44.06,-37.9,-22.86,-8.65,-13.83,-38.03,-49.03,-42.74,-23.13,-21.94,-8.49
2026-03-21 08:00:00,sábado,-19.15,-44.25,-44.08,-37.94,-23.94,-8.66,-12.64,-18.62,-47.67,-41.27,-4.72,-23.36,-9.88
2026-03-21 09:00:00,sábado,-19.15,-44.28,-44.05,-38.21,-23.42,-8.66,-11.97,-14.77,-52.34,-45.92,-0.32,-23.4,-10.54
2026-03-21 10:00:00,sábado,-19.16,-44.26,-43.99,-37.74,-22.03,-8.67,-11.96,-13.49,-45.62,-39.67,3.44,-21.38,-10.75
2026-03-21 11:00:00,sábado,-19.16,-44.35,-43.44,-37.99,-20.81,-8.67,-11.95,-20.83,-45.85,-40.08,0.06,-20.8,-10.02
2026-03-21 12:00:00,sábado,-19.17,-44.34,-43.2,-37.01,-21.82,-8.69,-11.95,-16.31,-45.19,-39.35,5.86,-20.56,-7.54
2026-03-21 13:00:00,sábado,-19.15,-44.44,-44.29,-38.2,-23.06,-8.65,-13.66,-20.44,-44.97,-39.2,0.41,-22.98,-8.99
2026-03-21 14:00:00,sábado,-19.14,-44.41,-42.77,-38.08,-23.55,-8.68,-14.22,-22.97,-48.37,-42.54,-0.36,-23.71,-7.35
2026-03-21 15:00:00,sábado,-19.15,-44.41,-42.75,-37.72,-22.83,-8.66,-15.96,-20.81,-44.18,-38.53,1.18,-22.18,-8.01
2026-03-21 16:00:00,sábado,-19.1,-44.49,-42.96,-37.3,-22.98,-8.65,-15.97,-17.36,-48.32,-42.57,5.4,-21.9,-8.39
2026-03-21 17:00:00,sábado,-19.14,-44.45,-42.85,-37.85,-24.08,-8.67,-14.1,-10.27,-46.87,-41.16,16.07,-23.87,-8.1
2026-03-21 18:00:00,sábado,-19.13,-44.41,-43.15,-38.17,-21.46,-8.72,-11.44,-13.98,-47.03,-41.27,15.51,-21.67,-7.3
2026-03-21 19:00:00,sábado,-19.13,-44.41,-42.25,-38.19,-19.28,-8.66,-13.88,-17.38,-48.93,-42.91,10.67,-19.53,-6.95
2026-03-21 20:00:00,sábado,-19.1,-44.39,-44.18,-37.67,-20.92,-8.67,-13.02,-20.32,-46.25,-39.87,8.74,-20.65,-9.22
2026-03-21 21:00:00,sábado,-19.12,-44.43,-44.19,-38.23,-25.24,-8.65,-13.91,-22.62,-47.95,-41.55,5.9,-24.95,-8.95
2026-03-21 22:00:00,sábado,-19.11,-44.44,-44.24,-38.21,-25.65,-8.68,-13.9,-24.32,-44.56,-38.5,4.47,-25.6,-9.11
2026-03-21 23:00:00,sábado,-19.12,-44.46,-44.29,-37.74,-22.07,-8.68,-14.38,-24.26,-43.44,-37.41,4.02,-21.14,-9.61
2026-03-22 00:00:00,domingo,-19.08,-44.4,-43.4,-37.81,-24.24,-8.67,-19.51,-19.85,-44.29,-38.04,1.95,-23.18,-8.69
2026-03-22 01:00:00,domingo,-19.13,-44.44,-43.74,-38.25,-24.18,-8.63,-20.93,-22.1,-45.43,-39.12,-2.78,-23.75,-9.81
2026-03-22 02:00:00,domingo,-19.14,-44.37,-43.18,-38.31,-23.07,-8.67,-23.12,-23.26,-47.12,-40.62,-6.13,-22.45,-7.12
2026-03-22 03:00:00,domingo,-19.1,-44.28,-44.11,-36.8,-18.66,-8.69,-23.74,-20.08,-44.57,-37.74,-4.12,-17.28,-7.82
2026-03-22 04:00:00,domingo,-19.1,-44.29,-43.33,-35.49,-21.65,-9.13,-23.74,-20.59,-44.87,-38.25,-7.65,-20.58,-7.27
2026-03-22 05:00:00,domingo,-19.1,-44.25,-42.95,-38.06,-18.69,-9.17,-13.8,-32.22,-51.88,-45.39,-10.95,-20.04,-7.19
2026-03-22 06:00:00,domingo,-19.15,-44.28,-44.05,-38.08,-20.45,-9.2,-13.53,-16.82,-44.29,-37.54,8.36,-20.39,-8.66
2026-03-22 07:00:00,domingo,-19.13,-44.21,-44.04,-37.73,-18.58,-9.16,-12.09,-11.56,-40.09,-33.63,17.71,-18.1,-6.81
2026-03-22 08:00:00,domingo,-19.14,-44.27,-44.12,-38.23,-19.79,-9.2,-19.42,-10.67,-40.81,-34.53,13.08,-20.78,-8.06
2026-03-22 09:00:00,domingo,-19.12,-44.08,-42.94,-38.05,-21.7,-9.14,-22.77,-9.16,-37.61,-31.23,11.46,-22.96,-6.58
2026-03-22 10:00:00,domingo,-19.15,-44.32,-44.09,-37.55,-16.87,-9.18,-22.78,-11.89,-41.65,-35.24,8.38,-18.17,-7.96
2026-03-22 11:00:00,domingo,-19.18,-44.36,-44.16,-37.41,-20.7,-9.21,-25.82,-10.47,-42.41,-35.93,7.22,-21.29,-7.66
2026-03-22 12:00:00,domingo,-19.22,-44.46,-44.26,-37.51,-22.9,-9.17,-26.44,-14.91,-44.44,-38.23,2.12,-23.07,-9.1
2026-03-22 13:00:00,domingo,-19.15,-44.45,-44.27,-37.93,-26.39,-9.19,-25.68,-15.7,-43.17,-37.12,0.02,-27.0,-11.47
2026-03-22 14:00:00,domingo,-19.13,-44.37,-44.03,-37.98,-23.77,-9.15,-23.99,-18.14,-42.52,-36.21,-2.36,-24.47,-8.7
2026-03-22 15:00:00,domingo,-19.14,-44.4,-44.23,-37.94,-22.42,-9.24,-23.07,-16.15,-40.3,-34.16,0.22,-23.28,-8.24
2026-03-22 16:00:00,domingo,-19.12,-44.49,-42.69,-38.21,-18.77,-9.16,-23.56,-13.37,-47.13,-40.73,3.89,-19.94,-6.93
2026-03-22 17:00:00,domingo,-19.13,-44.48,-43.22,-37.78,-20.03,-9.18,-23.69,-20.05,-46.08,-39.82,-1.23,-20.28,-7.66
2026-03-22 18:00:00,domingo,-19.08,-44.49,-42.55,-38.09,-23.08,-9.2,-25.99,-16.02,-52.65,-46.36,1.1,-23.09,-6.61
2026-03-22 19:00:00,domingo,-19.02,-44.5,-43.14,-37.08,-19.02,-9.19,-25.45,-16.72,-51.65,-45.54,0.75,-18.75,-7.12
2026-03-22 20:00:00,domingo,-19.06,-44.52,-41.61,-38.13,-24.08,-9.13,-26.33,-16.71,-57.52,-51.16,0.07,-25.45,-5.41
2026-03-22 21:00:00,domingo,-19.04,-44.43,-41.66,-38.18,-23.53,-9.22,-27.1,-14.33,-50.32,-43.94,1.96,-25.14,-5.7
2026-03-22 22:00:00,domingo,-19.05,-44.37,-43.91,-37.99,-22.08,-9.21,-27.8,-12.73,-46.78,-40.5,3.19,-23.34,-7.91
2026-03-22 23:00:00,domingo,-19.07,-44.35,-43.77,-37.89,-22.61,-9.16,-29.11,-14.61,-44.73,-38.64,0.27,-23.75,-7.84
2026-03-23 00:00:00,lunes,-19.07,-44.3,-44.05,-37.96,-25.59,-9.17,-28.91,-14.21,-41.68,-35.54,1.37,-26.51,-7.34
2026-03-23 01:00:00,lunes,-19.07,-44.34,-44.13,-38.14,-22.48,-9.19,-29.23,-13.12,-42.77,-36.49,2.33,-24.12,-7.43
2026-03-23 02:00:00,lunes,-19.07,-44.25,-44.08,-37.9,-20.63,-9.21,-29.49,-10.47,-41.16,-34.98,4.95,-21.91,-7.53
2026-03-23 03:00:00,lunes,-19.09,-44.3,-43.82,-38.2,-25.43,-9.15,-28.86,-11.12,-42.93,-36.67,4.83,-25.99,-7.37
2026-03-23 04:00:00,lunes,-19.04,-44.24,-44.0,-38.15,-24.55,-9.15,-28.25,-11.22,-41.57,-35.39,5.34,-25.64,-7.05
2026-03-23 05:00:00,lunes,-19.1,-44.38,-44.1,-38.33,-26.25,-9.14,-29.37,-9.18,-49.68,-43.4,5.83,-27.7,-7.74
2026-03-23 06:00:00,lunes,-19.12,-44.38,-44.17,-38.1,-25.84,-9.18,-29.01,-8.46,-49.7,-43.38,7.48,-26.98,-7.92
2026-03-23 07:00:00,lunes,-19.15,-44.35,-44.07,-37.88,-22.56,-9.26,-29.88,-9.21,-49.0,-42.88,6.35,-23.19,-7.86
2026-03-23 08:00:00,lunes,-19.18,-44.37,-44.02,-38.23,-19.67,-9.17,-28.28,-13.1,-50.73,-44.36,3.17,-20.67,-7.86
2026-03-23 09:00:00,lunes,-19.14,-44.31,-42.39,-37.92,-22.49,-9.19,-23.47,-21.17,-53.19,-46.98,-3.16,-23.3,-6.73
2026-03-23 10:00:00,lunes,-19.18,-44.36,-42.53,-38.17,-22.27,-9.15,-23.42,-18.6,-52.99,-46.62,-1.09,-23.5,-6.14
2026-03-23 11:00:00,lunes,-19.12,-44.28,-41.49,-36.64,-17.11,-8.9,-24.34,-21.02,-45.25,-39.22,-6.28,-16.23,-5.67
2026-03-23 12:00:00,lunes,-19.18,-43.93,-39.89,-26.49,-8.67,-8.25,-23.35,-21.14,-40.17,-34.28,-5.61,3.84,-2.93
2026-03-23 13:00:00,lunes,-19.17,-43.01,-43.03,-35.92,-23.98,-8.71,-22.23,-20.83,-29.62,-23.71,-6.64,-22.41,-5.77
2026-03-23 14:00:00,lunes,-19.19,-43.5,-43.82,-37.9,-21.51,-8.98,-20.47,-20.37,-36.19,-30.01,-4.32,-22.46,-7.86
2026-03-23 15:00:00,lunes,-19.21,-43.68,-43.85,-38.12,-13.7,-9.19,-20.38,-22.09,-40.4,-34.01,-5.75,-14.97,-8.78
2026-03-23 16:00:00,lunes,-19.14,-43.77,-43.28,-37.61,-16.82,-9.19,-21.18,-17.34,-38.85,-32.52,-1.97,-17.64,-8.18
2026-03-23 17:00:00,lunes,-19.09,-43.64,-42.38,-37.26,-16.65,-9.18,-19.95,-24.13,-38.58,-31.97,-7.34,-17.34,-7.53
2026-03-23 18:00:00,lunes,-19.1,-43.41,-42.27,-36.88,-21.34,-9.22,-19.35,-20.6,-32.94,-26.51,-3.78,-21.26,-8.02
2026-03-23 19:00:00,lunes,-19.11,-43.89,-41.84,-37.45,-19.77,-9.16,-17.97,-21.91,-41.41,-34.67,-3.84,-20.35,-7.3
2026-03-23 20:00:00,lunes,-19.1,-43.51,-42.34,-37.31,-24.23,-9.22,-17.97,-23.37,-35.11,-28.5,-5.11,-24.67,-6.93
2026-03-23 21:00:00,lunes,-19.1,-43.72,-42.38,-37.95,-22.73,-9.16,-17.98,-25.0,-40.14,-33.65,-6.73,-23.58,-6.43
2026-03-23 22:00:00,lunes,-19.13,-43.57,-42.37,-37.89,-21.86,-9.2,-17.98,-25.05,-35.5,-29.17,-6.99,-22.37,-6.3
2026-03-23 23:00:00,lunes,-19.07,-43.54,-42.36,-37.88,-21.95,-9.15,-17.14,-27.47,-32.15,-26.05,-8.86,-22.32,-6.09
2026-03-24 00:00:00,martes,-19.04,-43.38,-42.34,-37.53,-24.28,-9.2,-16.26,-25.79,-32.45,-25.92,-6.19,-24.68,-7.53
2026-03-24 01:00:00,martes,-19.04,-43.46,-42.52,-38.13,-23.96,-9.18,-15.99,-23.84,-34.93,-28.41,-3.46,-25.1,-8.21
2026-03-24 02:00:00,martes,-19.1,-43.49,-42.31,-37.59,-22.79,-9.14,-15.97,-23.38,-36.89,-30.15,-3.44,-22.92,-8.73
2026-03-24 03:00:00,martes,-19.07,-43.22,-43.09,-37.79,-22.16,-9.24,-15.97,-20.93,-33.87,-27.36,-1.22,-22.53,-8.92
2026-03-24 04:00:00,martes,-19.08,-43.29,-43.82,-38.04,-22.36,-9.17,-15.97,-20.57,-38.36,-31.81,-0.42,-22.14,-8.26
2026-03-24 05:00:00,martes,-19.09,-43.25,-43.73,-38.11,-21.16,-9.13,-15.97,-21.93,-35.42,-28.68,-1.52,-21.82,-9.82
2026-03-24 06:00:00,martes,-19.11,-42.9,-43.42,-38.04,-21.71,-9.23,-15.98,-21.92,-28.54,-22.02,0.89,-22.22,-9.57
2026-03-24 07:00:00,martes,-19.12,-42.74,-42.53,-37.55,-21.4,-9.17,-15.94,-18.69,-24.19,-17.73,6.84,-21.27,-9.54
2026-03-24 08:00:00,martes,-19.14,-42.59,-40.97,-38.06,-22.04,-9.12,-15.9,-18.24,-25.15,-18.72,8.82,-22.37,-8.09
2026-03-24 09:00:00,martes,-19.19,-42.42,-40.31,-37.66,-25.38,-9.21,-16.53,-15.98,-20.92,-14.69,10.78,-25.73,-6.21
2026-03-24 10:00:00,martes,-19.15,-43.05,-36.21,-37.36,-24.95,-9.19,-16.91,-17.86,-28.04,-21.57,7.06,-24.95,-3.41
2026-03-24 11:00:00,martes,-19.14,-42.55,-38.41,-37.56,-24.71,-9.15,-17.83,-16.57,-17.78,-11.37,4.76,-25.1,-7.49
2026-03-24 12:00:00,martes,-19.11,-42.77,-36.26,-37.18,-25.53,-9.16,-18.85,-15.64,-19.22,-12.98,4.19,-26.37,-6.29
2026-03-24 13:00:00,martes,-19.24,-42.63,-36.94,-36.84,-26.39,-9.2,-18.12,-4.11,-16.35,-9.93,16.4,-26.78,-6.59
2026-03-24 14:00:00,martes,-19.16,-42.79,-38.16,-37.17,-22.54,-9.21,-17.53,-2.88,-23.54,-17.26,18.05,-23.86,-7.13
2026-03-24 15:00:00,martes,-19.11,-43.14,-35.49,-37.81,-22.17,-9.15,-16.11,-7.93,-26.61,-20.54,14.97,-23.55,-3.35
2026-03-24 16:00:00,martes,-19.07,-42.28,-40.22,-37.35,-23.19,-9.18,-16.94,-2.9,-13.8,-7.72,20.29,-22.74,-7.41
2026-03-24 17:00:00,martes,-19.11,-41.99,-26.32,-37.39,-27.4,-9.16,-16.47,-2.84,-15.03,-8.62,20.75,-26.64,6.76
2026-03-24 18:00:00,martes,-18.98,-42.1,-22.85,-37.2,-24.37,-9.19,-16.09,-3.1,-15.8,-9.59,17.76,-23.74,9.72
2026-03-24 19:00:00,martes,-18.9,-42.35,-30.52,-38.01,-20.7,-9.01,-18.02,-17.72,-16.98,-10.85,3.51,-20.62,1.94
2026-03-24 20:00:00,martes,-18.97,-42.46,-34.24,-37.83,-22.76,-8.99,-20.55,-13.95,-17.58,-11.31,6.62,-22.4,-0.51
2026-03-24 21:00:00,martes,-18.97,-41.4,-35.26,-37.96,-24.95,-8.98,-23.23,-14.53,-19.51,-13.39,4.69,-24.44,-0.42
2026-03-24 22:00:00,martes,-18.97,-42.63,-36.9,-38.1,-24.16,-9.11,-24.69,-15.53,-27.18,-21.04,2.77,-23.95,-3.04
2026-03-24 23:00:00,martes,-19.01,-42.04,-37.58,-37.4,-19.09,-9.2,-23.93,-18.59,-15.27,-8.97,0.89,-18.43,-3.14
2026-03-25 00:00:00,miércoles,-18.88,-42.01,-35.73,-38.06,-23.55,-9.15,-23.15,-8.56,-15.47,-9.22,11.52,-23.43,-1.81
2026-03-25 01:00:00,miércoles,-19.02,-41.92,-34.03,-38.13,-20.89,-9.19,-24.64,-9.49,-15.78,-9.67,9.16,-21.31,0.19
2026-03-25 02:00:00,miércoles,-19.07,-41.65,-34.83,-37.98,-22.52,-9.02,-26.04,-17.48,-15.29,-9.25,-0.43,-22.41,-0.51
2026-03-25 03:00:00,miércoles,-19.11,-41.97,-36.02,-37.61,-27.98,-8.83,-25.91,-16.27,-12.91,-6.6,0.77,-26.87,-2.33
2026-03-25 04:00:00,miércoles,-19.15,-42.36,-38.21,-37.65,-28.61,-8.1,-25.94,-14.91,-13.43,-7.66,2.57,-27.28,-5.21
2026-03-25 05:00:00,miércoles,-19.04,-42.75,-38.35,-37.47,-28.23,-7.99,-25.92,-17.16,-19.82,-13.93,0.75,-27.06,-5.7
2026-03-25 06:00:00,miércoles,-19.08,-42.78,-38.09,-36.09,-26.56,-8.16,-26.54,-15.09,-20.31,-14.1,2.73,-24.4,-5.48
2026-03-25 07:00:00,miércoles,-19.06,-42.38,-38.41,-26.44,-16.79,-7.9,-25.92,-17.91,-14.7,-8.47,0.67,-6.24,-4.85
2026-03-25 08:00:00,miércoles,-19.15,-42.61,-38.41,-24.86,-13.9,-7.83,-26.25,-15.31,-16.84,-10.59,3.02,-1.35,-4.75
2026-03-25 09:00:00,miércoles,-19.09,-42.46,-38.67,-22.2,-16.0,-7.17,-27.03,-17.42,-12.05,-6.08,0.12,0.0,-5.53
2026-03-25 10:00:00,miércoles,-19.27,-43.7,-39.9,-21.1,-17.0,-7.06,-27.94,-17.8,-30.74,-24.56,-0.74,0.0,-6.6
2026-03-25 11:00:00,miércoles,-19.19,-43.48,-38.47,-21.1,-16.29,-7.04,-27.95,-19.84,-43.29,-37.08,-3.02,0.0,-4.73
2026-03-25 12:00:00,miércoles,-19.18,-43.35,-43.74,-21.1,-16.21,-7.66,-27.99,-16.48,-35.86,-29.94,0.07,0.0,-10.29
2026-03-25 13:00:00,miércoles,-19.17,-43.55,-42.65,-21.09,-15.94,-7.76,-27.97,-16.07,-39.18,-33.17,0.87,0.0,-7.95
2026-03-25 14:00:00,miércoles,-19.1,-43.56,-43.36,-21.1,-16.17,-7.77,-27.97,-16.9,-37.94,-31.62,-0.51,0.0,-8.32
2026-03-25 15:00:00,miércoles,-19.11,-43.63,-42.3,-21.09,-16.07,-7.63,-27.96,-22.08,-38.05,-31.59,-7.46,0.0,-7.21
2026-03-25 16:00:00,miércoles,-19.17,-43.78,-40.72,-21.1,-16.2,-7.57,-28.85,-18.65,-41.88,-35.5,-4.8,0.0,-6.44
2026-03-25 17:00:00,miércoles,-19.21,-43.65,-40.76,-21.1,-16.32,-7.57,-28.23,-21.82,-40.99,-34.27,-7.72,0.0,-6.27
2026-03-25 18:00:00,miércoles,-19.18,-43.63,-40.83,-21.09,-16.24,-7.57,-28.08,-23.69,-41.6,-34.83,-8.13,0.0,-6.48
2026-03-25 19:00:00,miércoles,-19.15,-43.37,-40.29,-21.11,-15.91,-7.58,-28.98,-23.18,-36.59,-30.04,-6.66,0.0,-5.95
2026-03-25 20:00:00,miércoles,-19.19,-43.7,-39.34,-21.08,-16.7,-7.6,-28.97,-24.34,-34.82,-28.5,-7.86,0.0,-5.1
2026-03-25 21:00:00,miércoles,-19.17,-43.89,-40.79,-21.12,-16.04,-7.76,-29.01,-16.82,-37.99,-31.56,-0.04,0.0,-6.43
2026-03-25 22:00:00,miércoles,-19.2,-43.73,-40.66,-24.26,-22.03,-7.65,-29.78,-18.98,-34.87,-28.28,-3.0,-8.68,-6.55
2026-03-25 23:00:00,miércoles,-19.2,-43.99,-40.86,-35.71,-30.46,-7.76,-29.6,-20.34,-40.91,-34.21,-4.49,-28.04,-6.6
2026-03-26 00:00:00,jueves,-19.17,-43.88,-40.65,-36.86,-28.67,-8.11,-29.93,-20.04,-43.86,-37.13,-3.89,-28.1,-6.32
2026-03-26 01:00:00,jueves,-19.14,-43.74,-40.75,-37.46,-24.73,-8.44,-29.52,-20.75,-36.72,-30.1,-4.53,-25.38,-6.03
2026-03-26 02:00:00,jueves,-19.2,-43.92,-40.76,-38.24,-22.67,-8.16,-29.49,-18.52,-44.0,-37.34,-1.97,-23.4,-7.42
2026-03-26 03:00:00,jueves,-19.14,-43.75,-40.74,-37.99,-20.2,-8.25,-28.85,-14.46,-43.36,-36.56,2.64,-21.02,-7.47
2026-03-26 04:00:00,jueves,-19.19,-43.85,-40.79,-38.14,-23.9,-8.25,-28.47,-15.03,-40.3,-33.96,2.42,-24.57,-6.62
2026-03-26 05:00:00,jueves,-19.16,-43.81,-40.82,-38.28,-23.92,-8.14,-28.67,-15.72,-42.53,-35.99,1.16,-24.34,-6.89
2026-03-26 06:00:00,jueves,-19.27,-43.79,-40.78,-38.09,-21.34,-8.22,-29.15,-12.98,-43.33,-36.71,3.15,-22.02,-6.47
2026-03-26 07:00:00,jueves,-19.15,-43.77,-40.82,-38.23,-23.42,-9.12,-28.44,-12.82,-41.34,-34.89,4.12,-25.1,-6.36
2026-03-26 08:00:00,jueves,-19.15,-43.54,-40.33,-38.14,-23.82,-9.12,-28.86,-13.65,-36.29,-29.98,2.87,-25.54,-6.2
2026-03-26 09:00:00,jueves,-19.14,-43.53,-40.86,-38.13,-23.86,-9.18,-29.96,-11.38,-39.34,-33.03,4.06,-25.68,-6.37
2026-03-26 10:00:00,jueves,-19.24,-43.68,-39.38,-38.41,-23.51,-9.17,-28.98,-14.9,-43.67,-37.62,-1.0,-25.41,-5.22
2026-03-26 11:00:00,jueves,-19.26,-43.3,-43.67,-38.12,-24.95,-9.19,-28.02,-22.66,-35.67,-29.47,-8.86,-26.41,-8.84
2026-03-26 12:00:00,jueves,-19.23,-43.54,-41.27,-38.31,-27.23,-9.15,-24.14,-21.62,-43.9,-37.48,-9.34,-29.11,-7.02
2026-03-26 13:00:00,jueves,-19.26,-43.55,-41.95,-37.99,-23.21,-9.13,-19.97,-19.23,-34.69,-28.66,-3.63,-25.23,-6.49
2026-03-26 14:00:00,jueves,-18.74,-43.39,-42.68,-37.99,-21.08,-9.22,-19.98,-14.05,-25.19,-19.54,-0.99,-23.19,-7.61
2026-03-26 15:00:00,jueves,-19.25,-43.87,-40.8,-38.12,-20.64,-9.16,-19.97,-15.64,-30.02,-24.34,-2.66,-22.62,-6.21
2026-03-26 16:00:00,jueves,-19.2,-43.65,-42.54,-38.05,-19.49,-9.18,-16.71,-13.4,-26.89,-21.07,0.12,-21.13,-8.08
2026-03-26 17:00:00,jueves,-19.16,-43.72,-43.28,-38.05,-24.85,-9.14,-14.98,-14.26,-31.02,-25.16,-0.99,-26.13,-8.14
2026-03-26 18:00:00,jueves,-19.18,-43.45,-43.71,-38.02,-23.81,-9.21,-14.73,-16.92,-29.81,-23.98,-5.07,-25.23,-8.93
2026-03-26 19:00:00,jueves,-19.15,-43.74,-41.21,-38.01,-19.65,-9.19,-13.95,-10.43,-34.36,-28.56,1.15,-21.67,-6.96
2026-03-26 20:00:00,jueves,-19.17,-43.76,-40.57,-37.24,-23.9,-9.19,-13.96,-6.61,-38.21,-32.17,3.44,-24.91,-6.41
2026-03-26 21:00:00,jueves,-19.17,-43.16,-43.56,-38.11,-23.17,-9.15,-13.94,-6.44,-34.07,-27.67,5.41,-24.99,-8.05
2026-03-26 22:00:00,jueves,-19.15,-43.71,-41.63,-38.08,-23.02,-9.18,-13.94,-4.72,-37.52,-31.21,9.79,-24.87,-7.67
2026-03-26 23:00:00,jueves,-19.19,-43.12,-43.25,-37.89,-21.78,-9.18,-14.1,-14.32,-32.45,-26.19,1.63,-23.09,-8.19
2026-03-27 00:00:00,viernes,-19.2,-43.22,-42.75,-38.32,-20.53,-9.19,-14.93,-24.53,-33.6,-27.25,-6.93,-22.33,-7.46
2026-03-27 01:00:00,viernes,-19.18,-43.43,-40.95,-37.97,-20.23,-9.18,-14.55,-10.92,-39.1,-32.54,3.02,-21.0,-5.76
2026-03-27 02:00:00,viernes,-19.25,-43.26,-41.06,-38.26,-20.86,-9.25,-13.93,-11.44,-36.99,-30.41,4.54,-21.49,-6.04
2026-03-27 03:00:00,viernes,-19.2,-43.41,-41.0,-38.18,-23.58,-9.2,-14.9,-9.99,-43.59,-37.04,8.94,-24.35,-6.42
2026-03-27 04:00:00,viernes,-19.22,-43.42,-41.46,-38.22,-23.49,-9.16,-16.55,-18.74,-28.3,-22.1,0.03,-23.76,-6.28
2026-03-27 05:00:00,viernes,-19.19,-43.61,-43.97,-37.87,-23.65,-9.17,-16.97,-25.61,-34.14,-27.56,-6.84,-23.93,-8.84
2026-03-27 06:00:00,viernes,-19.2,-43.49,-44.2,-38.22,-21.2,-9.18,-16.99,-26.28,-30.22,-23.71,-9.13,-22.47,-9.77
2026-03-27 07:00:00,viernes,-19.21,-43.4,-43.91,-38.16,-22.24,-9.19,-17.15,-11.46,-35.36,-28.83,2.77,-23.78,-9.34
2026-03-27 08:00:00,viernes,-19.25,-43.54,-43.98,-38.05,-20.56,-9.2,-14.56,-14.85,-36.08,-29.44,1.15,-21.15,-10.15
2026-03-27 09:00:00,viernes,-19.27,-43.53,-44.24,-38.2,-20.94,-9.16,-13.99,-15.91,-30.82,-24.84,0.69,-21.88,-10.46
2026-03-27 10:00:00,viernes,-19.29,-43.59,-44.23,-38.09,-22.4,-9.16,-13.97,-13.9,-27.34,-21.7,-0.21,-22.86,-10.48
2026-03-27 11:00:00,viernes,-19.2,-43.74,-44.34,-37.85,-23.52,-9.2,-13.99,-11.02,-27.31,-21.72,1.37,-23.56,-10.89
2026-03-27 12:00:00,viernes,-19.18,-43.74,-44.36,-38.22,-25.07,-9.19,-13.99,-10.41,-28.61,-22.95,3.16,-25.88,-10.62
2026-03-27 13:00:00,viernes,-19.11,-44.07,-42.15,-38.12,-25.43,-9.17,-13.98,-13.78,-39.94,-33.71,1.28,-26.04,-8.32
2026-03-27 14:00:00,viernes,-19.16,-43.9,-42.22,-38.08,-27.04,-9.13,-13.98,-13.14,-37.77,-31.47,5.1,-27.36,-7.9
2026-03-27 15:00:00,viernes,-19.16,-43.76,-43.41,-37.92,-22.83,-9.19,-13.98,-12.76,-36.26,-29.9,4.51,-22.76,-8.47
2026-03-27 16:00:00,viernes,-19.13,-44.08,-42.18,-38.08,-26.37,-9.22,-13.98,-10.18,-37.45,-31.16,6.03,-26.29,-8.26
2026-03-27 17:00:00,viernes,-19.11,-43.64,-43.61,-37.86,-21.9,-9.15,-13.99,-11.81,-33.11,-26.77,5.83,-21.67,-9.38
2026-03-27 18:00:00,viernes,-19.04,-43.67,-41.89,-37.73,-16.74,-9.21,-13.98,-17.7,-42.54,-35.7,1.17,-18.0,-7.36
2026-03-27 19:00:00,viernes,-19.04,-43.54,-42.41,-38.12,-16.53,-9.17,-15.23,-23.82,-38.21,-31.51,-5.46,-16.98,-7.92
2026-03-27 20:00:00,viernes,-19.1,-43.43,-43.46,-38.04,-23.99,-9.16,-15.16,-29.65,-35.79,-29.41,-10.51,-23.9,-9.55
2026-03-27 21:00:00,viernes,-19.11,-43.14,-43.81,-38.03,-23.32,-9.17,-16.92,-24.97,-34.89,-28.46,-6.56,-22.85,-10.27
2026-03-27 22:00:00,viernes,-19.06,-42.95,-43.84,-37.99,-24.36,-9.19,-18.43,-23.0,-36.28,-29.75,-5.97,-24.34,-8.88
2026-03-27 23:00:00,viernes,-19.08,-43.63,-41.41,-37.7,-23.26,-9.17,-17.83,-24.81,-42.31,-35.8,-6.94,-23.19,-7.02
2026-03-28 00:00:00,sábado,-19.05,-42.96,-42.24,-38.11,-22.86,-9.2,-19.77,-25.67,-33.71,-27.26,-9.55,-22.86,-7.52
2026-03-28 01:00:00,sábado,-19.01,-43.16,-40.89,-38.21,-25.21,-9.16,-20.86,-25.18,-39.59,-33.34,-9.78,-25.31,-7.77
2026-03-28 02:00:00,sábado,-19.08,-43.77,-41.15,-38.17,-23.81,-9.2,-20.1,-26.53,-43.93,-37.06,-10.22,-23.98,-7.66
2026-03-28 03:00:00,sábado,-19.09,-43.27,-42.83,-37.65,-23.84,-9.16,-23.97,-24.21,-35.63,-28.93,-11.37,-23.23,-8.1
2026-03-28 04:00:00,sábado,-19.07,-43.68,-41.77,-38.16,-23.96,-9.19,-25.75,-21.34,-37.36,-30.72,-6.19,-23.91,-7.8
2026-03-28 05:00:00,sábado,-19.08,-43.27,-42.02,-38.01,-24.28,-9.22,-28.68,-16.74,-43.32,-36.94,-2.19,-24.26,-7.23
2026-03-28 06:00:00,sábado,-19.16,-43.86,-41.16,-38.21,-22.96,-9.13,-30.1,-16.61,-45.49,-38.97,-4.11,-23.17,-7.87
2026-03-28 07:00:00,sábado,-19.14,-43.39,-41.49,-37.88,-20.73,-9.19,-29.22,-15.01,-45.22,-38.44,-3.37,-20.35,-8.03
2026-03-28 08:00:00,sábado,-19.15,-43.5,-41.87,-38.11,-23.55,-9.18,-28.76,-13.26,-40.68,-34.09,-1.77,-23.63,-8.61
2026-03-28 09:00:00,sábado,-19.12,-42.54,-40.51,-38.13,-22.97,-9.16,-28.95,-9.83,-50.14,-43.68,1.58,-22.89,-8.02
2026-03-28 10:00:00,sábado,-19.2,-40.83,-39.98,-37.86,-15.21,-9.15,-26.36,-6.88,-45.69,-39.56,6.97,-15.44,-5.49
2026-03-28 11:00:00,sábado,-19.1,-39.8,-41.42,-38.03,-16.6,-9.2,-26.93,-8.83,-37.66,-31.96,4.01,-17.27,-8.03
2026-03-28 12:00:00,sábado,-19.08,-39.76,-39.76,-38.04,-22.58,-9.2,-25.53,-13.82,-31.47,-25.69,-0.2,-22.43,-6.82
2026-03-28 13:00:00,sábado,-19.05,-40.29,-38.59,-38.24,-24.36,-9.16,-24.93,-10.87,-25.58,-19.73,3.63,-24.35,-11.21
2026-03-28 14:00:00,sábado,-19.05,-41.27,-33.63,-38.12,-15.5,-9.18,-23.94,-7.96,-25.7,-19.86,8.01,-15.83,-9.97
2026-03-28 15:00:00,sábado,-18.97,-39.12,-35.79,-37.64,-13.77,-9.16,-23.93,-7.74,-21.73,-15.63,8.24,-13.51,-9.02
2026-03-28 16:00:00,sábado,-18.82,-37.62,-35.02,-38.1,-16.06,-9.15,-25.61,-12.74,-19.89,-13.48,0.98,-15.96,-7.57
2026-03-28 17:00:00,sábado,-18.76,-34.73,-32.64,-37.99,-18.46,-9.16,-26.01,-14.27,-28.67,-21.94,-0.78,-18.42,-3.77
2026-03-28 18:00:00,sábado,-18.81,-34.15,-20.51,-37.99,-16.11,-9.2,-26.97,-11.91,-27.85,-21.14,0.94,-16.39,8.02
2026-03-28 19:00:00,sábado,-18.94,-38.61,-27.9,-38.11,-15.17,-9.2,-26.41,-16.19,-18.65,-12.2,-2.66,-15.99,-8.27
2026-03-28 20:00:00,sábado,-18.91,-38.77,-32.19,-38.12,-20.23,-9.16,-25.18,-14.28,-27.13,-20.77,0.95,-21.03,-9.52
2026-03-28 21:00:00,sábado,-18.93,-38.61,-29.63,-38.22,-21.93,-9.22,-25.77,-9.15,-27.13,-20.83,5.16,-22.61,-4.66
2026-03-28 22:00:00,sábado,-18.91,-39.7,-31.49,-37.98,-22.13,-9.19,-23.76,-11.39,-23.74,-17.34,4.74,-22.37,-7.75
2026-03-28 23:00:00,sábado,-18.96,-38.72,-29.81,-38.16,-22.56,-9.15,-24.74,-8.37,-26.45,-20.01,6.84,-22.83,-5.86
2026-03-29 00:00:00,domingo,-19.01,-38.46,-33.06,-37.91,-21.86,-9.18,-24.9,-14.01,-16.82,-10.34,1.31,-21.99,-8.56
2026-03-29 01:00:00,domingo,-18.95,-39.02,-31.02,-38.28,-22.41,-9.19,-25.23,-14.36,-21.96,-15.55,0.8,-22.99,-2.88
2026-03-29 02:00:00,domingo,-18.95,-38.7,-29.08,-37.99,-24.26,-9.16,-25.05,-11.58,-15.27,-8.79,2.69,-24.58,1.09
2026-03-29 03:00:00,domingo,-18.99,-39.1,-26.88,-38.24,-24.57,-9.14,-23.94,-16.15,-15.9,-9.43,0.38,-25.52,3.74
2026-03-29 04:00:00,domingo,-19.04,-40.02,-31.73,-38.27,-26.95,-9.17,-24.87,-12.19,-14.12,-7.67,4.75,-28.67,-1.47
2026-03-29 05:00:00,domingo,-19.09,-40.09,-22.3,-38.13,-27.77,-9.19,-23.0,-17.27,-10.4,-4.34,-0.19,-28.11,8.7
2026-03-29 06:00:00,domingo,-18.99,-40.08,-26.76,-38.13,-28.99,-9.19,-16.44,-19.21,-22.0,-15.67,1.48,-29.44,5.31
2026-03-29 07:00:00,domingo,-18.98,-40.11,-28.08,-38.29,-27.28,-9.15,-15.03,-8.04,-14.06,-7.8,13.24,-28.68,4.57
2026-03-29 08:00:00,domingo,-18.98,-40.06,-26.45,-38.08,-27.99,-9.18,-16.0,-10.35,-6.54,-0.51,10.29,-28.83,5.6
2026-03-29 09:00:00,domingo,-18.97,-40.05,-27.88,-38.06,-28.59,-9.17,-14.04,-14.56,-9.5,-3.78,6.57,-29.2,5.72
2026-03-29 10:00:00,domingo,-19.11,-40.15,-32.67,-37.74,-21.34,-9.16,-14.57,-19.14,-19.95,-13.98,0.93,-22.28,2.37
2026-03-29 11:00:00,domingo,-19.08,-40.05,-42.48,-37.15,-14.15,-9.18,-14.22,-21.55,-16.58,-10.71,-1.33,-14.55,-7.42
2026-03-29 12:00:00,domingo,-19.09,-42.59,-43.3,-37.15,-18.65,-9.21,-13.94,-23.15,-20.26,-14.28,-3.03,-19.49,-9.81
2026-03-29 13:00:00,domingo,-19.06,-43.4,-43.96,-37.71,-16.68,-9.16,-13.94,-23.68,-23.83,-17.58,-3.99,-18.07,-13.39
2026-03-29 14:00:00,domingo,-19.03,-43.79,-44.15,-37.45,-14.83,-9.19,-13.93,-21.83,-35.46,-28.78,0.08,-15.83,-12.6
2026-03-29 15:00:00,domingo,-18.99,-43.71,-44.07,-38.07,-10.98,-9.17,-13.92,-22.82,-29.85,-23.12,2.36,-12.76,-14.5
2026-03-29 16:00:00,domingo,-19.0,-44.11,-42.13,-37.46,-16.98,-9.18,-14.3,-18.64,-35.89,-29.03,6.06,-17.9,-12.03
2026-03-29 17:00:00,domingo,-18.96,-43.49,-42.84,-36.77,-16.9,-9.17,-15.02,-10.03,-31.44,-24.67,13.78,-17.06,-11.2
2026-03-29 18:00:00,domingo,-18.97,-43.08,-43.6,-36.99,-17.49,-9.17,-15.78,-9.05,-28.73,-21.88,16.21,-17.71,-11.2
2026-03-29 19:00:00,domingo,-18.95,-43.59,-43.28,-36.74,-16.14,-9.24,-15.89,-4.5,-33.88,-26.98,21.58,-16.97,-11.09
2026-03-29 20:00:00,domingo,-19.01,-43.08,-43.97,-37.61,-18.48,-9.18,-15.96,-13.08,-31.17,-24.3,12.22,-19.86,-10.15
2026-03-29 21:00:00,domingo,-18.98,-42.93,-43.93,-37.67,-21.37,-9.19,-18.38,-13.0,-30.69,-23.73,10.04,-22.07,-9.41
2026-03-29 22:00:00,domingo,-18.95,-43.03,-43.99,-38.12,-22.09,-9.19,-21.34,-8.18,-29.28,-22.28,12.1,-22.63,-10.22
2026-03-29 23:00:00,domingo,-18.97,-43.35,-43.94,-38.13,-23.71,-9.16,-20.46,-9.67,-31.98,-25.12,11.84,-23.87,-9.75
2026-03-30 00:00:00,lunes,-18.97,-43.75,-42.76,-37.8,-25.05,-9.19,-19.64,-10.83,-36.3,-29.22,10.49,-24.85,-8.52
2026-03-30 01:00:00,lunes,-18.98,-43.39,-43.06,-37.9,-23.88,-9.14,-20.27,-14.95,-32.27,-25.72,4.44,-23.4,-7.84
2026-03-30 02:00:00,lunes,-19.0,-43.66,-42.4,-37.64,-24.88,-9.18,-13.33,-9.89,-35.73,-29.17,17.35,-24.23,-7.79
2026-03-30 03:00:00,lunes,-19.0,-43.57,-43.3,-38.06,-20.86,-9.2,-11.91,-9.87,-32.69,-26.21,17.74,-20.9,-8.5
2026-03-30 04:00:00,lunes,-18.97,-43.71,-42.79,-38.13,-24.39,-9.22,-11.91,-8.46,-35.31,-28.6,16.28,-24.68,-8.57
2026-03-30 05:00:00,lunes,-19.0,-43.56,-43.17,-38.11,-24.32,-9.16,-14.47,-6.7,-30.62,-23.99,15.96,-24.61,-8.57
2026-03-30 06:00:00,lunes,-18.99,-43.3,-43.05,-38.21,-25.23,-9.18,-20.51,-7.77,-25.32,-18.5,10.19,-25.29,-8.35
2026-03-30 07:00:00,lunes,-19.06,-43.17,-43.09,-37.77,-25.33,-9.16,-15.31,-16.4,-24.33,-17.52,6.23,-24.84,-8.1
2026-03-30 08:00:00,lunes,-19.0,-43.13,-41.68,-38.15,-25.49,-9.18,-13.9,-10.78,-22.51,-15.87,11.84,-25.49,-6.67
2026-03-30 09:00:00,lunes,-19.02,-43.4,-41.58,-37.7,-25.65,-9.18,-11.93,-7.93,-28.54,-22.36,12.65,-24.76,-5.4
2026-03-30 10:00:00,lunes,-18.99,-43.47,-42.4,-37.85,-22.71,-9.16,-11.97,-8.06,-30.9,-24.71,11.34,-22.11,-7.02
2026-03-30 11:00:00,lunes,-19.04,-43.48,-42.31,-37.47,-17.66,-9.13,-11.97,-5.58,-30.81,-24.54,13.65,-17.95,-7.19
2026-03-30 12:00:00,lunes,-19.05,-43.63,-40.67,-37.3,-16.14,-9.21,-11.97,-5.39,-34.05,-27.71,14.69,-16.99,-5.34
2026-03-30 13:00:00,lunes,-19.05,-43.22,-43.6,-37.54,-16.58,-9.12,-11.94,-3.09,-20.09,-13.97,20.61,-17.45,-7.65
2026-03-30 14:00:00,lunes,-18.94,-43.25,-43.79,-36.99,-16.85,-9.2,-11.92,-2.85,-24.55,-18.55,21.82,-16.35,-7.16
2026-03-30 15:00:00,lunes,-18.9,-43.28,-43.65,-37.24,-15.92,-9.21,-12.2,-2.85,-23.72,-17.73,20.35,-15.72,-7.99
2026-03-30 16:00:00,lunes,-18.94,-43.4,-43.94,-37.2,-15.49,-9.21,-15.99,-10.74,-28.68,-22.41,8.92,-15.25,-8.39
2026-03-30 17:00:00,lunes,-18.89,-43.62,-41.28,-37.25,-16.18,-9.16,-20.63,-14.63,-33.99,-27.71,0.16,-15.93,-6.57
2026-03-30 18:00:00,lunes,-18.84,-43.7,-41.43,-36.85,-17.65,-9.21,-18.33,-24.06,-30.57,-24.32,-6.06,-16.77,-6.85
2026-03-30 19:00:00,lunes,-18.66,-43.6,-42.7,-36.94,-14.21,-9.15,-19.59,-17.66,-28.95,-22.59,-0.25,-13.46,-7.76
2026-03-30 20:00:00,lunes,-18.48,-43.94,-39.98,-37.4,-25.26,-9.2,-18.94,-19.05,-44.32,-37.63,1.97,-24.94,-5.55
2026-03-30 21:00:00,lunes,-18.54,-43.49,-43.86,-37.68,-26.9,-9.16,-18.71,-21.72,-37.1,-30.27,-0.17,-26.35,-9.35
2026-03-30 22:00:00,lunes,-18.83,-43.9,-37.19,-37.55,-27.15,-9.18,-20.2,-14.72,-49.92,-42.97,5.7,-26.44,-4.05
2026-03-30 23:00:00,lunes,-18.76,-44.01,-35.25,-37.76,-27.22,-9.2,-20.2,-14.5,-49.68,-42.88,4.86,-27.7,-3.93
2026-03-31 00:00:00,martes,-18.81,-44.01,-34.68,-37.93,-25.46,-9.16,-18.48,-17.0,-44.6,-37.72,4.3,-25.56,-1.94
2026-03-31 01:00:00,martes,-18.78,-43.97,-34.62,-38.0,-22.82,-9.16,-20.7,-16.47,-42.78,-35.87,3.17,-22.97,-2.55
2026-03-31 02:00:00,martes,-18.82,-44.0,-34.75,-38.01,-23.01,-9.19,-23.28,-12.26,-46.26,-39.3,6.49,-23.04,-2.72
2026-03-31 03:00:00,martes,-18.78,-43.99,-32.32,-38.11,-24.59,-9.16,-25.28,-7.17,-48.55,-41.97,10.58,-24.53,-2.7
2026-03-31 04:00:00,martes,-18.8,-43.57,-31.68,-37.94,-24.9,-9.21,-24.9,-4.39,-50.09,-43.46,14.4,-24.64,-0.12
2026-03-31 05:00:00,martes,-18.81,-43.59,-33.01,-38.07,-25.31,-9.15,-24.34,-3.95,-44.97,-38.41,15.44,-26.28,-1.28
2026-03-31 06:00:00,martes,-18.79,-43.48,-36.45,-37.62,-26.32,-9.19,-23.81,-5.19,-38.69,-32.12,15.07,-26.94,-5.36
2026-03-31 07:00:00,martes,-18.82,-43.14,-38.37,-38.07,-23.42,-9.17,-23.16,-3.28,-20.91,-14.74,16.86,-24.34,-6.78
2026-03-31 08:00:00,martes,-18.81,-44.05,-40.66,-38.06,-24.59,-9.15,-16.95,-7.09,-30.94,-24.44,14.44,-25.78,-10.31
2026-03-31 09:00:00,martes,-18.82,-43.78,-41.54,-37.58,-26.13,-9.13,-19.13,-5.55,-29.55,-23.21,13.99,-26.65,-9.98
2026-03-31 10:00:00,martes,-18.79,-43.79,-41.74,-37.3,-26.6,-9.17,-21.37,-5.95,-27.17,-20.93,11.77,-26.96,-9.42
2026-03-31 11:00:00,martes,-18.81,-43.88,-41.85,-37.12,-19.48,-9.17,-21.04,-5.84,-28.49,-22.07,10.99,-19.97,-9.97
2026-03-31 12:00:00,martes,-18.82,-44.09,-41.17,-36.94,-22.46,-9.19,-19.98,-7.81,-34.48,-27.82,9.99,-22.82,-9.12
2026-03-31 13:00:00,martes,-18.81,-44.13,-40.08,-36.94,-22.72,-9.18,-20.43,-7.66,-37.3,-30.34,10.11,-22.57,-7.73
2026-03-31 14:00:00,martes,-18.78,-43.74,-41.6,-36.4,-23.39,-9.08,-19.93,-10.76,-28.38,-21.76,7.37,-22.98,-7.88
2026-03-31 15:00:00,martes,-18.79,-43.98,-41.63,-37.22,-24.02,-9.18,-13.97,-13.04,-30.37,-23.83,7.03,-24.77,-8.63
2026-03-31 16:00:00,martes,-18.68,-43.94,-41.82,-36.04,-29.43,-9.15,-9.75,-3.16,-29.38,-22.47,14.44,-28.9,-10.13
2026-03-31 17:00:00,martes,-18.71,-43.96,-42.34,-36.23,-28.61,-9.16,-5.63,-4.58,-31.67,-25.05,16.45,-27.68,-11.01
2026-03-31 18:00:00,martes,-18.71,-44.06,-42.42,-36.19,-29.09,-9.28,-4.25,-1.93,-33.1,-26.42,20.78,-28.51,-10.22
2026-03-31 19:00:00,martes,-18.67,-43.91,-42.35,-36.62,-23.73,-9.17,-3.9,0.0,-27.46,-20.93,22.41,-23.83,-8.61
2026-03-31 20:00:00,martes,-18.71,-43.72,-43.61,-37.41,-25.16,-9.2,-3.9,0.0,-25.01,-18.43,22.86,-25.86,-9.24
2026-03-31 21:00:00,martes,-18.76,-43.79,-43.73,-37.47,-25.01,-9.18,-3.91,0.0,-30.71,-24.24,23.67,-25.65,-9.97
2026-03-31 22:00:00,martes,-18.79,-43.62,-43.53,-37.65,-20.68,-9.17,-3.87,0.0,-26.3,-19.78,25.68,-21.67,-9.49
2026-03-31 23:00:00,martes,-18.81,-43.92,-43.19,-37.97,-24.23,-9.18,-3.87,0.0,-33.36,-27.03,24.85,-25.28,-9.33
2026-04-01 00:00:00,miércoles,-18.85,-43.97,-42.44,-37.61,-24.39,-9.19,-6.03,0.0,-34.77,-28.36,20.23,-25.03,-8.72
2026-04-01 01:00:00,miércoles,-18.82,-43.74,-42.9,-37.64,-24.84,-9.16,-8.49,0.0,-28.53,-22.27,18.63,-24.57,-9.04
2026-04-01 02:00:00,miércoles,-18.89,-43.24,-43.79,-37.62,-22.63,-9.23,-9.71,0.0,-33.6,-27.14,20.81,-22.14,-9.45
2026-04-01 03:00:00,miércoles,-18.89,-42.76,-43.67,-37.55,-18.94,-9.2,-11.44,0.0,-28.99,-22.67,19.34,-18.43,-8.82
2026-04-01 04:00:00,miércoles,-18.99,-43.52,-43.77,-37.79,-20.76,-9.16,-11.84,0.0,-31.19,-24.88,21.25,-20.68,-9.22
2026-04-01 05:00:00,miércoles,-19.0,-42.92,-43.64,-37.94,-23.24,-9.18,-11.89,0.0,-26.42,-20.35,22.28,-23.33,-8.61
2026-04-01 06:00:00,miércoles,-18.89,-43.44,-43.24,-37.85,-23.17,-9.17,-14.91,0.0,-30.48,-24.19,21.87,-22.79,-9.0
2026-04-01 07:00:00,miércoles,-18.79,-43.66,-43.34,-37.4,-16.48,-9.24,-14.72,0.0,-32.77,-26.45,19.77,-16.27,-8.74
2026-04-01 08:00:00,miércoles,-18.82,-42.95,-43.73,-37.32,-17.67,-9.16,-11.37,0.0,-28.89,-22.71,21.06,-17.44,-7.66
2026-04-01 09:00:00,miércoles,-18.81,-43.21,-43.74,-37.69,-24.55,-9.19,-12.88,0.0,-32.02,-25.7,17.73,-23.95,-8.04
2026-04-01 10:00:00,miércoles,-18.83,-43.12,-43.71,-37.74,-17.34,-9.15,-12.93,0.0,-30.68,-24.2,19.12,-16.89,-9.15
2026-04-01 11:00:00,miércoles,-18.79,-43.29,-43.86,-37.79,-14.21,-9.19,-13.26,0.0,-32.81,-26.25,21.23,-14.1,-8.94
2026-04-01 12:00:00,miércoles,-18.89,-43.26,-43.8,-37.53,-16.87,-9.18,-14.48,0.0,-31.99,-25.77,21.72,-16.29,-9.7
2026-04-01 13:00:00,miércoles,-18.94,-43.58,-42.49,-37.65,-15.93,-9.16,-14.07,0.0,-36.76,-30.55,22.94,-16.08,-7.87
2026-04-01 14:00:00,miércoles,-18.99,-43.68,-43.36,-37.61,-14.29,-9.19,-13.95,0.0,-37.23,-30.78,23.02,-14.65,-8.49
2026-04-01 15:00:00,miércoles,-18.9,-43.43,-43.85,-37.67,-15.44,-9.17,-13.94,0.0,-35.11,-28.72,23.42,-15.82,-8.57
2026-04-01 16:00:00,miércoles,-19.01,-43.51,-43.93,-38.06,-14.05,-9.19,-13.96,0.0,-33.9,-27.73,23.42,-14.78,-9.15
2026-04-01 17:00:00,miércoles,-18.9,-43.48,-43.9,-37.72,-16.72,-9.12,-13.96,0.0,-34.01,-27.71,22.98,-16.91,-9.1
2026-04-01 18:00:00,miércoles,-18.85,-43.68,-42.48,-37.56,-16.64,-9.14,-13.96,0.0,-37.15,-30.75,22.12,-16.91,-7.88
2026-04-01 19:00:00,miércoles,-18.86,-43.83,-39.62,-37.48,-17.19,-9.21,-13.96,0.0,-40.54,-33.79,21.92,-17.3,-5.56
2026-04-01 20:00:00,miércoles,-18.91,-43.36,-43.42,-38.14,-22.23,-9.17,-14.47,0.0,-30.47,-24.12,22.89,-22.79,-7.99
2026-04-01 21:00:00,miércoles,-18.93,-43.36,-43.79,-38.05,-21.9,-9.15,-17.7,0.0,-31.68,-25.15,21.19,-22.2,-8.6
2026-04-01 22:00:00,miércoles,-18.93,-43.27,-43.74,-37.83,-24.04,-9.18,-22.44,0.0,-30.37,-23.79,16.32,-24.34,-7.24
2026-04-01 23:00:00,miércoles,-18.95,-43.24,-43.82,-38.2,-22.33,-9.2,-20.59,0.0,-32.59,-26.12,18.39,-22.66,-8.32
2026-04-02 00:00:00,jueves,-19.01,-43.48,-43.86,-37.96,-24.02,-9.14,-21.2,0.0,-35.33,-28.95,20.15,-23.73,-8.38
2026-04-02 01:00:00,jueves,-18.99,-43.24,-43.65,-37.34,-23.65,-9.21,-22.41,0.0,-33.18,-26.7,20.2,-23.44,-8.0
2026-04-02 02:00:00,jueves,-18.99,-42.86,-43.72,-38.01,-25.68,-9.14,-22.69,0.0,-30.15,-23.33,19.61,-25.93,-6.32
2026-04-02 03:00:00,jueves,-18.92,-43.3,-43.13,-37.61,-25.06,-9.19,-24.37,0.0,-31.07,-24.39,18.9,-24.98,-5.56
2026-04-02 04:00:00,jueves,-19.04,-42.94,-43.62,-37.8,-27.58,-9.17,-22.61,0.0,-28.7,-22.2,19.55,-27.36,-6.07
2026-04-02 05:00:00,jueves,-19.0,-43.35,-43.5,-38.17,-27.12,-9.16,-24.6,0.0,-31.91,-25.7,18.53,-28.15,-7.08
2026-04-02 06:00:00,jueves,-18.86,-43.07,-43.58,-37.93,-26.32,-9.19,-24.45,0.0,-29.77,-23.48,18.81,-27.17,-5.88
2026-04-02 07:00:00,jueves,-18.91,-43.69,-42.58,-38.03,-25.95,-9.18,-25.12,0.0,-34.81,-28.37,18.7,-26.1,-5.08
2026-04-02 08:00:00,jueves,-18.97,-43.38,-42.93,-38.18,-22.43,-9.16,-23.87,0.0,-31.87,-25.5,19.43,-22.89,-6.2
2026-04-02 09:00:00,jueves,-18.87,-42.8,-43.68,-38.13,-23.7,-9.17,-24.83,0.0,-24.43,-18.15,18.36,-24.68,-6.61
2026-04-02 10:00:00,jueves,-19.01,-43.15,-44.05,-38.16,-22.61,-9.18,-18.91,0.0,-28.04,-21.63,24.72,-23.45,-7.71
2026-04-02 11:00:00,jueves,-18.99,-43.22,-44.0,-37.94,-23.2,-9.17,-22.61,0.0,-31.41,-24.92,21.27,-23.29,-8.14
2026-04-02 12:00:00,jueves,-18.96,-43.44,-44.24,-38.14,-21.02,-9.19,-25.72,0.0,-31.88,-25.67,17.62,-21.1,-9.27
2026-04-02 13:00:00,jueves,-18.99,-43.45,-44.31,-38.1,-23.25,-9.22,-24.04,0.0,-32.13,-26.09,19.31,-22.95,-10.03
2026-04-02 14:00:00,jueves,-19.0,-43.46,-44.29,-37.99,-21.18,-9.19,-25.2,0.0,-32.01,-25.95,17.2,-20.83,-10.57
2026-04-02 15:00:00,jueves,-19.01,-43.56,-44.41,-38.13,-18.0,-9.19,-24.9,0.0,-33.69,-27.36,14.81,-18.55,-10.82
2026-04-02 16:00:00,jueves,-19.01,-44.71,-43.95,-38.19,-26.05,-9.16,-23.7,0.0,-37.35,-31.08,15.67,-26.13,-12.11
2026-04-02 17:00:00,jueves,-18.99,-44.76,-44.08,-38.17,-22.85,-9.19,-23.9,0.0,-36.79,-30.54,16.3,-22.41,-12.17
2026-04-02 18:00:00,jueves,-18.99,-44.68,-44.04,-37.99,-24.06,-9.17,-23.92,0.0,-32.96,-26.49,16.46,-23.37,-11.01
2026-04-02 19:00:00,jueves,-18.93,-44.83,-42.87,-38.03,-19.98,-9.19,-23.05,0.0,-41.31,-34.71,15.88,-19.95,-10.04
2026-04-02 20:00:00,jueves,-18.94,-44.9,-40.69,-38.07,-23.33,-9.18,-25.06,0.0,-42.49,-36.06,14.51,-23.31,-7.12
2026-04-02 21:00:00,jueves,-18.75,-44.47,-40.92,-38.12,-24.26,-9.17,-25.58,0.0,-42.96,-36.87,14.16,-24.29,-5.9
2026-04-02 22:00:00,jueves,-18.92,-41.84,-37.01,-38.1,-24.3,-9.18,-26.04,0.0,-57.18,-51.11,13.69,-24.49,-5.43
2026-04-02 23:00:00,jueves,-19.04,-39.48,-34.99,-38.16,-22.72,-9.17,-24.64,0.0,-51.24,-45.35,16.74,-23.29,-6.29
2026-04-03 00:00:00,viernes,-19.06,-38.23,-35.29,-37.73,-22.4,-9.16,-24.66,0.0,-37.63,-31.78,17.8,-22.49,-6.22
2026-04-03 01:00:00,viernes,-18.98,-35.46,-30.81,-38.16,-21.3,-9.18,-22.87,0.0,-32.83,-27.0,20.76,-21.37,-0.89
2026-04-03 02:00:00,viernes,-18.96,-36.01,-30.7,-38.19,-22.6,-9.21,-23.56,0.0,-23.9,-17.78,22.2,-22.47,-1.66
2026-04-03 03:00:00,viernes,-18.8,-35.53,-30.7,-37.57,-20.41,-9.19,-23.63,0.0,-27.41,-21.02,21.67,-19.49,2.67
2026-04-03 04:00:00,viernes,-19.0,-36.09,-32.57,-38.06,-23.26,-9.13,-23.7,0.0,-22.75,-16.22,22.23,-22.78,1.59
2026-04-03 05:00:00,viernes,-18.84,-38.58,-32.05,-38.06,-24.91,-9.19,-23.23,0.0,-19.23,-13.61,22.45,-24.17,0.41
2026-04-03 06:00:00,viernes,-18.98,-41.54,-36.81,-38.27,-24.57,-9.16,-22.95,0.0,-21.55,-15.62,22.76,-24.07,-6.9
2026-04-03 07:00:00,viernes,-18.95,-41.7,-41.21,-38.03,-22.52,-9.17,-23.06,0.0,-12.77,-6.67,22.36,-22.29,-10.82
2026-04-03 08:00:00,viernes,-18.94,-42.34,-39.06,-37.99,-24.35,-9.2,-22.85,0.0,-20.96,-14.69,22.38,-24.1,-7.11
2026-04-03 09:00:00,viernes,-18.97,-41.82,-39.4,-38.25,-21.79,-9.09,-24.75,0.0,-14.42,-8.72,20.07,-22.0,-7.69
2026-04-03 10:00:00,viernes,-18.97,-41.99,-40.93,-37.85,-18.21,-9.22,-23.66,0.0,-12.11,-5.94,21.72,-18.41,-8.68
2026-04-03 11:00:00,viernes,-19.03,-42.32,-43.05,-38.06,-17.16,-9.2,-21.48,0.0,-15.67,-9.76,23.52,-17.67,-11.17
2026-04-03 12:00:00,viernes,-19.03,-42.41,-40.63,-37.86,-18.15,-9.19,-24.81,0.0,-27.28,-20.95,19.5,-18.37,-7.6
2026-04-03 13:00:00,viernes,-18.94,-42.26,-30.94,-38.01,-17.38,-9.17,-23.76,0.0,-48.43,-41.63,21.12,-17.79,-3.58
2026-04-03 14:00:00,viernes,-18.93,-40.41,-28.59,-37.7,-21.22,-9.17,-24.58,0.0,-41.69,-35.5,20.85,-21.62,-3.27
2026-04-03 15:00:00,viernes,-18.96,-38.48,-21.8,-38.06,-17.28,-9.19,-23.53,0.0,-55.91,-49.39,21.32,-18.08,9.3
2026-04-03 16:00:00,viernes,-18.92,-38.42,-23.9,-38.03,-19.81,-9.16,-23.05,0.0,-50.51,-44.08,19.81,-20.32,6.39
2026-04-03 17:00:00,viernes,-18.9,-38.12,-38.01,-37.98,-19.55,-9.17,-21.76,0.0,-24.66,-18.54,20.96,-20.06,-5.16
2026-04-03 18:00:00,viernes,-18.88,-37.85,-41.3,-37.55,-20.95,-9.15,-20.43,0.0,-18.7,-12.83,22.72,-20.79,-8.65
2026-04-03 19:00:00,viernes,-18.92,-37.83,-42.0,-37.95,-15.85,-9.16,-22.66,0.0,-15.48,-9.54,20.3,-16.07,-9.85
2026-04-03 20:00:00,viernes,-19.05,-38.01,-43.18,-37.8,-23.91,-9.2,-22.67,0.0,-24.08,-18.15,19.89,-23.92,-10.56
2026-04-03 21:00:00,viernes,-19.0,-39.04,-43.4,-38.03,-24.67,-9.17,-22.98,0.0,-24.32,-18.35,19.6,-24.96,-11.47
2026-04-03 22:00:00,viernes,-18.98,-38.65,-43.32,-38.09,-24.31,-9.2,-20.33,0.0,-30.34,-24.36,22.43,-24.72,-10.2
2026-04-03 23:00:00,viernes,-18.99,-38.4,-42.87,-38.05,-21.38,-9.17,-23.57,0.0,-32.74,-26.56,19.38,-21.68,-9.48
2026-04-04 00:00:00,sábado,-19.01,-38.96,-39.17,-38.08,-23.85,-9.21,-23.49,0.0,-23.93,-17.96,19.19,-24.24,-7.21
2026-04-04 01:00:00,sábado,-19.08,-40.97,-40.48,-38.25,-21.92,-9.16,-23.43,0.0,-23.92,-18.02,19.17,-22.37,-8.84
2026-04-04 02:00:00,sábado,-19.07,-42.28,-43.21,-38.07,-22.44,-9.2,-23.3,0.0,-20.77,-14.76,17.78,-22.54,-11.62
2026-04-04 03:00:00,sábado,-19.05,-42.65,-43.42,-38.24,-21.94,-9.18,-24.71,0.0,-13.58,-7.74,16.56,-22.48,-10.68
2026-04-04 04:00:00,sábado,-19.03,-43.17,-42.14,-37.97,-22.78,-9.13,-23.59,0.0,-16.14,-10.39,17.11,-22.16,-9.41
2026-04-04 05:00:00,sábado,-19.07,-43.45,-41.04,-38.32,-24.29,-9.2,-24.18,0.0,-22.1,-16.2,16.81,-24.33,-8.28
2026-04-04 06:00:00,sábado,-18.94,-42.56,-43.35,-38.01,-22.56,-9.16,-23.72,0.0,-14.03,-8.24,17.72,-23.19,-9.35
2026-04-04 07:00:00,sábado,-18.98,-42.62,-42.91,-38.28,-20.01,-9.19,-27.16,0.0,-12.22,-6.48,13.84,-21.41,-8.52
2026-04-04 08:00:00,sábado,-19.0,-42.79,-43.27,-38.15,-23.09,-9.2,-24.23,0.0,-15.41,-9.64,16.86,-23.57,-7.9
2026-04-04 09:00:00,sábado,-19.03,-42.8,-43.06,-37.93,-20.86,-9.11,-25.84,0.0,-19.95,-14.04,15.72,-20.96,-8.69
2026-04-04 10:00:00,sábado,-18.97,-43.44,-41.75,-37.72,-15.38,-9.24,-26.04,0.0,-24.9,-19.07,15.35,-15.89,-7.5
2026-04-04 11:00:00,sábado,-19.0,-43.31,-42.88,-37.7,-15.09,-9.15,-24.26,0.0,-20.72,-14.83,17.13,-15.16,-8.9
2026-04-04 12:00:00,sábado,-19.02,-43.8,-41.22,-37.86,-23.52,-9.19,-25.97,0.0,-26.68,-20.63,14.82,-22.78,-7.41
2026-04-04 13:00:00,sábado,-19.04,-42.97,-41.13,-37.91,-24.12,-9.14,-28.48,0.0,-16.7,-10.74,12.08,-23.75,-6.86
2026-04-04 14:00:00,sábado,-19.05,-43.66,-41.57,-37.96,-19.93,-9.22,-27.9,0.0,-19.23,-13.27,14.01,-19.88,-7.81
2026-04-04 15:00:00,sábado,-19.0,-44.05,-40.97,-37.75,-15.0,-9.19,-26.68,0.0,-26.99,-20.82,17.57,-15.21,-7.56
2026-04-04 16:00:00,sábado,-18.89,-44.0,-41.23,-37.11,-16.9,-9.16,-27.56,0.0,-27.7,-21.48,17.03,-16.33,-7.43
2026-04-04 17:00:00,sábado,-18.88,-44.13,-40.94,-37.17,-16.4,-9.17,-26.7,0.0,-29.63,-23.41,17.76,-16.17,-7.23
2026-04-04 18:00:00,sábado,-18.86,-43.83,-42.55,-37.23,-16.81,-9.22,-24.77,0.0,-24.9,-18.73,19.62,-16.35,-9.05
2026-04-04 19:00:00,sábado,-18.83,-43.8,-43.28,-37.45,-16.46,-9.09,-23.65,-8.19,-21.55,-15.45,12.75,-16.26,-8.88
2026-04-04 20:00:00,sábado,-18.86,-44.0,-43.2,-37.35,-23.93,-9.22,-27.29,-16.92,-25.41,-19.24,1.38,-23.53,-9.33
2026-04-04 21:00:00,sábado,-18.87,-43.74,-43.59,-37.74,-23.26,-9.21,-27.77,-12.52,-23.22,-17.01,5.77,-23.43,-9.69
2026-04-04 22:00:00,sábado,-18.89,-44.13,-42.08,-37.94,-23.63,-9.13,-27.28,-20.45,-28.02,-21.77,-2.1,-23.76,-7.35
2026-04-04 23:00:00,sábado,-18.79,-43.63,-43.96,-38.01,-22.12,-9.2,-26.99,-20.61,-23.43,-17.26,-1.61,-22.39,-9.04
2026-04-04 23:00:00,sábado,-18.91,-43.69,-44.24,-38.02,-21.99,-9.2,-26.18,-22.09,-31.09,-25.09,-4.48,-21.95,-7.02
2026-04-05 00:00:00,domingo,-18.94,-43.8,-44.26,-38.03,-24.36,-9.15,-28.7,-22.94,-38.8,-32.41,-9.68,-24.19,-9.32
2026-04-05 01:00:00,domingo,-18.87,-43.81,-44.24,-38.22,-25.6,-9.2,-29.09,-25.57,-40.54,-34.36,-12.44,-25.86,-8.89
2026-04-05 02:00:00,domingo,-18.96,-43.91,-43.73,-37.94,-24.21,-9.18,-23.5,0.0,-43.33,-37.07,18.42,-24.17,-8.23
2026-04-05 03:00:00,domingo,-18.95,-44.19,-43.54,-38.07,-20.57,-9.14,-28.91,0.0,-42.78,-36.55,13.05,-20.66,-8.07
2026-04-05 04:00:00,domingo,-18.94,-44.4,-42.89,-38.18,-21.72,-9.2,-29.92,0.0,-41.86,-35.49,11.04,-22.09,-8.4
2026-04-05 05:00:00,domingo,-18.98,-44.32,-43.29,-38.12,-15.9,-9.15,-29.89,0.0,-41.17,-35.04,8.65,-16.66,-7.84
2026-04-05 06:00:00,domingo,-19.0,-44.17,-43.9,-37.45,-18.19,-9.2,-28.06,0.0,-38.83,-32.65,9.75,-18.05,-9.04
2026-04-05 07:00:00,domingo,-19.01,-44.39,-42.53,-37.96,-21.03,-9.18,-23.8,-0.13,-42.21,-36.19,13.87,-21.21,-9.72
2026-04-05 08:00:00,domingo,-18.99,-44.07,-41.07,-37.29,-24.74,-9.14,-23.75,-10.5,-41.19,-35.13,2.52,-24.21,-7.14
2026-04-05 09:00:00,domingo,-19.01,-43.94,-42.07,-37.74,-18.11,-9.14,-25.42,-6.21,-36.37,-30.6,4.53,-18.9,-6.11
2026-04-05 10:00:00,domingo,-18.87,-43.9,-41.51,-36.98,-15.12,-9.2,-25.93,-3.27,-38.92,-33.18,7.01,-15.0,-8.16
2026-04-05 11:00:00,domingo,-19.08,-43.81,-41.99,-37.63,-16.75,-9.19,-25.94,-3.81,-33.15,-27.64,6.45,-17.53,-6.91
2026-04-05 12:00:00,domingo,-19.03,-44.17,-41.94,-37.57,-13.2,-9.16,-25.91,-3.53,-33.81,-28.25,6.82,-14.04,-7.78
2026-04-05 13:00:00,domingo,-19.03,-44.19,-42.0,-38.08,-21.7,-9.2,-25.95,-3.56,-29.5,-23.96,6.18,-22.91,-6.83
2026-04-05 14:00:00,domingo,-19.0,-44.4,-41.85,-37.62,-18.8,-9.09,-25.95,-3.52,-34.48,-28.78,6.05,-19.72,-7.82
2026-04-05 15:00:00,domingo,-18.98,-44.54,-41.86,-37.69,-20.81,-9.21,-25.95,-3.49,-32.21,-26.42,5.88,-21.79,-7.57
2026-04-05 16:00:00,domingo,-18.95,-44.49,-41.54,-37.54,-24.82,-9.2,-25.93,-3.37,-33.84,-28.01,6.3,-25.1,-7.88
2026-04-05 17:00:00,domingo,-18.99,-44.59,-40.32,-37.08,-20.21,-9.13,-25.96,-3.25,-37.1,-31.1,6.84,-20.55,-7.41
2026-04-05 18:00:00,domingo,-18.99,-44.44,-41.09,-37.06,-21.65,-9.18,-25.99,-3.84,-33.99,-28.0,6.08,-21.71,-6.46
2026-04-05 19:00:00,domingo,-18.94,-44.48,-42.17,-36.94,-22.45,-9.18,-26.0,-3.88,-36.8,-30.64,5.79,-22.07,-7.09
2026-04-05 20:00:00,domingo,-18.9,-44.4,-43.57,-37.67,-22.72,-9.15,-26.0,-3.3,-41.43,-34.7,7.01,-23.11,-8.01
2026-04-05 21:00:00,domingo,-18.93,-44.37,-43.7,-37.78,-23.78,-9.18,-25.95,-3.56,-45.99,-39.52,7.17,-24.16,-9.2
2026-04-05 22:00:00,domingo,-18.96,-44.43,-43.46,-38.13,-21.61,-9.17,-26.0,-3.77,-48.2,-41.85,6.23,-22.44,-8.44
2026-04-05 23:00:00,domingo,-18.91,-44.42,-44.33,-37.73,-20.47,-9.19,-25.95,-4.06,-41.86,-35.61,6.47,-21.28,-8.85
2026-04-06 00:00:00,lunes,-18.99,-44.42,-43.43,-38.06,-21.46,-9.18,-25.95,-4.44,-44.68,-38.48,5.7,-22.95,-8.85
2026-04-06 01:00:00,lunes,-18.98,-44.29,-43.72,-38.07,-20.77,-9.15,-25.94,-4.22,-45.72,-39.39,5.77,-21.73,-8.62
2026-04-06 02:00:00,lunes,-18.99,-44.25,-43.71,-38.11,-23.24,-9.18,-25.94,-3.25,-46.1,-39.77,6.99,-23.6,-8.48
2026-04-06 03:00:00,lunes,-19.02,-44.28,-42.49,-38.25,-21.92,-9.19,-25.98,-3.25,-45.69,-39.4,6.92,-22.43,-7.39
2026-04-06 04:00:00,lunes,-18.99,-44.13,-42.95,-38.02,-23.59,-9.17,-25.94,-3.58,-46.39,-39.97,6.48,-24.03,-7.77
2026-04-06 05:00:00,lunes,-18.97,-44.11,-44.21,-38.02,-22.53,-9.15,-25.96,-3.68,-42.3,-36.11,6.3,-23.65,-9.03
2026-04-06 06:00:00,lunes,-18.97,-44.09,-44.36,-38.01,-20.32,-9.18,-25.93,-3.56,-41.2,-35.11,6.87,-21.28,-9.27
2026-04-06 07:00:00,lunes,-19.05,-43.89,-44.37,-37.96,-20.36,-9.15,-25.95,-3.73,-44.68,-38.42,6.67,-20.97,-8.89
2026-04-06 08:00:00,lunes,-19.03,-44.06,-43.71,-37.97,-23.03,-9.16,-26.76,-3.74,-49.09,-42.76,5.33,-23.83,-8.57
2026-04-06 09:00:00,lunes,-19.06,-44.09,-44.15,-37.34,-13.32,-9.14,-26.61,-3.4,-43.64,-37.72,5.55,-13.77,-9.82
2026-04-06 10:00:00,lunes,-19.07,-44.14,-43.78,-37.22,-17.01,-9.18,-26.01,-4.37,-37.82,-32.05,4.68,-17.02,-9.76
2026-04-06 11:00:00,lunes,-19.0,-44.1,-44.04,-37.84,-17.43,-9.16,-25.22,-5.02,-41.69,-35.69,4.68,-17.65,-10.97
2026-04-06 12:00:00,lunes,-18.97,-43.94,-42.4,-37.7,-24.81,-9.19,-25.6,-3.89,-45.31,-39.17,5.62,-24.5,-8.08
2026-04-06 13:00:00,lunes,-18.94,-44.13,-41.04,-38.17,-22.91,-9.18,-25.99,-3.82,-47.39,-41.24,5.46,-23.43,-6.67
2026-04-06 14:00:00,lunes,-18.93,-44.0,-43.58,-37.92,-18.92,-9.16,-26.82,-3.59,-42.68,-36.37,5.37,-19.1,-8.39
2026-04-06 15:00:00,lunes,-18.93,-44.08,-43.66,-38.03,-13.38,-9.17,-24.33,-3.55,-42.57,-36.37,7.88,-14.63,-8.19
2026-04-06 16:00:00,lunes,-18.91,-44.23,-43.3,-37.97,-13.44,-9.16,-0.08,-0.12,-41.57,-35.47,33.22,-15.04,-8.07
2026-04-06 17:00:00,lunes,-18.9,-44.27,-43.86,-37.87,-13.65,-9.19,0.0,0.0,-43.15,-36.93,33.48,-15.26,-9.75
2026-04-06 18:00:00,lunes,-18.93,-44.23,-43.23,-37.76,-23.81,-9.11,-6.01,0.0,-41.23,-35.0,27.61,-24.86,-8.71
2026-04-06 19:00:00,lunes,-18.9,-43.86,-41.36,-37.74,-26.65,-9.17,-16.7,0.0,-42.67,-36.39,16.54,-26.61,-5.97
2026-04-06 20:00:00,lunes,-18.93,-43.34,-41.64,-38.11,-27.3,-9.14,-25.16,0.0,-40.22,-33.73,7.46,-27.41,-6.33
2026-04-06 21:00:00,lunes,-18.94,-43.59,-43.89,-37.67,-27.85,-9.17,-25.97,0.0,-46.89,-40.43,6.44,-28.26,-8.2
2026-04-06 22:00:00,lunes,-18.92,-43.65,-43.57,-37.19,-23.51,-9.16,-26.33,0.0,-51.62,-44.8,6.22,-23.2,-7.79
2026-04-06 23:00:00,lunes,-18.92,-43.82,-43.07,-33.01,-10.18,-8.84,-26.91,0.0,-44.6,-37.82,6.81,-6.34,-7.02
2026-04-07 00:00:00,martes,-18.92,-43.88,-43.88,-29.82,-3.07,-8.16,-27.11,0.0,-45.42,-38.67,6.65,2.93,-7.38
2026-04-07 01:00:00,martes,-18.91,-43.84,-43.9,-30.06,-6.81,-7.67,-28.49,0.0,-46.5,-39.85,5.66,-1.25,-7.56
2026-04-07 02:00:00,martes,-18.92,-43.59,-43.99,-30.6,-9.71,-7.13,-28.89,0.0,-46.73,-40.36,5.87,-4.18,-7.54
2026-04-07 03:00:00,martes,-18.93,-43.53,-43.93,-29.28,-6.17,-7.12,-29.41,0.0,-39.85,-33.95,5.18,0.79,-8.12
2026-04-07 04:00:00,martes,-18.96,-43.75,-44.0,-29.02,-8.25,-7.14,-30.88,0.0,-44.27,-38.37,3.83,-0.65,-8.43
2026-04-07 05:00:00,martes,-18.96,-43.68,-43.73,-28.01,-10.18,-7.11,-31.1,0.0,-42.72,-36.56,3.21,-1.65,-8.22
2026-04-07 06:00:00,martes,-18.98,-43.76,-43.91,-26.99,-10.2,-7.09,-32.74,0.0,-44.62,-38.38,1.72,-0.32,-9.14
2026-04-07 07:00:00,martes,-18.96,-43.89,-43.91,-29.08,-9.02,-7.18,-28.84,0.0,-48.86,-42.28,5.56,-1.54,-8.62
2026-04-07 08:00:00,martes,-18.98,-43.51,-43.87,-30.14,-12.7,-7.11,-29.59,0.0,-45.65,-39.08,4.53,-6.17,-8.19
2026-04-07 09:00:00,martes,-19.01,-43.58,-43.97,-29.08,-8.85,-7.09,-27.98,0.0,-42.55,-36.22,6.07,-1.61,-8.36
2026-04-07 10:00:00,martes,-18.98,-43.5,-43.88,-28.41,-13.6,-7.16,-26.98,0.0,-31.45,-25.37,6.83,-5.65,-8.64
2026-04-07 11:00:00,martes,-18.91,-43.5,-43.76,-27.98,-11.82,-7.09,-23.8,0.0,-32.02,-25.88,9.04,-3.82,-8.28
2026-04-07 12:00:00,martes,-18.89,-43.91,-43.5,-26.51,-7.4,-6.72,-26.71,0.0,-39.03,-33.15,5.94,2.05,-8.58
2026-04-07 13:00:00,martes,-18.94,-44.22,-43.42,-22.21,-4.28,-6.41,-25.96,0.0,-38.69,-33.04,6.41,10.02,-8.65
2026-04-07 14:00:00,martes,-17.73,-44.2,-43.88,-27.47,-5.85,-6.65,-25.01,0.0,-35.61,-29.73,7.87,3.38,-7.69
2026-04-07 15:00:00,martes,-18.98,-44.14,-43.85,-27.76,-4.32,-6.64,-25.39,0.0,-36.2,-30.03,8.91,3.0,-8.67
2026-04-07 16:00:00,martes,-18.96,-44.24,-43.96,-24.05,-4.13,-6.62,-27.12,0.0,-38.36,-32.19,7.03,7.31,-8.62
2026-04-07 17:00:00,martes,-18.91,-44.26,-43.91,-30.63,-14.57,-6.94,-25.98,0.0,-39.57,-33.29,8.05,-8.87,-8.6
2026-04-07 18:00:00,martes,-18.92,-44.3,-43.72,-34.89,-30.92,-7.99,-27.29,0.0,-41.97,-35.95,6.61,-28.69,-8.49
2026-04-07 19:00:00,martes,-18.96,-44.25,-42.31,-35.44,-25.91,-8.28,-28.32,0.0,-49.08,-42.68,4.62,-23.32,-7.41
2026-04-07 20:00:00,martes,-18.96,-44.27,-43.42,-36.31,-25.05,-9.13,-27.68,0.0,-52.67,-45.71,5.33,-23.98,-8.45
2026-04-07 21:00:00,martes,-18.99,-44.28,-43.68,-36.9,-21.84,-9.19,-25.83,0.0,-52.2,-45.19,6.55,-21.7,-8.7
2026-04-07 22:00:00,martes,-19.03,-44.3,-43.77,-37.87,-23.52,-9.18,-24.68,0.0,-53.14,-46.09,7.3,-23.91,-7.93
2026-04-07 23:00:00,martes,-19.03,-44.2,-43.58,-37.99,-23.34,-9.17,-25.45,0.0,-52.78,-45.94,7.71,-23.46,-7.64
2026-04-08 00:00:00,miércoles,-19.01,-44.17,-43.09,-38.37,-24.35,-9.19,-27.73,0.0,-54.32,-47.25,5.64,-25.15,-7.0
2026-04-08 01:00:00,miércoles,-19.05,-44.18,-42.46,-38.24,-24.03,-9.16,-28.38,0.0,-53.71,-46.79,4.93,-24.54,-7.24
2026-04-08 02:00:00,miércoles,-19.03,-44.19,-43.89,-38.25,-22.9,-9.18,-27.79,0.0,-52.47,-45.65,5.55,-24.09,-7.88
2026-04-08 03:00:00,miércoles,-19.06,-44.08,-43.85,-37.93,-24.77,-9.19,-28.53,0.0,-47.23,-40.57,4.47,-25.46,-7.63
2026-04-08 04:00:00,miércoles,-19.06,-44.17,-43.99,-37.31,-25.03,-9.1,-29.17,0.0,-46.74,-40.49,3.89,-25.12,-8.08
2026-04-08 05:00:00,miércoles,-19.08,-44.13,-43.95,-37.56,-24.4,-9.18,-28.24,0.0,-42.74,-36.89,5.57,-25.07,-8.28
2026-04-08 06:00:00,miércoles,-19.07,-44.19,-44.0,-37.15,-23.29,-9.16,-29.86,0.0,-41.66,-35.76,4.2,-23.41,-8.01
2026-04-08 07:00:00,miércoles,-19.09,-44.17,-43.95,-37.53,-23.06,-9.17,-28.52,0.0,-50.97,-44.41,5.67,-23.5,-8.32
2026-04-08 08:00:00,miércoles,-19.07,-44.11,-43.59,-36.8,-23.57,-9.18,-26.98,0.0,-51.54,-44.87,6.98,-23.71,-8.28
2026-04-08 09:00:00,miércoles,-19.05,-44.1,-43.83,-36.64,-23.43,-9.16,-27.56,0.0,-49.15,-42.47,6.27,-23.48,-8.98
2026-04-08 10:00:00,miércoles,-19.06,-44.4,-44.24,-36.43,-25.37,-9.16,-28.55,0.0,-50.47,-43.57,4.94,-25.61,-9.48
2026-04-08 11:00:00,miércoles,-18.95,-44.27,-44.12,-34.21,-26.07,-8.07,-29.65,0.0,-38.71,-32.5,3.35,-24.61,-8.21
2026-04-08 12:00:00,miércoles,-18.97,-44.46,-44.3,-36.19,-24.36,-9.07,-30.1,0.0,-51.26,-44.83,3.03,-25.76,-8.49
2026-04-08 13:00:00,miércoles,-18.99,-44.41,-43.81,-37.11,-20.59,-9.19,-30.85,0.0,-51.8,-45.36,2.72,-23.1,-6.77
2026-04-08 14:00:00,miércoles,-19.02,-44.45,-43.04,-37.35,-22.37,-9.17,-29.33,0.0,-54.08,-47.63,4.21,-23.71,-7.1
2026-04-08 15:00:00,miércoles,-18.98,-44.37,-42.48,-37.51,-23.24,-9.17,-30.61,0.0,-57.15,-50.55,3.54,-23.07,-7.62
2026-04-08 16:00:00,miércoles,-19.01,-44.16,-44.0,-36.97,-25.74,-9.24,-29.22,0.0,-49.79,-43.07,5.14,-24.45,-9.07
2026-04-08 17:00:00,miércoles,-19.0,-44.22,-44.05,-37.62,-25.48,-9.2,-30.34,0.0,-50.42,-43.45,3.93,-24.76,-9.34
2026-04-08 18:00:00,miércoles,-19.06,-44.28,-44.13,-37.61,-27.36,-9.14,-29.37,0.0,-51.64,-45.01,4.06,-26.6,-9.64
2026-04-08 19:00:00,miércoles,-18.97,-44.23,-43.7,-37.75,-26.45,-9.16,-29.56,0.0,-53.9,-47.48,3.79,-25.43,-8.54
2026-04-08 20:00:00,miércoles,-19.02,-44.19,-44.03,-37.89,-26.25,-9.17,-28.43,0.0,-51.85,-45.38,4.82,-25.66,-8.27
2026-04-08 21:00:00,miércoles,-19.07,-44.19,-43.76,-37.78,-25.83,-9.18,-27.51,0.0,-51.84,-45.1,5.79,-25.32,-8.15
2026-04-08 22:00:00,miércoles,-19.04,-44.07,-43.89,-37.93,-25.38,-9.16,-25.79,0.0,-48.33,-41.66,7.59,-24.9,-8.74
2026-04-08 23:00:00,miércoles,-19.01,-44.07,-43.91,-37.99,-23.47,-9.16,-25.22,0.0,-45.99,-39.31,8.87,-23.55,-8.6
2026-04-09 00:00:00,jueves,-19.08,-44.15,-43.99,-38.11,-24.0,-9.19,-24.56,0.0,-51.83,-44.86,9.51,-24.15,-8.99
2026-04-09 01:00:00,jueves,-19.1,-44.02,-43.86,-38.07,-23.11,-9.17,-25.6,0.0,-43.91,-37.2,8.2,-23.4,-8.77
2026-04-09 02:00:00,jueves,-19.14,-44.14,-43.98,-38.04,-23.43,-9.16,-25.87,0.0,-49.15,-42.73,8.34,-23.36,-8.18
2026-04-09 03:00:00,jueves,-19.12,-44.06,-43.9,-37.94,-22.72,-9.2,-25.65,0.0,-48.28,-41.35,8.8,-22.74,-7.59
2026-04-09 04:00:00,jueves,-19.09,-44.07,-43.91,-38.22,-18.14,-9.17,-25.99,0.0,-49.1,-42.32,8.74,-18.92,-7.09
2026-04-09 05:00:00,jueves,-19.06,-44.03,-43.86,-38.05,-12.88,-9.19,-27.42,0.0,-48.18,-41.44,7.25,-13.73,-7.37
2026-04-09 06:00:00,jueves,-19.09,-43.93,-43.77,-38.09,-16.92,-9.17,-27.63,0.0,-46.15,-39.61,7.08,-17.28,-7.63
2026-04-09 07:00:00,jueves,-19.16,-44.09,-43.93,-38.03,-11.42,-9.17,-27.03,0.0,-48.73,-42.52,7.37,-11.77,-9.1
2026-04-09 08:00:00,jueves,-19.13,-43.94,-43.71,-37.96,-15.7,-9.16,-28.77,0.0,-47.5,-41.16,5.56,-15.94,-8.23
2026-04-09 09:00:00,jueves,-19.11,-44.07,-43.79,-37.93,-20.54,-9.12,-28.19,0.0,-50.84,-44.3,6.37,-21.16,-9.17
2026-04-09 10:00:00,jueves,-19.07,-44.12,-42.82,-37.69,-24.55,-9.21,-28.23,0.0,-55.65,-48.64,6.77,-24.5,-8.0
2026-04-09 11:00:00,jueves,-19.07,-44.18,-42.14,-37.43,-23.71,-9.18,-29.25,0.0,-57.43,-50.49,4.86,-24.12,-7.52
2026-04-09 12:00:00,jueves,-19.09,-44.19,-43.83,-37.9,-24.67,-9.19,-29.39,0.0,-54.75,-47.87,4.38,-26.09,-9.01
2026-04-09 13:00:00,jueves,-19.05,-44.18,-43.02,-38.14,-22.88,-9.17,-30.22,0.0,-53.23,-46.71,3.66,-24.85,-7.5
2026-04-09 14:00:00,jueves,-19.04,-44.21,-43.93,-37.83,-21.95,-9.16,-30.08,0.0,-46.76,-40.66,4.41,-23.64,-9.23
2026-04-09 15:00:00,jueves,-19.01,-44.17,-43.07,-37.03,-20.98,-9.1,-30.3,0.0,-46.97,-40.9,4.5,-22.2,-7.48
2026-04-09 16:00:00,jueves,-19.02,-44.26,-42.14,-36.67,-21.78,-9.17,-31.32,0.0,-49.77,-43.76,3.56,-20.91,-7.7
2026-04-09 17:00:00,jueves,-18.98,-44.26,-43.99,-36.79,-26.02,-9.24,-30.5,0.0,-45.09,-38.66,4.13,-25.22,-9.66
2026-04-09 18:00:00,jueves,-18.98,-44.16,-43.91,-36.87,-28.12,-9.16,-29.7,0.0,-45.37,-38.89,5.29,-26.91,-8.81
2026-04-09 19:00:00,jueves,-19.02,-44.23,-43.83,-37.56,-25.05,-9.2,-33.07,0.0,-46.63,-40.27,1.05,-24.58,-8.8
2026-04-09 20:00:00,jueves,-19.01,-44.26,-44.1,-37.98,-26.4,-9.17,-30.89,0.0,-47.95,-41.31,3.1,-26.28,-9.26
2026-04-09 21:00:00,jueves,-19.04,-44.18,-44.01,-37.99,-21.45,-9.21,-30.94,0.0,-49.37,-42.64,2.98,-21.63,-9.06
2026-04-09 22:00:00,jueves,-19.06,-44.17,-43.2,-38.28,-23.66,-9.18,-28.72,0.0,-52.04,-45.46,4.99,-23.87,-7.54
2026-04-09 23:00:00,jueves,-19.03,-44.14,-43.7,-37.74,-24.19,-9.17,-28.48,0.0,-50.69,-43.89,5.95,-24.16,-8.45
2026-04-10 00:00:00,viernes,-18.99,-44.12,-43.84,-38.14,-24.16,-9.17,-28.02,0.0,-47.87,-41.03,6.82,-24.57,-8.63
2026-04-10 01:00:00,viernes,-19.01,-44.1,-43.18,-38.01,-23.17,-9.18,-28.54,0.0,-53.15,-46.17,6.23,-23.2,-7.53
2026-04-10 02:00:00,viernes,-19.0,-44.12,-43.81,-38.29,-24.68,-9.15,-26.42,0.0,-51.02,-44.11,8.39,-24.67,-8.95
2026-04-10 03:00:00,viernes,-18.98,-44.1,-43.94,-37.95,-25.47,-9.19,-28.75,0.0,-48.93,-41.95,5.94,-25.32,-6.93
2026-04-10 04:00:00,viernes,-19.08,-44.13,-43.97,-38.12,-23.79,-9.17,-27.43,0.0,-48.17,-41.81,6.95,-24.08,-7.3
2026-04-10 05:00:00,viernes,-19.07,-44.03,-43.87,-38.17,-25.54,-9.17,-27.35,0.0,-48.17,-41.73,6.7,-25.94,-7.76
2026-04-10 06:00:00,viernes,-19.03,-44.0,-43.83,-38.03,-25.28,-9.19,-28.71,0.0,-46.85,-40.13,5.48,-24.9,-7.66
2026-04-10 07:00:00,viernes,-19.03,-44.02,-43.86,-37.94,-24.01,-9.15,-28.37,0.0,-47.8,-41.09,5.6,-24.18,-7.23
2026-04-10 08:00:00,viernes,-19.11,-44.07,-43.91,-37.97,-24.79,-9.14,-27.86,0.0,-47.67,-41.01,6.2,-25.22,-8.26
2026-04-10 09:00:00,viernes,-19.11,-44.07,-43.88,-38.04,-26.89,-9.2,-27.84,0.0,-51.62,-45.19,6.34,-27.64,-8.27
2026-04-10 10:00:00,viernes,-19.16,-44.1,-43.93,-38.11,-26.51,-9.15,-27.01,0.0,-50.38,-43.79,7.06,-27.6,-8.25
2026-04-10 11:00:00,viernes,-19.11,-43.1,-44.03,-37.7,-21.74,-9.19,-27.72,0.0,-46.71,-40.41,5.86,-23.68,-7.46
2026-04-10 12:00:00,viernes,-19.09,-43.24,-44.15,-35.91,-22.21,-9.18,-26.98,0.0,-47.01,-40.5,6.28,-22.88,-8.92
2026-04-10 13:00:00,viernes,-19.02,-43.29,-44.11,-35.94,-25.34,-9.11,-29.1,0.0,-48.16,-41.59,4.76,-25.01,-8.02
2026-04-10 14:00:00,viernes,-19.0,-43.82,-43.83,-37.83,-22.31,-9.21,-29.69,0.0,-51.04,-44.36,4.16,-23.94,-8.21
2026-04-10 15:00:00,viernes,-18.99,-43.87,-43.37,-37.95,-18.8,-9.18,-30.24,0.0,-52.94,-45.87,3.6,-20.47,-7.02
2026-04-10 16:00:00,viernes,-18.96,-43.85,-42.76,-37.93,-24.35,-9.16,-29.07,0.0,-56.3,-49.34,5.48,-24.66,-6.02
2026-04-10 17:00:00,viernes,-18.89,-43.73,-41.77,-37.92,-26.22,-9.16,-29.53,0.0,-55.89,-48.94,4.85,-25.92,-5.11
2026-04-10 18:00:00,viernes,-18.93,-43.69,-44.05,-37.73,-24.8,-9.18,-30.29,0.0,-51.32,-44.42,4.32,-24.38,-8.14
2026-04-10 19:00:00,viernes,-18.88,-43.72,-43.53,-38.04,-26.27,-9.17,-32.14,0.0,-53.01,-46.23,1.55,-26.06,-7.2
2026-04-10 20:00:00,viernes,-19.01,-43.45,-43.93,-38.06,-26.2,-9.19,-33.11,0.0,-49.31,-42.72,0.54,-25.55,-7.83
2026-04-10 21:00:00,viernes,-19.01,-43.28,-43.92,-38.04,-24.37,-9.19,-32.46,0.0,-48.63,-42.05,1.22,-24.49,-8.4
2026-04-10 22:00:00,viernes,-19.03,-43.29,-43.99,-37.96,-24.92,-9.15,-31.98,0.0,-46.22,-39.99,1.76,-24.82,-8.64
2026-04-10 23:00:00,viernes,-19.06,-43.46,-44.19,-37.86,-17.39,-9.2,-31.3,0.0,-47.06,-40.76,3.19,-17.32,-8.86
2026-04-11 00:00:00,sábado,-19.07,-43.56,-44.24,-37.94,-19.68,-9.18,-33.47,0.0,-51.16,-44.53,1.41,-19.83,-8.47
2026-04-11 01:00:00,sábado,-19.01,-43.77,-43.91,-38.09,-18.93,-9.15,-33.46,0.0,-48.67,-41.93,1.02,-19.57,-9.04
2026-04-11 02:00:00,sábado,-19.05,-43.71,-43.11,-37.63,-15.52,-9.19,-33.89,0.0,-52.25,-45.49,0.51,-15.6,-7.69
2026-04-11 03:00:00,sábado,-19.03,-43.61,-44.19,-37.66,-7.34,-8.53,-32.86,0.0,-44.99,-38.26,1.94,-6.83,-8.44
2026-04-11 04:00:00,sábado,-18.98,-43.6,-44.18,-37.94,-12.51,-8.48,-31.92,0.0,-43.61,-36.86,2.72,-12.5,-7.57
2026-04-11 05:00:00,sábado,-19.02,-43.6,-44.33,-38.11,-13.31,-8.67,-31.37,0.0,-48.61,-41.96,3.28,-13.78,-7.85
2026-04-11 06:00:00,sábado,-19.01,-43.59,-43.41,-38.08,-13.99,-9.04,-33.99,0.0,-50.06,-43.35,0.51,-14.76,-6.58
2026-04-11 07:00:00,sábado,-19.03,-43.56,-44.25,-38.13,-16.01,-9.19,-32.12,0.0,-46.71,-39.93,2.38,-16.81,-7.0
2026-04-11 08:00:00,sábado,-19.02,-43.61,-44.24,-37.54,-20.26,-9.18,-32.03,0.0,-46.83,-40.14,2.29,-20.55,-8.08
2026-04-11 09:00:00,sábado,-19.01,-43.56,-44.24,-37.98,-20.17,-9.16,-30.74,0.0,-46.37,-39.64,3.46,-21.1,-7.37
2026-04-11 10:00:00,sábado,-19.04,-43.11,-44.12,-36.04,-20.59,-9.19,-29.79,0.0,-38.63,-32.3,4.26,-18.35,-6.54
2026-04-11 11:00:00,sábado,-19.01,-43.07,-44.18,-35.85,-20.46,-9.14,-29.67,0.0,-38.47,-32.06,3.76,-18.09,-7.59
2026-04-11 12:00:00,sábado,-19.03,-43.42,-44.25,-34.99,-21.36,-9.21,-31.2,0.0,-40.77,-34.44,2.92,-17.95,-7.28
2026-04-11 13:00:00,sábado,-19.03,-43.25,-44.2,-35.05,-21.03,-9.18,-30.75,0.0,-37.37,-31.32,3.28,-17.84,-7.79
2026-04-11 14:00:00,sábado,-19.03,-43.43,-44.23,-34.41,-21.23,-9.17,-30.22,0.0,-35.99,-30.31,3.91,-17.47,-8.27
2026-04-11 15:00:00,sábado,-18.97,-43.89,-44.07,-33.55,-21.2,-9.14,-30.11,0.0,-42.06,-35.76,4.33,-16.97,-8.36
2026-04-11 16:00:00,sábado,-19.0,-43.76,-44.19,-32.93,-23.45,-9.2,-30.93,0.0,-40.46,-34.19,3.62,-18.33,-8.37
2026-04-11 17:00:00,sábado,-18.98,-43.71,-43.47,-32.03,-23.55,-9.12,-30.4,0.0,-43.62,-37.24,4.27,-18.0,-7.96
2026-04-11 18:00:00,sábado,-18.93,-43.92,-42.38,-34.43,-26.18,-8.94,-30.63,0.0,-41.97,-35.7,4.36,-23.52,-7.39
2026-04-11 19:00:00,sábado,-19.03,-43.78,-44.26,-35.66,-22.8,-8.63,-30.79,0.0,-38.96,-32.76,4.18,-20.83,-8.73
2026-04-11 20:00:00,sábado,-18.98,-43.57,-44.16,-36.9,-22.43,-8.7,-31.71,0.0,-42.5,-36.41,2.46,-21.67,-9.1
2026-04-11 21:00:00,sábado,-18.97,-43.63,-44.17,-37.21,-23.55,-8.64,-31.93,0.0,-43.41,-37.23,1.98,-23.67,-9.56
2026-04-11 22:00:00,sábado,-18.93,-43.59,-44.16,-37.28,-23.93,-8.67,-30.57,0.0,-43.08,-36.83,3.59,-24.22,-8.38
2026-04-11 23:00:00,sábado,-19.04,-43.82,-44.16,-38.09,-22.0,-8.66,-30.34,0.0,-45.09,-38.79,3.78,-22.43,-8.95
2026-04-12 00:00:00,domingo,-19.05,-43.88,-43.49,-37.99,-23.99,-8.66,-32.58,0.0,-49.46,-43.19,1.71,-23.86,-7.92
2026-04-12 01:00:00,domingo,-19.01,-43.85,-43.63,-38.22,-28.64,-8.65,-31.88,0.0,-47.74,-41.24,2.97,-29.13,-8.35
2026-04-12 02:00:00,domingo,-18.99,-43.64,-44.16,-37.86,-25.33,-8.65,-30.95,0.0,-46.84,-40.17,3.96,-25.39,-9.04
2026-04-12 03:00:00,domingo,-19.03,-43.39,-44.12,-38.15,-24.9,-8.68,-32.19,0.0,-41.44,-34.92,2.74,-24.87,-7.77
2026-04-12 04:00:00,domingo,-19.01,-43.54,-44.14,-38.02,-23.93,-8.67,-32.95,0.0,-43.78,-37.49,1.53,-24.86,-7.52
2026-04-12 05:00:00,domingo,-19.02,-43.63,-44.19,-37.52,-23.03,-8.65,-32.65,0.0,-46.11,-39.85,1.78,-23.22,-7.94
2026-04-12 06:00:00,domingo,-19.04,-43.6,-43.61,-37.63,-24.79,-8.68,-32.14,0.0,-48.86,-42.54,2.47,-24.79,-6.64
2026-04-12 07:00:00,domingo,-19.06,-43.68,-43.79,-37.74,-23.54,-8.64,-31.66,0.0,-47.16,-40.82,2.7,-23.4,-7.32
2026-04-12 08:00:00,domingo,-19.07,-43.36,-43.91,-37.83,-24.81,-8.68,-32.25,0.0,-43.44,-37.07,2.34,-24.91,-7.22
2026-04-12 09:00:00,domingo,-19.06,-43.45,-44.19,-37.48,-18.66,-8.65,-30.69,0.0,-44.12,-37.76,3.96,-19.27,-8.39
2026-04-12 10:00:00,domingo,-19.1,-43.47,-44.22,-37.73,-17.31,-8.68,-30.74,0.0,-40.0,-33.96,4.0,-18.16,-8.02
2026-04-12 11:00:00,domingo,-19.06,-43.55,-44.24,-37.37,-15.41,-8.68,-30.84,0.0,-37.68,-31.95,3.82,-15.2,-7.89
2026-04-12 12:00:00,domingo,-19.05,-43.72,-43.39,-37.64,-17.48,-8.66,-31.79,0.0,-39.65,-34.14,2.55,-17.42,-7.75
2026-04-12 13:00:00,domingo,-19.0,-43.78,-42.95,-37.49,-19.97,-8.63,-31.76,0.0,-43.25,-37.74,2.57,-19.92,-9.0
2026-04-12 14:00:00,domingo,-18.98,-43.79,-42.42,-37.37,-20.26,-8.69,-31.48,0.0,-43.44,-37.92,2.76,-19.9,-5.8
2026-04-12 15:00:00,domingo,-19.08,-43.9,-43.58,-38.11,-14.56,-8.65,-31.19,0.0,-40.39,-34.81,3.77,-15.27,-7.25
2026-04-12 16:00:00,domingo,-19.1,-43.96,-43.27,-37.77,-16.79,-8.68,-31.42,0.0,-41.25,-35.41,3.19,-17.39,-7.15
2026-04-12 17:00:00,domingo,-19.01,-44.26,-42.63,-37.7,-21.51,-8.64,-31.05,0.0,-43.21,-37.27,3.62,-21.79,-6.72
2026-04-12 18:00:00,domingo,-19.05,-44.2,-43.84,-37.74,-25.27,-8.65,-30.57,0.0,-41.43,-35.49,4.51,-24.98,-6.91
2026-04-12 19:00:00,domingo,-19.05,-44.36,-42.46,-38.0,-23.84,-8.67,-29.93,0.0,-49.95,-43.87,5.0,-23.98,-6.21
2026-04-12 20:00:00,domingo,-19.06,-43.89,-44.38,-37.71,-25.98,-8.68,-31.47,0.0,-43.44,-36.93,3.5,-25.51,-7.52
2026-04-12 21:00:00,domingo,-19.06,-43.9,-44.25,-37.95,-23.62,-8.65,-31.52,0.0,-41.5,-35.06,3.2,-23.66,-7.56
2026-04-12 22:00:00,domingo,-19.0,-44.32,-44.16,-38.02,-22.36,-8.68,-32.65,0.0,-44.79,-38.27,2.1,-22.83,-7.94
2026-04-12 23:00:00,domingo,-19.04,-44.31,-44.34,-38.12,-21.71,-8.23,-30.21,0.0,-45.16,-38.77,4.36,-21.41,-8.45
2026-04-13 00:00:00,lunes,-19.05,-44.31,-44.35,-38.02,-25.25,-8.15,-29.79,0.0,-44.88,-38.36,4.36,-24.67,-8.07
2026-04-13 01:00:00,lunes,-19.07,-43.93,-44.29,-38.07,-28.45,-8.13,-29.87,0.0,-42.29,-35.79,4.38,-28.17,-6.64
2026-04-13 02:00:00,lunes,-19.15,-43.59,-44.15,-37.98,-29.18,-8.14,-30.7,0.0,-38.13,-31.7,3.87,-28.35,-5.25
2026-04-13 03:00:00,lunes,-19.01,-43.97,-44.11,-37.96,-27.55,-8.17,-30.07,0.0,-49.42,-42.7,4.44,-26.81,-7.22
2026-04-13 04:00:00,lunes,-19.03,-43.94,-43.21,-38.05,-27.09,-8.16,-29.45,0.0,-48.57,-42.2,4.73,-27.2,-6.51
2026-04-13 05:00:00,lunes,-19.09,-44.14,-43.1,-38.04,-26.14,-8.16,-30.49,0.0,-51.81,-45.43,3.68,-26.07,-8.42
2026-04-13 06:00:00,lunes,-19.07,-44.07,-44.35,-38.1,-26.14,-8.14,-30.43,0.0,-46.25,-39.98,3.6,-25.79,-8.08
2026-04-13 07:00:00,lunes,-19.08,-44.13,-42.06,-38.07,-21.71,-8.16,-30.91,0.0,-52.9,-46.64,3.02,-20.82,-6.28
2026-04-13 08:00:00,lunes,-19.12,-43.95,-44.04,-37.97,-25.26,-8.13,-31.45,0.0,-42.13,-35.7,1.83,-24.49,-7.52
2026-04-13 09:00:00,lunes,-19.09,-44.02,-43.88,-37.77,-24.72,-8.17,-30.57,0.0,-44.43,-38.0,2.62,-24.12,-8.45
2026-04-13 10:00:00,lunes,-19.09,-44.14,-42.38,-37.87,-22.98,-8.1,-30.45,0.0,-52.07,-45.62,2.8,-22.76,-7.45
2026-04-13 11:00:00,lunes,-19.15,-44.12,-44.27,-37.69,-22.55,-8.15,-31.45,0.0,-46.0,-39.78,1.73,-23.01,-9.52
2026-04-13 12:00:00,lunes,-19.1,-44.16,-43.5,-37.73,-25.14,-8.18,-32.88,0.0,-49.88,-43.56,0.79,-25.12,-7.96
2026-04-13 13:00:00,lunes,-19.12,-44.17,-44.12,-37.55,-20.5,-8.13,-33.56,0.0,-43.41,-37.0,0.37,-20.29,-7.23
2026-04-13 14:00:00,lunes,-19.05,-44.27,-42.21,-37.54,-23.63,-8.11,-34.05,0.0,-45.21,-39.05,0.25,-23.27,-6.71
2026-04-13 15:00:00,lunes,-18.95,-44.31,-38.73,-37.13,-21.01,-8.15,-34.72,0.0,-50.59,-44.32,-0.16,-20.03,-4.13
2026-04-13 16:00:00,lunes,-18.93,-44.21,-42.47,-37.6,-18.92,-8.15,-36.2,0.0,-41.55,-35.36,-2.01,-18.79,-8.0
2026-04-13 17:00:00,lunes,-18.99,-44.47,-39.67,-37.37,-23.43,-8.12,-34.72,0.0,-47.89,-41.54,-0.43,-22.69,-5.55
2026-04-13 18:00:00,lunes,-19.06,-44.53,-41.38,-36.12,-35.08,-8.16,-34.53,0.0,-43.99,-37.71,0.19,-31.83,-7.83
2026-04-13 19:00:00,lunes,-19.06,-44.31,-44.33,-36.98,-24.21,-8.25,-33.99,0.0,-38.18,-32.43,-0.59,-22.49,-8.55
2026-04-13 20:00:00,lunes,-19.08,-44.39,-44.06,-33.27,-30.73,-8.65,-34.34,0.0,-40.49,-34.58,-0.87,-27.52,-8.16
2026-04-13 21:00:00,lunes,-19.07,-44.35,-44.46,-34.12,-26.94,-8.65,-32.19,0.0,-44.8,-38.43,1.12,-25.51,-8.2
2026-04-13 22:00:00,lunes,-19.11,-44.36,-44.48,-33.78,-27.93,-8.67,-31.16,0.0,-46.24,-39.85,2.14,-26.16,-8.64
2026-04-13 23:00:00,lunes,-19.09,-44.16,-44.34,-34.28,-26.47,-8.66,-31.36,0.0,-42.89,-36.41,3.0,-25.08,-8.36
2026-04-14 00:00:00,martes,-19.05,-44.35,-44.45,-34.29,-23.78,-8.68,-31.37,0.0,-47.91,-41.4,2.7,-22.03,-9.01
2026-04-14 01:00:00,martes,-19.01,-44.43,-44.34,-31.99,-29.18,-8.67,-31.19,0.0,-49.8,-43.39,2.82,-27.85,-7.98
2026-04-14 02:00:00,martes,-19.07,-44.42,-43.82,-30.61,-30.67,-8.64,-31.64,0.0,-51.12,-44.75,2.4,-28.36,-7.99
2026-04-14 03:00:00,martes,-19.09,-44.6,-39.95,-31.44,-28.79,-8.66,-30.75,0.0,-63.31,-56.97,3.19,-27.39,-4.4
2026-04-14 04:00:00,martes,-19.11,-44.43,-41.61,-32.09,-27.56,-8.65,-32.1,0.0,-55.85,-49.56,1.9,-25.55,-6.77
2026-04-14 05:00:00,martes,-19.13,-44.37,-43.05,-28.64,-32.64,-8.7,-32.33,0.0,-53.03,-46.38,1.27,-29.83,-7.86
2026-04-14 06:00:00,martes,-19.18,-44.45,-42.28,-28.21,-30.46,-8.65,-31.33,0.0,-55.29,-48.57,1.68,-26.78,-7.25
2026-04-14 07:00:00,martes,-19.18,-44.33,-44.34,-26.06,-30.37,-8.68,-28.18,0.0,-46.36,-39.8,5.44,-25.41,-9.0
2026-04-14 08:00:00,martes,-19.15,-44.42,-41.57,-21.37,-32.54,-8.67,-27.43,0.0,-53.79,-47.32,6.18,-24.26,-6.5
2026-04-14 09:00:00,martes,-19.13,-44.46,-42.55,-20.39,-33.99,-8.63,-28.7,0.0,-50.97,-44.3,5.21,-24.99,-8.71
2026-04-14 10:00:00,martes,-19.16,-44.31,-43.74,-19.02,-29.78,-9.17,-29.16,0.0,-48.26,-41.54,4.89,-22.99,-10.0
2026-04-14 11:00:00,martes,-19.16,-43.45,-39.69,-21.79,-21.52,-9.18,-29.53,0.0,-61.44,-54.53,4.2,-17.99,-4.99
2026-04-14 12:00:00,martes,-19.12,-44.33,-42.62,-24.02,-13.71,-9.19,-28.66,0.0,-47.23,-41.1,4.86,-12.92,-8.24
2026-04-14 13:00:00,martes,-19.11,-44.33,-41.38,-27.72,-7.55,-9.15,-29.71,0.0,-52.7,-46.42,4.18,-7.24,-5.95
2026-04-14 14:00:00,martes,-19.11,-44.47,-42.11,-30.58,-11.77,-8.22,-29.95,0.0,-47.96,-41.67,4.12,-9.39,-7.54
2026-04-14 15:00:00,martes,-19.13,-44.54,-42.13,-32.09,-8.01,-8.14,-28.16,0.0,-48.81,-42.49,5.84,-6.18,-7.73
2026-04-14 16:00:00,martes,-19.14,-44.58,-41.31,-31.99,-3.46,-7.77,-28.16,0.0,-46.36,-40.14,5.41,-4.36,-8.26
2026-04-14 17:00:00,martes,-19.21,-44.14,-43.37,-26.53,-3.05,-7.67,-27.45,0.0,-35.94,-29.81,6.29,-0.29,-9.31
2026-04-14 18:00:00,martes,-19.17,-43.96,-43.31,-28.63,-5.02,-7.68,-26.84,0.0,-46.18,-39.62,6.77,-6.77,-8.1
2026-04-14 19:00:00,martes,-19.21,-43.77,-43.4,-30.25,-13.01,-7.61,-27.45,0.0,-42.34,-35.53,5.2,-16.83,-7.4
2026-04-14 20:00:00,martes,-19.17,-43.94,-43.64,-24.59,-10.87,-7.82,-28.08,0.0,-46.77,-40.06,4.78,-10.57,-7.19
2026-04-14 21:00:00,martes,-19.18,-44.28,-41.39,-14.47,-20.76,-8.15,-27.59,0.0,-56.41,-49.55,5.14,-13.26,-5.48
2026-04-14 22:00:00,martes,-19.18,-44.16,-44.38,-12.95,-20.51,-8.16,-28.35,0.0,-46.22,-39.45,4.39,-12.74,-7.67
2026-04-14 23:00:00,martes,-19.21,-43.98,-44.45,-9.75,-17.85,-8.13,-26.08,0.0,-46.63,-40.3,7.41,-6.99,-7.74
2026-04-15 00:00:00,miércoles,-19.13,-43.92,-44.41,-7.09,-17.18,-6.27,-26.06,0.0,-44.41,-37.94,7.13,-1.38,-8.29
2026-04-15 01:00:00,miércoles,-18.89,-43.95,-44.45,-9.34,-17.26,-7.18,-23.55,0.0,-48.8,-42.08,9.34,-4.07,-7.87
2026-04-15 02:00:00,miércoles,-19.2,-44.02,-42.13,-8.96,-14.76,-7.19,-22.89,0.0,-57.21,-50.18,10.31,-0.58,-6.33
2026-04-15 03:00:00,miércoles,-19.23,-44.07,-44.0,-8.71,-13.25,-7.1,-22.1,0.0,-51.37,-44.46,11.37,1.02,-8.03
2026-04-15 04:00:00,miércoles,-19.18,-44.09,-43.0,-8.26,-16.92,-7.11,-23.88,0.0,-54.63,-47.94,9.75,-2.64,-6.59
2026-04-15 05:00:00,miércoles,-19.13,-43.91,-43.42,-7.59,-19.63,-7.14,-24.93,0.0,-49.74,-43.15,8.72,-4.4,-7.51
2026-04-15 06:00:00,miércoles,-19.18,-43.88,-43.79,-10.06,-14.67,-7.14,-24.55,0.0,-47.74,-40.92,9.27,-1.15,-7.69
2026-04-15 07:00:00,miércoles,-19.15,-43.96,-42.54,-8.25,-16.48,-7.13,-25.38,0.0,-51.69,-45.03,8.32,-3.36,-6.96
2026-04-15 08:00:00,miércoles,-19.25,-43.47,-43.77,-8.04,-17.75,-7.23,-24.93,0.0,-43.46,-37.1,8.52,-4.69,-8.45
2026-04-15 09:00:00,miércoles,-19.19,-43.77,-42.22,-8.09,-15.57,-7.12,-25.64,0.0,-46.98,-40.69,8.01,-3.03,-7.94
2026-04-15 10:00:00,miércoles,-19.13,-43.9,-39.83,-3.07,-11.45,-6.58,-26.61,0.0,-47.4,-41.18,6.52,6.6,-5.36
2026-04-15 11:00:00,miércoles,-19.21,-43.93,-40.82,0.0,-9.37,-6.56,-27.17,0.0,-48.68,-42.9,5.94,12.67,-5.33
2026-04-15 12:00:00,miércoles,-19.08,-44.03,-37.87,0.0,-7.39,-6.12,-27.84,0.0,-53.24,-47.07,5.52,15.74,-2.98
2026-04-15 13:00:00,miércoles,-19.1,-43.89,-42.59,0.0,-4.82,-6.08,-26.28,0.0,-45.95,-39.63,6.85,19.54,-7.39
2026-04-15 14:00:00,miércoles,-19.06,-43.91,-42.3,0.0,-3.42,-6.14,-28.98,0.0,-43.49,-37.3,4.66,21.21,-7.6
2026-04-15 15:00:00,miércoles,-19.02,-43.9,-42.62,0.0,-3.05,-6.1,-26.97,0.0,-42.02,-35.77,7.36,21.67,-7.56
2026-04-15 16:00:00,miércoles,-18.98,-44.0,-41.01,0.0,-3.05,-6.12,-27.12,0.0,-44.82,-38.39,7.09,23.17,-6.94
2026-04-15 17:00:00,miércoles,-19.04,-44.37,-41.62,0.0,-6.04,-6.11,-27.1,0.0,-48.06,-41.71,7.0,20.2,-7.26
2026-04-15 18:00:00,miércoles,-19.04,-43.83,-42.85,0.0,-4.46,-5.85,-29.55,0.0,-41.22,-34.78,4.75,21.93,-8.42
2026-04-15 19:00:00,miércoles,-19.1,-44.2,-42.37,0.0,-13.96,-5.04,-28.82,0.0,-45.06,-38.44,4.51,8.3,-8.6
2026-04-15 20:00:00,miércoles,-19.07,-44.09,-42.0,0.0,-21.91,-5.13,-27.8,0.0,-49.34,-42.85,5.79,-1.82,-7.32
2026-04-15 21:00:00,miércoles,-19.08,-43.47,-43.71,0.0,-20.3,-6.36,-26.93,0.0,-48.64,-41.64,6.62,-1.48,-7.01
2026-04-15 22:00:00,miércoles,-19.11,-43.81,-41.95,0.0,-20.76,-7.47,-26.87,0.0,-57.31,-50.44,6.51,-2.88,-5.25
2026-04-15 23:00:00,miércoles,-19.12,-43.6,-43.83,0.0,-20.17,-7.49,-28.45,0.0,-50.28,-43.54,5.45,-1.16,-7.38
2026-04-16 00:00:00,jueves,-19.12,-43.48,-44.14,0.0,-16.54,-7.43,-28.03,0.0,-47.91,-41.04,5.77,3.93,-7.39
2026-04-16 01:00:00,jueves,-19.09,-43.55,-43.83,0.0,-13.8,-7.38,-28.73,0.0,-49.45,-42.58,4.91,7.79,-6.99
2026-04-16 02:00:00,jueves,-19.15,-43.46,-44.14,0.0,-13.56,-7.44,-29.92,0.0,-47.05,-40.26,3.9,9.41,-7.31
2026-04-16 03:00:00,jueves,-19.16,-43.33,-44.1,0.0,-4.15,-6.72,-30.29,0.0,-47.45,-40.69,3.52,22.84,-7.15
2026-04-16 04:00:00,jueves,-19.19,-43.25,-44.04,0.0,-7.34,-7.16,-28.82,0.0,-44.21,-37.6,5.05,21.57,-7.39
2026-04-16 05:00:00,jueves,-19.17,-43.44,-43.88,-3.3,-3.18,-8.14,-29.22,0.0,-50.99,-44.37,4.73,26.46,-8.57
2026-04-16 06:00:00,jueves,-19.19,-42.99,-42.6,-4.67,-1.13,-7.91,-27.76,0.0,-46.1,-39.4,6.1,28.84,-7.56
2026-04-16 07:00:00,jueves,-19.16,-41.94,-43.03,-5.23,0.0,-7.2,-29.39,0.0,-39.99,-33.58,4.36,31.04,-7.88
2026-04-16 08:00:00,jueves,-19.16,-39.9,-43.85,-14.73,0.0,-7.19,-29.66,0.0,-43.46,-37.23,4.06,21.36,-6.52
2026-04-16 09:00:00,jueves,-19.15,-39.17,-43.45,-26.49,0.0,-7.35,-29.15,0.0,-40.23,-34.06,4.57,8.88,-6.25
2026-04-16 10:00:00,jueves,-14.8,-43.91,-33.26,-29.49,0.0,-7.13,-30.15,0.0,-47.68,-41.45,4.02,6.52,-10.27
2026-04-16 11:00:00,jueves,-13.93,-44.39,-31.79,-32.94,0.0,-7.45,-29.44,0.0,-45.48,-39.38,4.47,2.95,-14.43
2026-04-16 12:00:00,jueves,-13.95,-44.5,-25.9,-33.49,0.0,-8.3,-30.49,0.0,-54.86,-48.73,2.73,-0.72,-9.2
2026-04-16 13:00:00,jueves,-13.95,-44.55,-23.87,-25.98,0.0,-8.52,-30.42,0.0,-50.58,-44.93,1.43,3.51,-7.4
2026-04-16 14:00:00,jueves,-13.95,-44.55,-23.3,-19.29,0.0,-8.62,-28.21,0.0,-49.35,-43.78,5.07,9.82,-6.63
2026-04-16 15:00:00,jueves,-13.95,-43.12,-23.25,-20.61,0.0,-8.17,-27.33,0.0,-50.89,-45.06,6.09,10.02,-5.27
2026-04-16 16:00:00,jueves,-13.95,-40.69,-24.36,-18.27,0.0,-6.92,-27.01,0.0,-55.08,-49.22,6.31,14.25,-3.76
2026-04-16 17:00:00,jueves,-13.95,-40.58,-25.56,-12.41,0.0,-5.69,-28.12,0.0,-51.55,-45.64,5.45,19.61,-4.39
2026-04-16 18:00:00,jueves,-14.1,-41.59,-26.95,-11.84,0.0,-5.38,-28.19,0.0,-48.53,-42.43,5.37,18.09,-1.84
2026-04-16 19:00:00,jueves,-16.17,-43.69,-30.14,-13.52,0.0,-5.19,-29.27,0.0,-51.85,-45.38,3.45,14.41,-5.26
2026-04-16 20:00:00,jueves,-16.9,-43.42,-31.2,-13.01,0.0,-5.59,-29.27,0.0,-47.68,-41.05,3.58,14.37,-4.86
2026-04-16 21:00:00,jueves,-18.06,-43.11,-34.91,-12.4,0.0,-5.17,-31.73,0.0,-40.97,-34.57,1.37,18.0,-6.34
2026-04-16 22:00:00,jueves,-18.42,-42.81,-39.05,-11.17,0.0,-5.05,-31.5,0.0,-41.54,-34.83,1.75,19.72,-8.4
2026-04-16 23:00:00,jueves,-18.02,-42.72,-37.13,-9.75,0.0,-5.08,-30.57,0.0,-37.25,-31.15,2.89,21.94,-7.78
2026-04-17 00:00:00,viernes,-17.91,-42.53,-36.84,-11.06,0.0,-6.97,-29.98,0.0,-39.15,-32.77,3.34,20.28,-6.46
2026-04-17 01:00:00,viernes,-19.15,-41.15,-37.58,-28.33,0.0,-7.55,-30.96,0.0,-49.84,-43.07,2.15,3.48,-6.96
2026-04-17 02:00:00,viernes,-19.93,-41.83,-31.75,-33.04,0.0,-9.18,-31.4,0.0,-59.25,-52.38,1.65,-1.38,-2.99
2026-04-17 03:00:00,viernes,-19.94,-42.71,-32.75,-33.75,0.0,-9.22,-31.94,0.0,-55.58,-48.78,1.21,-1.17,-4.96
2026-04-17 04:00:00,viernes,-19.91,-41.87,-39.9,-34.23,0.0,-9.17,-32.12,0.0,-40.24,-33.41,1.5,-2.84,-8.55
2026-04-17 05:00:00,viernes,-19.94,-41.9,-39.06,-26.75,0.0,-9.19,-32.09,0.0,-43.2,-36.75,1.74,3.24,-8.37
2026-04-17 06:00:00,viernes,-19.96,-42.58,-39.63,-31.8,0.0,-9.15,-33.3,0.0,-35.39,-28.89,0.67,-1.48,-8.18
2026-04-17 07:00:00,viernes,-19.91,-42.97,-40.41,-26.53,0.0,-9.13,-31.94,0.0,-34.72,-27.84,1.91,2.53,-8.15
2026-04-17 08:00:00,viernes,-19.97,-43.07,-40.59,-8.73,0.0,-6.39,-31.72,0.0,-37.75,-31.01,2.51,20.87,-7.67
2026-04-17 09:00:00,viernes,-20.01,-43.6,-41.11,-11.9,0.0,-6.13,-30.51,0.0,-35.47,-29.15,3.67,15.84,-8.08
2026-04-17 10:00:00,viernes,-19.99,-43.53,-40.94,-11.84,0.0,-6.04,-30.44,0.0,-41.93,-35.82,3.17,14.98,-6.69
2026-04-17 11:00:00,viernes,-20.0,-43.52,-41.95,-12.41,0.0,-5.64,-31.09,0.0,-41.29,-35.13,1.83,14.43,-7.67
2026-04-17 12:00:00,viernes,-19.96,-43.41,-44.01,-11.23,0.0,-5.57,-31.64,0.0,-34.75,-28.77,1.41,12.77,-9.26
2026-04-17 13:00:00,viernes,-19.94,-43.64,-43.15,-10.0,0.0,-5.61,-31.17,0.0,-38.81,-32.68,2.56,13.97,-8.35
2026-04-17 14:00:00,viernes,-19.95,-43.42,-43.76,-11.22,0.0,-5.61,-30.43,0.0,-34.2,-28.22,3.5,15.23,-7.33
2026-04-17 15:00:00,viernes,-19.99,-43.46,-43.91,-11.45,0.0,-5.61,-29.97,0.0,-39.03,-33.21,4.34,18.67,-8.28
2026-04-17 16:00:00,viernes,-19.99,-43.54,-44.13,-12.47,0.0,-5.58,-30.08,0.0,-38.72,-32.67,4.46,17.85,-9.99
2026-04-17 17:00:00,viernes,-20.0,-43.7,-43.65,-18.03,0.0,-5.93,-30.25,0.0,-43.92,-37.85,4.14,13.06,-9.41
2026-04-17 18:00:00,viernes,-19.99,-43.7,-41.97,-28.73,0.0,-6.13,-29.62,0.0,-43.6,-37.7,4.48,3.93,-7.74
2026-04-17 19:00:00,viernes,-20.0,-43.76,-43.57,-30.74,0.0,-6.39,-28.49,0.0,-44.64,-38.62,4.37,1.27,-9.36
2026-04-17 20:00:00,viernes,-19.99,-43.64,-44.09,-33.23,-2.24,-7.13,-30.73,0.0,-52.23,-45.44,2.23,-4.08,-10.07
2026-04-17 21:00:00,viernes,-20.01,-43.7,-44.02,-29.01,-20.21,-7.14,-30.52,0.0,-51.68,-45.07,1.84,-17.77,-9.5
2026-04-17 22:00:00,viernes,-19.99,-43.71,-44.04,-24.71,-29.61,-7.2,-30.23,0.0,-51.95,-45.11,1.9,-26.14,-10.31
2026-04-17 23:00:00,viernes,-20.01,-43.79,-44.12,-25.79,-22.61,-8.98,-30.83,0.0,-54.82,-47.98,2.63,-20.94,-10.41
2026-04-18 00:00:00,sábado,-20.01,-43.69,-44.14,-28.44,-8.28,-9.17,-31.2,0.0,-51.77,-45.04,2.98,-7.7,-9.39
2026-04-18 01:00:00,sábado,-20.0,-43.66,-43.51,-30.5,-7.12,-9.17,-30.55,0.0,-53.15,-46.24,3.29,-6.81,-9.2
2026-04-18 02:00:00,sábado,-20.02,-44.08,-41.35,-33.41,-6.58,-9.14,-29.16,0.0,-56.95,-49.66,5.15,-7.53,-8.91
2026-04-18 03:00:00,sábado,-20.02,-43.42,-42.14,-33.78,-3.72,-9.25,-29.59,0.0,-48.82,-41.91,4.65,-3.51,-9.24
2026-04-18 04:00:00,sábado,-20.0,-43.2,-42.35,-32.69,-7.85,-9.17,-31.55,0.0,-44.14,-37.45,1.87,-6.27,-9.09
2026-04-18 05:00:00,sábado,-20.02,-43.15,-42.42,-29.28,-5.11,-9.23,-30.51,0.0,-47.81,-41.34,2.23,-1.56,-9.22
2026-04-18 06:00:00,sábado,-20.04,-43.2,-42.41,-31.02,-4.94,-8.57,-30.35,0.0,-52.86,-46.52,2.79,-0.94,-7.94
2026-04-18 07:00:00,sábado,-19.99,-43.64,-42.72,-32.89,-3.23,-8.42,-30.24,0.0,-49.86,-43.46,2.76,-0.77,-7.78
2026-04-18 08:00:00,sábado,-20.04,-43.07,-43.04,-24.64,-4.05,-9.1,-28.85,0.0,-45.75,-39.39,3.45,6.21,-7.91
2026-04-18 09:00:00,sábado,-20.04,-43.09,-43.98,-33.8,-3.06,-8.61,-26.48,0.0,-44.94,-38.56,5.7,-1.18,-8.66
2026-04-18 10:00:00,sábado,-20.03,-43.17,-43.81,-33.71,-5.74,-7.66,-24.88,0.0,-39.75,-33.68,6.92,-2.42,-8.61
2026-04-18 11:00:00,sábado,-20.01,-43.38,-43.85,-35.52,-3.55,-7.63,-28.13,0.0,-40.65,-34.69,3.29,-1.76,-7.42
2026-04-18 12:00:00,sábado,-19.98,-43.59,-43.94,-34.46,-3.47,-7.67,-26.34,0.0,-37.25,-31.07,5.3,-1.58,-8.38
2026-04-18 13:00:00,sábado,-20.02,-43.47,-44.02,-34.92,-3.47,-7.64,-27.59,0.0,-40.51,-34.45,4.74,-1.61,-8.39
2026-04-18 14:00:00,sábado,-20.0,-43.73,-42.72,-35.78,-3.25,-7.67,-27.31,0.0,-43.78,-37.55,4.85,-1.94,-7.69
2026-04-18 15:00:00,sábado,-20.03,-43.48,-42.89,-37.37,-6.66,-7.62,-26.01,0.0,-37.86,-31.64,6.18,-6.66,-9.4
2026-04-18 16:00:00,sábado,-20.04,-43.37,-41.75,-37.4,-13.19,-8.03,-26.33,0.0,-42.33,-36.39,5.54,-13.25,-8.2
2026-04-18 17:00:00,sábado,-20.02,-43.51,-41.84,-35.47,-15.35,-8.66,-27.78,0.0,-41.15,-35.36,4.76,-14.07,-9.16
2026-04-18 18:00:00,sábado,-20.0,-43.54,-42.17,-36.45,-18.18,-9.13,-29.15,0.0,-42.15,-36.51,3.58,-18.06,-8.39
2026-04-18 19:00:00,sábado,-20.03,-43.45,-41.57,-37.19,-18.52,-9.15,-28.16,0.0,-43.61,-37.98,5.25,-18.91,-6.88
2026-04-18 20:00:00,sábado,-20.04,-43.53,-42.04,-37.63,-17.71,-9.22,-28.83,0.0,-45.82,-39.88,4.09,-18.47,-8.12
2026-04-18 21:00:00,sábado,-20.04,-43.07,-42.59,-37.62,-17.14,-9.16,-28.85,0.0,-46.89,-40.21,4.32,-18.15,-7.42
2026-04-18 22:00:00,sábado,-19.99,-43.17,-43.74,-36.03,-16.95,-9.19,-28.1,0.0,-45.71,-39.42,5.79,-15.73,-8.53
2026-04-18 23:00:00,sábado,-19.59,-42.97,-43.95,-36.19,-14.53,-9.21,-28.58,0.0,-46.03,-39.32,5.31,-13.13,-8.1
2026-04-19 00:00:00,domingo,-20.05,-42.96,-43.95,-34.3,-17.12,-9.16,-27.57,0.0,-44.45,-37.64,6.0,-15.38,-8.74
2026-04-19 01:00:00,domingo,-19.82,-42.86,-43.9,-34.1,-20.85,-9.14,-28.39,0.0,-44.99,-38.02,5.11,-18.78,-8.21
2026-04-19 02:00:00,domingo,-20.05,-43.25,-43.96,-33.42,-23.59,-9.43,-28.5,0.0,-48.28,-41.35,4.78,-20.73,-10.16
2026-04-19 03:00:00,domingo,-20.06,-43.4,-43.83,-31.84,-21.46,-9.21,-28.93,0.0,-42.82,-36.5,4.68,-15.87,-9.24
2026-04-19 04:00:00,domingo,-20.06,-43.23,-43.75,-31.88,-24.64,-9.15,-31.12,0.0,-40.59,-34.34,2.83,-19.03,-9.1
2026-04-19 05:00:00,domingo,-20.08,-43.37,-43.91,-31.83,-25.61,-9.18,-29.24,0.0,-42.22,-36.04,4.73,-20.05,-9.43
2026-04-19 06:00:00,domingo,-20.06,-43.07,-43.62,-31.81,-25.37,-9.16,-29.89,0.0,-37.85,-31.51,4.18,-20.04,-8.19
2026-04-19 07:00:00,domingo,-20.08,-43.27,-43.78,-31.87,-23.57,-9.2,-30.76,0.0,-41.97,-35.42,3.26,-18.2,-8.02
2026-04-19 08:00:00,domingo,-20.09,-43.2,-43.7,-31.6,-23.79,-9.17,-31.03,0.0,-39.68,-33.35,2.9,-18.34,-8.05
2026-04-19 09:00:00,domingo,-20.09,-43.05,-43.38,-32.27,-22.37,-9.13,-31.69,0.0,-34.24,-28.24,2.22,-17.86,-9.56
2026-04-19 10:00:00,domingo,-20.09,-43.19,-43.71,-33.55,-20.57,-9.21,-31.69,0.0,-34.41,-28.43,2.2,-17.69,-10.19
2026-04-19 11:00:00,domingo,-20.09,-43.34,-43.97,-33.71,-20.04,-9.17,-30.94,0.0,-36.74,-30.59,3.4,-16.85,-10.59
2026-04-19 12:00:00,domingo,-20.1,-43.17,-43.64,-34.03,-19.63,-9.22,-31.04,0.0,-30.14,-24.2,3.09,-16.62,-8.54
2026-04-19 13:00:00,domingo,-20.08,-43.36,-43.29,-32.5,-19.9,-9.18,-30.38,0.0,-32.07,-26.26,2.73,-15.8,-10.86
2026-04-19 14:00:00,domingo,-20.09,-43.25,-43.21,-32.89,-20.19,-9.16,-29.96,0.0,-32.26,-26.7,4.01,-16.42,-8.37
2026-04-19 15:00:00,domingo,-20.07,-43.12,-43.28,-34.76,-19.71,-9.2,-29.74,0.0,-28.77,-23.19,4.25,-17.46,-7.03
2026-04-19 16:00:00,domingo,-20.07,-43.4,-43.26,-34.45,-15.74,-9.16,-29.47,0.0,-35.13,-29.32,4.29,-13.13,-8.92
2026-04-19 17:00:00,domingo,-20.07,-43.24,-43.2,-34.44,-14.43,-9.17,-29.71,0.0,-35.15,-29.43,4.34,-12.22,-8.85
2026-04-19 18:00:00,domingo,-20.06,-43.44,-43.4,-34.17,-18.41,-9.17,-29.31,0.0,-33.89,-28.09,2.04,-15.71,-9.22
2026-04-19 19:00:00,domingo,-20.03,-43.41,-43.15,-32.08,-19.6,-9.18,-27.17,0.0,-44.91,-38.6,2.79,-14.73,-7.77
2026-04-19 20:00:00,domingo,-20.04,-43.26,-43.23,-32.68,-20.04,-9.22,-27.83,0.0,-49.02,-42.53,1.73,-15.64,-6.95
2026-04-19 21:00:00,domingo,-20.05,-43.31,-43.27,-31.86,-21.49,-9.16,-23.47,0.0,-46.28,-39.76,4.5,-16.4,-8.97
2026-04-19 22:00:00,domingo,-20.05,-43.31,-43.29,-31.95,-23.7,-9.16,-19.73,0.0,-47.56,-40.93,5.24,-18.93,-8.7
2026-04-19 23:00:00,domingo,-20.05,-43.25,-43.2,-31.39,-23.08,-9.19,-13.25,0.0,-47.3,-40.77,12.76,-17.63,-8.93
2026-04-20 00:00:00,lunes,-20.06,-43.3,-43.28,-32.1,-25.65,-9.2,-14.43,0.0,-45.98,-39.5,15.23,-21.34,-8.81
2026-04-20 01:00:00,lunes,-20.02,-43.14,-43.22,-32.07,-27.7,-9.14,-17.93,0.0,-43.4,-36.76,13.19,-22.69,-8.28
2026-04-20 02:00:00,lunes,-20.1,-43.27,-43.31,-32.22,-29.05,-9.2,-20.49,0.0,-40.85,-34.37,11.79,-23.98,-8.07
2026-04-20 03:00:00,lunes,-20.06,-43.3,-43.21,-32.05,-27.4,-9.2,-23.5,0.0,-43.6,-37.01,9.35,-22.21,-7.4
2026-04-20 04:00:00,lunes,-19.75,-43.05,-43.22,-32.18,-28.24,-9.18,-24.92,0.0,-41.61,-35.1,7.69,-23.01,-7.33
2026-04-20 05:00:00,lunes,-20.07,-42.96,-43.22,-32.05,-26.88,-9.16,-24.92,0.0,-37.05,-30.71,7.87,-21.61,-7.92
2026-04-20 06:00:00,lunes,-20.07,-42.94,-43.03,-32.25,-28.24,-9.19,-25.82,0.0,-37.42,-31.37,7.22,-23.47,-7.92
2026-04-20 07:00:00,lunes,-20.04,-43.21,-43.26,-31.77,-29.34,-9.16,-26.15,0.0,-43.52,-37.03,7.64,-23.67,-8.13
2026-04-20 08:00:00,lunes,-20.07,-43.21,-43.21,-31.76,-29.04,-9.2,-27.21,0.0,-45.72,-39.11,6.34,-23.78,-7.89
2026-04-20 09:00:00,lunes,-20.03,-43.31,-43.27,-31.18,-25.93,-9.16,-30.27,0.0,-39.13,-33.28,3.74,-20.1,-8.12
2026-04-20 10:00:00,lunes,-20.07,-43.26,-43.26,-31.52,-25.45,-9.16,-30.69,0.0,-35.35,-29.47,3.3,-19.4,-8.16
2026-04-20 11:00:00,lunes,-20.06,-43.32,-43.21,-31.72,-26.68,-9.16,-31.17,0.0,-32.91,-26.97,2.68,-21.83,-9.28
2026-04-20 12:00:00,lunes,-20.06,-43.66,-43.03,-32.04,-26.35,-9.2,-28.19,0.0,-49.37,-42.85,5.3,-21.49,-8.64
2026-04-20 13:00:00,lunes,-20.05,-43.36,-43.25,-31.99,-25.62,-9.16,-29.89,0.0,-45.15,-38.71,3.74,-20.79,-8.92
2026-04-20 14:00:00,lunes,-20.04,-43.31,-43.26,-31.76,-25.69,-9.2,-29.21,0.0,-40.86,-34.66,4.16,-19.75,-9.27
2026-04-20 15:00:00,lunes,-20.0,-43.43,-43.27,-31.73,-26.61,-9.19,-29.66,0.0,-45.78,-39.49,5.15,-20.76,-8.41
2026-04-20 16:00:00,lunes,-20.01,-43.53,-43.25,-31.94,-29.08,-9.17,-28.97,0.0,-44.19,-37.83,5.8,-23.83,-9.71
2026-04-20 17:00:00,lunes,-19.92,-43.67,-43.01,-31.82,-30.21,-9.17,-27.6,0.0,-51.66,-44.99,6.78,-24.77,-9.2
2026-04-20 18:00:00,lunes,-19.9,-43.37,-43.3,-31.94,-28.03,-9.16,-30.28,0.0,-49.63,-43.1,4.0,-22.57,-9.43
2026-04-20 19:00:00,lunes,-19.92,-43.57,-43.27,-31.87,-28.32,-9.21,-29.36,0.0,-48.82,-42.36,3.6,-23.08,-9.31
2026-04-20 20:00:00,lunes,-19.89,-43.5,-41.48,-31.6,-29.37,-9.15,-30.62,0.0,-49.66,-43.04,2.17,-24.0,-7.18
2026-04-20 21:00:00,lunes,-19.89,-43.26,-41.46,-31.98,-29.65,-9.2,-29.41,0.0,-48.81,-42.26,3.17,-24.68,-6.43
2026-04-20 22:00:00,lunes,-19.93,-43.26,-41.48,-31.97,-28.81,-9.15,-29.18,0.0,-51.04,-44.3,2.84,-24.0,-6.91
2026-04-20 23:00:00,lunes,-19.98,-43.39,-41.56,-32.16,-27.18,-9.23,-28.64,0.0,-48.72,-42.1,4.33,-22.41,-6.99
2026-04-21 00:00:00,martes,-19.92,-43.4,-41.39,-31.7,-25.19,-9.17,-27.65,0.0,-50.84,-44.32,4.87,-19.39,-6.81
2026-04-21 01:00:00,martes,-19.95,-43.2,-41.46,-31.84,-26.68,-9.17,-27.5,0.0,-48.88,-42.14,5.1,-20.44,-7.0
2026-04-21 02:00:00,martes,-20.01,-42.87,-41.47,-32.14,-28.33,-9.16,-28.26,0.0,-49.77,-43.23,4.52,-21.95,-5.17
2026-04-21 03:00:00,martes,-19.95,-43.29,-41.58,-32.15,-25.98,-9.17,-28.39,0.0,-46.15,-39.62,4.52,-19.86,-5.39
2026-04-21 04:00:00,martes,-19.98,-43.49,-41.55,-32.07,-24.82,-9.19,-28.93,0.0,-46.59,-40.31,3.83,-18.99,-6.69
2026-04-21 05:00:00,martes,-20.07,-43.33,-41.45,-31.77,-26.51,-9.19,-28.57,0.0,-42.6,-36.5,4.16,-21.36,-6.72
2026-04-21 06:00:00,martes,-20.08,-43.2,-41.47,-31.98,-24.97,-9.19,-26.96,0.0,-41.29,-35.35,6.2,-20.03,-4.63
2026-04-21 07:00:00,martes,-20.06,-43.18,-41.27,-31.74,-21.71,-9.17,-28.34,0.0,-35.41,-29.43,4.66,-16.31,-4.11
2026-04-21 08:00:00,martes,-20.1,-42.74,-41.46,-31.84,-24.62,-9.15,-27.97,0.0,-30.14,-24.47,4.21,-19.14,-4.93
2026-04-21 09:00:00,martes,-20.05,-43.34,-41.52,-31.89,-26.1,-9.19,-26.07,0.0,-38.13,-32.49,6.01,-20.18,-6.05
2026-04-21 10:00:00,martes,-19.94,-42.87,-41.35,-31.93,-24.41,-9.17,-27.9,0.0,-45.47,-39.49,4.08,-18.45,-5.88
2026-04-21 11:00:00,martes,-19.97,-43.26,-41.27,-31.49,-21.11,-9.19,-30.82,0.0,-46.92,-40.85,0.64,-15.42,-7.33
2026-04-21 12:00:00,martes,-19.91,-43.42,-41.42,-31.68,-22.28,-9.16,-28.72,0.0,-44.12,-38.44,2.44,-17.06,-8.86
2026-04-21 13:00:00,martes,-19.97,-43.38,-40.24,-31.95,-20.25,-9.2,-28.14,0.0,-48.38,-42.66,2.56,-14.95,-6.76
2026-04-21 14:00:00,martes,-20.01,-42.14,-41.86,-31.28,-18.78,-9.15,-27.98,0.0,-41.33,-35.53,2.21,-12.62,-7.07
2026-04-21 15:00:00,martes,-19.99,-42.19,-42.08,-31.39,-17.83,-9.12,-25.87,0.0,-38.89,-33.32,4.03,-12.53,-6.53
2026-04-21 16:00:00,martes,-19.99,-43.1,-42.08,-31.62,-20.12,-9.23,-25.93,0.0,-33.55,-27.88,4.32,-15.7,-7.37
2026-04-21 17:00:00,martes,-19.89,-43.45,-42.11,-31.87,-20.83,-9.17,-26.02,0.0,-39.46,-33.52,5.5,-16.62,-8.15
2026-04-21 18:00:00,martes,-19.97,-42.77,-42.21,-31.54,-25.87,-9.12,-26.62,0.0,-47.55,-41.25,4.95,-20.34,-6.91
2026-04-21 19:00:00,martes,-19.97,-43.05,-42.11,-32.06,-30.83,-9.17,-26.65,0.0,-40.99,-34.53,4.5,-25.26,-7.33
2026-04-21 20:00:00,martes,-19.97,-41.11,-42.19,-31.92,-31.95,-9.18,-25.19,0.0,-45.73,-39.2,6.23,-26.13,-4.19
2026-04-21 21:00:00,martes,-19.94,-42.92,-43.95,-32.39,-28.69,-9.18,-24.38,0.0,-47.13,-40.62,6.7,-23.81,-7.89
2026-04-21 22:00:00,martes,-19.95,-42.54,-43.78,-31.7,-30.15,-9.16,-25.93,0.0,-49.37,-42.45,5.15,-24.76,-7.58
2026-04-21 23:00:00,martes,-19.96,-43.24,-43.91,-32.02,-28.5,-9.18,-27.12,0.0,-47.62,-41.18,4.83,-23.15,-8.44
2026-04-22 00:00:00,miércoles,-19.97,-43.14,-43.83,-31.92,-30.67,-9.18,-24.87,0.0,-47.75,-41.42,6.94,-25.25,-8.0
2026-04-22 01:00:00,miércoles,-19.96,-42.77,-43.58,-31.61,-31.87,-9.16,-24.92,0.0,-44.91,-38.4,6.73,-25.87,-7.19
2026-04-22 02:00:00,miércoles,-19.97,-42.97,-43.56,-31.55,-31.94,-9.2,-25.47,0.0,-44.32,-37.88,6.22,-26.37,-7.07
2026-04-22 03:00:00,miércoles,-19.95,-42.87,-43.74,-31.14,-28.93,-9.18,-27.09,0.0,-44.04,-37.44,4.9,-22.69,-7.7
2026-04-22 04:00:00,miércoles,-19.94,-43.08,-43.84,-31.03,-27.88,-9.18,-28.28,0.0,-46.1,-39.54,3.32,-21.35,-8.36
2026-04-22 05:00:00,miércoles,-20.0,-43.31,-43.85,-30.49,-30.23,-9.17,-29.94,0.0,-48.75,-42.29,2.25,-23.08,-8.1
2026-04-22 06:00:00,miércoles,-20.0,-43.36,-43.75,-30.75,-30.23,-9.18,-28.74,0.0,-43.67,-37.18,3.73,-24.03,-7.99
2026-04-22 07:00:00,miércoles,-20.02,-43.09,-43.77,-31.25,-26.07,-9.2,-28.54,0.0,-42.27,-35.74,3.92,-20.37,-7.5
2026-04-22 08:00:00,miércoles,-20.0,-42.81,-43.58,-30.58,-27.04,-9.15,-30.61,0.0,-39.62,-33.14,1.73,-20.5,-8.66
2026-04-22 09:00:00,miércoles,-20.01,-43.05,-43.76,-30.45,-24.3,-9.18,-28.72,0.0,-36.22,-30.39,3.86,-17.77,-9.34
2026-04-22 10:00:00,miércoles,-19.96,-43.14,-43.85,-30.51,-24.14,-9.51,-28.97,0.0,-38.38,-32.79,4.15,-17.63,-8.78
2026-04-22 11:00:00,miércoles,-19.9,-43.27,-43.87,-30.3,-26.07,-9.7,-29.23,0.0,-39.11,-33.55,3.83,-19.75,-8.36
2026-04-22 12:00:00,miércoles,-19.88,-42.93,-43.78,-30.54,-18.77,-9.7,-29.16,0.0,-41.29,-35.53,3.97,-13.04,-8.59
2026-04-22 13:00:00,miércoles,-19.93,-43.21,-43.91,-30.04,-19.42,-9.77,-30.21,0.0,-41.54,-35.49,2.87,-12.87,-9.56
2026-04-22 14:00:00,miércoles,-19.99,-43.37,-44.0,-30.79,-18.79,-9.69,-30.16,0.0,-41.25,-35.29,3.06,-12.98,-9.98
2026-04-22 15:00:00,miércoles,-19.94,-43.31,-43.93,-30.41,-19.72,-9.67,-29.38,0.0,-41.12,-35.06,3.67,-13.85,-10.73
2026-04-22 16:00:00,miércoles,-19.86,-43.39,-43.72,-30.93,-18.27,-9.68,-29.4,0.0,-40.97,-34.75,3.2,-13.81,-10.02
2026-04-22 17:00:00,miércoles,-19.84,-43.36,-43.06,-31.17,-19.05,-9.67,-29.35,0.0,-45.25,-38.96,3.08,-14.31,-9.56
2026-04-22 18:00:00,miércoles,-19.87,-43.6,-43.47,-32.55,-18.22,-9.79,-29.04,0.0,-43.95,-37.76,3.36,-13.92,-9.68
2026-04-22 19:00:00,miércoles,-19.88,-43.66,-42.67,-31.69,-26.56,-9.67,-28.65,0.0,-48.81,-42.13,3.21,-21.33,-8.05
2026-04-22 20:00:00,miércoles,-19.9,-43.58,-42.66,-31.67,-30.04,-9.71,-28.91,0.0,-49.28,-42.73,2.85,-24.7,-7.47
2026-04-22 21:00:00,miércoles,-19.89,-43.42,-42.68,-32.13,-28.55,-9.71,-28.57,0.0,-44.18,-37.57,3.12,-23.89,-7.27
2026-04-22 22:00:00,miércoles,-19.91,-43.49,-42.71,-32.26,-27.32,-9.7,-28.24,0.0,-48.26,-41.28,3.37,-22.13,-7.71
2026-04-22 23:00:00,miércoles,-19.88,-43.52,-42.63,-32.08,-26.85,-9.68,-30.32,0.0,-45.94,-39.53,2.37,-21.73,-8.3
2026-04-23 00:00:00,jueves,-19.91,-43.45,-42.66,-32.26,-24.28,-9.68,-30.24,0.0,-46.22,-39.66,3.57,-19.24,-7.81
2026-04-23 01:00:00,jueves,-19.98,-42.88,-42.67,-31.86,-27.38,-9.65,-29.55,0.0,-43.97,-37.54,4.58,-21.97,-7.93
2026-04-23 02:00:00,jueves,-19.99,-42.97,-42.44,-32.04,-27.27,-9.71,-30.97,0.0,-44.78,-38.18,3.43,-23.06,-7.44
2026-04-23 03:00:00,jueves,-19.97,-42.89,-41.44,-31.76,-26.62,-9.68,-29.91,0.0,-42.38,-35.69,5.05,-21.75,-6.5
2026-04-23 04:00:00,jueves,-19.96,-42.94,-41.49,-32.13,-25.51,-9.72,-31.28,0.0,-44.5,-37.64,3.71,-20.39,-6.73
2026-04-23 05:00:00,jueves,-19.96,-42.88,-41.57,-32.09,-26.75,-9.66,-30.93,0.0,-42.48,-35.74,3.79,-21.82,-6.91
2026-04-23 06:00:00,jueves,-20.03,-43.05,-41.45,-31.49,-26.39,-9.72,-30.89,0.0,-43.31,-36.83,3.83,-21.14,-6.9
2026-04-23 07:00:00,jueves,-20.01,-42.73,-41.47,-31.92,-24.26,-9.67,-30.05,0.0,-43.26,-36.63,4.85,-19.16,-5.49
2026-04-23 08:00:00,jueves,-20.0,-42.74,-42.69,-32.12,-21.97,-9.68,-30.76,0.0,-43.51,-36.92,3.89,-17.06,-7.79
2026-04-23 09:00:00,jueves,-19.99,-43.15,-41.52,-31.65,-18.29,-9.71,-29.99,0.0,-41.79,-35.89,4.85,-13.13,-8.24
2026-04-23 10:00:00,jueves,-19.98,-42.84,-41.44,-33.39,-21.89,-9.66,-29.19,0.0,-31.09,-25.63,6.16,-18.06,-7.03
2026-04-23 11:00:00,jueves,-19.86,-42.55,-41.49,-33.69,-22.01,-9.72,-28.95,0.0,-25.02,-19.32,6.47,-20.84,-7.91
2026-04-23 12:00:00,jueves,-19.98,-42.43,-41.52,-33.51,-20.38,-9.68,-27.47,0.0,-26.94,-20.93,7.46,-24.11,-7.81
2026-04-23 13:00:00,jueves,-20.05,-42.83,-41.44,-32.9,-22.63,-9.63,-31.54,0.0,-38.89,-32.27,3.48,-25.57,-6.88
2026-04-23 14:00:00,jueves,-19.99,-42.85,-41.52,-32.84,-24.11,-9.74,-30.49,0.0,-32.71,-26.1,4.48,-25.68,-8.19
2026-04-23 15:00:00,jueves,-19.96,-42.91,-41.38,-33.62,-20.19,-9.68,-27.39,0.0,-36.23,-29.72,7.72,-20.27,-8.23
2026-04-23 16:00:00,jueves,-20.03,-42.94,-41.49,-33.97,-15.99,-9.67,-30.86,-0.84,-36.14,-29.58,2.86,-16.34,-8.46
2026-04-23 17:00:00,jueves,-19.95,-42.69,-42.48,-33.7,-19.42,-9.71,-31.26,-7.1,-31.92,-25.32,-3.88,-20.86,-9.42
2026-04-23 18:00:00,jueves,-20.0,-43.04,-42.42,-33.37,-23.09,-9.68,-29.87,-10.41,-37.21,-30.6,-5.45,-22.45,-9.67
2026-04-23 19:00:00,jueves,-19.92,-42.65,-42.04,-32.94,-31.19,-9.69,-28.6,-13.71,-29.4,-22.92,-7.49,-27.51,-7.86
2026-04-23 20:00:00,jueves,-19.96,-39.94,-42.71,-33.73,-27.05,-9.23,-26.21,-16.36,-34.69,-28.4,-7.76,-23.72,-6.38
2026-04-23 21:00:00,jueves,-19.97,-38.48,-42.48,-33.37,-28.39,-9.15,-24.73,-14.07,-46.14,-39.8,-4.28,-24.9,-6.01
2026-04-23 22:00:00,jueves,-19.99,-43.75,-42.68,-33.81,-28.24,-9.16,-25.96,-13.32,-38.94,-32.99,-4.81,-26.05,-11.18
2026-04-23 23:00:00,jueves,-20.03,-41.75,-42.71,-33.28,-22.61,-9.19,-24.59,-12.8,-32.7,-26.74,-2.76,-20.11,-9.17
2026-04-24 00:00:00,viernes,-19.99,-39.31,-42.52,-32.74,-13.82,-9.12,-24.26,-12.94,-32.17,-26.15,-1.91,-11.24,-5.11
2026-04-24 01:00:00,viernes,-20.01,-40.83,-42.68,-32.45,-14.47,-9.18,-24.52,-11.82,-29.34,-23.36,-1.18,-11.85,-7.08
2026-04-24 02:00:00,viernes,-20.03,-42.62,-41.51,-33.45,-12.14,-9.16,-25.64,-13.31,-32.69,-26.71,-3.66,-9.8,-7.75
2026-04-24 03:00:00,viernes,-19.99,-43.13,-40.59,-33.78,-7.24,-9.28,-27.41,-10.45,-29.53,-23.65,-2.24,-4.91,-6.98
2026-04-24 04:00:00,viernes,-20.01,-42.83,-43.17,-33.54,-11.52,-9.17,-27.13,-12.02,-29.42,-23.49,-3.71,-7.94,-7.99
2026-04-24 05:00:00,viernes,-20.03,-42.83,-43.81,-34.09,-12.21,-9.18,-27.86,-13.02,-30.57,-24.55,-5.58,-9.0,-8.86
2026-04-24 06:00:00,viernes,-20.02,-43.02,-42.4,-34.2,-12.16,-9.18,-26.91,-12.76,-32.03,-26.09,-4.69,-8.94,-7.99
2026-04-24 07:00:00,viernes,-20.03,-42.89,-42.09,-34.12,-14.84,-9.18,-26.84,-13.23,-33.26,-27.24,-4.82,-11.27,-6.95
2026-04-24 08:00:00,viernes,-20.09,-42.91,-41.99,-34.06,-16.18,-9.15,-25.97,-12.15,-33.97,-27.94,-3.54,-13.2,-7.53
2026-04-24 09:00:00,viernes,-20.03,-42.38,-41.46,-33.27,-19.5,-9.12,-26.96,-11.04,-24.19,-18.24,-3.04,-16.11,-7.4
2026-04-24 10:00:00,viernes,-20.05,-42.76,-41.55,-33.17,-21.36,-9.17,-26.72,-21.39,-28.57,-22.65,-12.02,-17.87,-8.11
2026-04-24 11:00:00,viernes,-20.04,-42.66,-41.48,-33.08,-20.26,-9.21,-27.99,-32.56,-27.07,-21.1,-23.73,-16.66,-7.75
2026-04-24 12:00:00,viernes,-20.02,-42.79,-41.55,-32.06,-18.12,-9.18,-26.41,-27.41,-27.22,-21.23,-17.36,-14.23,-7.41
2026-04-24 13:00:00,viernes,-19.98,-42.65,-41.47,-33.25,-25.35,-9.22,-25.2,-25.33,-31.21,-25.22,-15.14,-21.92,-7.51
2026-04-24 14:00:00,viernes,-19.9,-43.39,-41.55,-32.37,-27.75,-9.16,-25.84,-27.3,-31.46,-25.65,-18.45,-23.22,-8.94
2026-04-24 15:00:00,viernes,-19.98,-43.54,-41.49,-32.25,-28.43,-9.18,-24.62,-24.65,-30.07,-24.38,-14.87,-23.52,-9.26
2026-04-24 16:00:00,viernes,-19.94,-42.91,-41.45,-33.46,-25.34,-9.17,-24.97,-22.55,-27.33,-21.56,-12.91,-21.76,-8.24
2026-04-24 17:00:00,viernes,-19.96,-43.33,-42.04,-34.11,-18.51,-9.2,-24.28,-22.06,-32.61,-26.48,-11.09,-15.46,-8.4
2026-04-24 18:00:00,viernes,-19.93,-43.46,-43.54,-34.05,-22.22,-9.15,-24.77,-26.1,-31.1,-24.86,-15.47,-19.24,-9.96
2026-04-24 19:00:00,viernes,-19.95,-43.23,-42.09,-33.81,-26.37,-9.23,-25.2,-23.95,-30.31,-24.12,-14.41,-23.2,-7.01
2026-04-24 20:00:00,viernes,-19.97,-43.02,-42.06,-34.04,-26.99,-9.16,-24.52,-25.79,-34.38,-28.27,-15.52,-24.25,-6.04
2026-04-24 21:00:00,viernes,-19.94,-43.14,-42.04,-33.78,-28.4,-9.14,-24.65,-25.35,-31.52,-25.35,-15.24,-25.38,-6.09
2026-04-24 22:00:00,viernes,-20.03,-43.16,-42.14,-34.21,-27.9,-9.19,-25.06,-21.26,-32.02,-25.94,-11.55,-25.02,-6.71
2026-04-24 23:00:00,viernes,-20.02,-43.25,-42.79,-33.35,-27.59,-9.17,-24.63,-20.37,-32.12,-26.08,-9.6,-22.92,-8.27
2026-04-25 00:00:00,sábado,-20.02,-42.31,-43.57,-33.39,-27.45,-9.2,-25.07,-18.73,-27.25,-21.31,-8.37,-22.7,-7.43
2026-04-25 01:00:00,sábado,-20.02,-42.14,-43.76,-33.53,-27.89,-9.12,-25.42,-19.24,-31.05,-25.01,-8.9,-23.55,-7.42
2026-04-25 02:00:00,sábado,-20.04,-42.69,-43.65,-33.81,-28.16,-9.21,-24.96,-14.16,-33.45,-27.1,-3.83,-23.97,-8.03
2026-04-25 03:00:00,sábado,-20.03,-42.92,-43.72,-32.67,-20.2,-9.24,-24.26,-23.54,-31.8,-25.82,-12.14,-14.92,-8.36
2026-04-25 04:00:00,sábado,-20.06,-43.09,-43.86,-33.67,-21.74,-9.16,-26.2,-19.34,-33.7,-27.76,-9.79,-17.93,-9.55
2026-04-25 05:00:00,sábado,-20.0,-42.9,-43.72,-33.77,-25.64,-9.18,-26.21,-20.35,-31.54,-25.59,-10.08,-21.72,-9.73
2026-04-25 06:00:00,sábado,-20.03,-43.35,-43.93,-34.2,-23.02,-9.19,-25.82,-20.99,-36.54,-30.55,-10.39,-19.45,-10.88
2026-04-25 07:00:00,sábado,-20.04,-42.38,-43.42,-32.68,-26.15,-9.19,-26.02,-16.95,-28.98,-23.21,-7.7,-20.82,-8.89
2026-04-25 08:00:00,sábado,-20.02,-42.94,-43.72,-33.13,-21.87,-9.14,-26.32,-17.51,-32.79,-26.98,-8.46,-17.69,-9.58
2026-04-25 09:00:00,sábado,-20.02,-42.99,-43.73,-32.19,-22.39,-9.15,-25.69,-17.01,-29.25,-23.46,-7.27,-17.46,-10.04
2026-04-25 10:00:00,sábado,-20.03,-42.88,-43.6,-33.64,-15.1,-9.16,-26.54,-13.72,-23.78,-17.72,-5.11,-11.68,-9.34
2026-04-25 11:00:00,sábado,-20.06,-42.96,-43.73,-33.88,-13.63,-9.2,-26.34,-17.41,-25.02,-19.04,-8.99,-10.47,-9.69
2026-04-25 12:00:00,sábado,-20.06,-43.19,-43.99,-33.84,-15.79,-9.17,-25.81,-20.66,-27.97,-22.05,-11.38,-12.26,-10.06
2026-04-25 13:00:00,sábado,-20.06,-43.23,-44.2,-33.29,-13.91,-9.2,-26.0,-21.63,-33.89,-27.97,-11.82,-10.43,-11.07
2026-04-25 14:00:00,sábado,-20.01,-43.5,-44.19,-33.49,-19.82,-9.21,-25.68,-17.83,-35.67,-29.73,-7.18,-16.61,-10.92
2026-04-25 15:00:00,sábado,-20.02,-43.31,-44.2,-32.21,-20.47,-9.17,-25.89,-22.84,-30.82,-24.68,-11.87,-15.52,-10.78
2026-04-25 16:00:00,sábado,-19.99,-43.19,-44.03,-33.16,-19.93,-9.16,-25.66,-18.77,-25.8,-19.85,-7.87,-15.78,-11.33
2026-04-25 17:00:00,sábado,-20.03,-43.09,-43.08,-33.31,-20.06,-9.17,-24.03,-24.62,-26.88,-21.02,-12.09,-15.89,-10.1
2026-04-25 18:00:00,sábado,-19.98,-43.02,-43.76,-33.14,-21.16,-9.17,-25.49,-25.07,-25.32,-19.54,-13.9,-16.86,-9.89
2026-04-25 19:00:00,sábado,-19.99,-42.83,-43.78,-32.03,-23.82,-9.23,-26.06,-20.48,-28.49,-22.45,-7.92,-18.58,-9.01
2026-04-25 20:00:00,sábado,-19.97,-42.73,-43.52,-33.26,-26.17,-9.16,-26.72,-24.26,-20.74,-14.74,-12.15,-22.12,-8.66
2026-04-25 21:00:00,sábado,-19.98,-43.35,-44.01,-32.82,-25.07,-9.18,-26.06,-24.06,-23.32,-17.46,-13.39,-20.98,-9.77
2026-04-25 22:00:00,sábado,-19.98,-42.87,-43.64,-33.33,-25.37,-9.16,-25.67,-22.26,-19.6,-13.58,-10.84,-21.4,-8.57
2026-04-25 23:00:00,sábado,-19.98,-43.31,-43.49,-33.61,-23.34,-9.18,-26.12,-21.84,-23.33,-17.28,-9.91,-19.09,-8.96
2026-04-26 00:00:00,domingo,-20.0,-44.1,-43.41,-32.09,-23.29,-9.18,-26.86,-17.66,-28.48,-22.62,-5.27,-17.27,-10.05
2026-04-26 01:00:00,domingo,-20.02,-43.48,-43.92,-31.72,-22.93,-9.18,-26.31,-20.42,-22.13,-16.32,-7.56,-16.64,-9.6
2026-04-26 02:00:00,domingo,-20.0,-43.08,-43.53,-33.23,-20.21,-9.19,-27.34,-16.59,-28.67,-22.25,-4.75,-15.17,-9.03
2026-04-26 03:00:00,domingo,-20.01,-43.04,-43.54,-32.75,-22.99,-9.04,-25.55,-19.41,-29.54,-23.44,-5.31,-17.51,-8.66
2026-04-26 04:00:00,domingo,-20.0,-43.21,-43.69,-32.86,-25.76,-9.19,-25.66,-19.7,-30.99,-25.01,-7.68,-21.44,-9.01
2026-04-26 05:00:00,domingo,-20.04,-43.2,-43.64,-32.8,-25.16,-9.22,-26.27,-17.04,-30.17,-24.21,-5.85,-20.58,-9.4
2026-04-26 06:00:00,domingo,-20.04,-43.09,-43.6,-33.12,-26.48,-9.19,-24.8,-23.78,-30.25,-24.32,-11.02,-22.73,-9.05
2026-04-26 07:00:00,domingo,-20.0,-43.27,-43.51,-33.3,-27.2,-9.18,-23.57,-22.45,-31.62,-25.69,-6.91,-23.88,-7.88
2026-04-26 08:00:00,domingo,-20.01,-43.0,-43.49,-31.94,-26.06,-9.19,-26.43,-14.35,-28.3,-22.3,-1.39,-21.38,-8.73
2026-04-26 09:00:00,domingo,-20.07,-43.25,-42.92,-32.08,-21.12,-9.14,-23.99,-19.27,-33.89,-27.87,-5.99,-16.98,-8.41
2026-04-26 10:00:00,domingo,-20.0,-43.35,-42.84,-33.34,-18.56,-9.04,-24.93,-17.9,-33.64,-27.65,-6.51,-15.36,-8.86
2026-04-26 11:00:00,domingo,-20.02,-43.18,-43.63,-33.49,-17.41,-8.67,-23.86,-17.91,-24.33,-18.83,-4.91,-12.95,-10.05
2026-04-26 12:00:00,domingo,-20.04,-43.43,-43.82,-33.73,-19.72,-8.69,-23.26,-20.39,-32.43,-26.84,-6.85,-15.23,-10.42
2026-04-26 13:00:00,domingo,-20.04,-43.24,-43.72,-33.16,-18.53,-8.66,-24.64,-19.94,-25.66,-20.03,-7.73,-13.94,-11.63
2026-04-26 14:00:00,domingo,-20.0,-43.17,-43.76,-33.38,-17.94,-8.67,-26.89,-13.93,-28.71,-22.89,-2.79,-13.06,-9.83
2026-04-26 15:00:00,domingo,-20.03,-43.28,-43.74,-32.01,-23.66,-9.01,-25.3,-19.13,-29.02,-22.89,-7.85,-17.61,-9.22
2026-04-26 16:00:00,domingo,-20.03,-43.33,-43.69,-33.1,-21.79,-9.22,-25.24,-14.77,-27.1,-20.96,-3.86,-16.82,-8.8
2026-04-26 17:00:00,domingo,-20.04,-43.47,-43.93,-32.45,-21.85,-9.19,-24.64,-14.97,-30.94,-24.84,-2.61,-16.86,-10.0
2026-04-26 18:00:00,domingo,-20.03,-43.13,-43.62,-31.26,-22.81,-9.16,-23.71,-23.54,-24.15,-18.06,-8.06,-16.62,-10.11
2026-04-26 19:00:00,domingo,-20.04,-43.31,-43.74,-31.18,-22.79,-9.17,-25.97,-13.41,-31.69,-25.42,-0.4,-15.97,-8.99
2026-04-26 20:00:00,domingo,-20.04,-43.32,-43.88,-30.07,-34.1,-8.84,-25.71,-20.64,-32.76,-26.62,-6.86,-26.02,-9.36
2026-04-26 21:00:00,domingo,-20.07,-43.1,-43.72,-29.67,-31.6,-8.3,-26.84,-12.99,-30.25,-24.29,-0.95,-22.74,-9.06
2026-04-26 22:00:00,domingo,-20.03,-43.25,-43.69,-29.54,-28.93,-8.48,-25.39,-10.45,-30.68,-24.55,3.47,-20.12,-9.58
2026-04-26 23:00:00,domingo,-20.11,-43.03,-43.39,-29.55,-25.83,-9.17,-26.25,-17.36,-22.65,-16.3,-4.05,-17.54,-9.49
2026-04-27 00:00:00,lunes,-20.05,-43.29,-43.64,-29.85,-28.54,-3.08,-25.24,-20.83,-29.51,-23.5,-6.11,-14.68,-9.27
2026-04-27 01:00:00,lunes,-20.06,-43.47,-43.82,-30.25,-29.53,0.0,-25.44,-15.76,-35.04,-29.12,-1.32,-12.57,-9.93
2026-04-27 02:00:00,lunes,-20.03,-43.49,-43.8,-29.99,-27.33,0.01,-25.28,-18.91,-33.05,-27.14,-4.07,-10.28,-9.22
2026-04-27 03:00:00,lunes,-20.03,-43.64,-43.94,-29.72,-26.15,-2.52,-26.03,-17.14,-39.49,-33.22,-2.86,-11.0,-9.69
2026-04-27 04:00:00,lunes,-20.05,-43.56,-43.9,-29.52,-26.36,-9.02,-24.99,-22.18,-38.08,-31.95,-7.02,-17.85,-9.54
2026-04-27 05:00:00,lunes,-19.98,-43.67,-43.98,-29.78,-27.29,-9.16,-26.13,-19.28,-38.31,-32.38,-5.34,-19.62,-10.04
2026-04-27 06:00:00,lunes,-19.96,-43.61,-43.87,-29.78,-29.59,-9.15,-25.73,-21.43,-34.62,-28.74,-7.15,-21.99,-10.54
2026-04-27 07:00:00,lunes,-20.0,-43.5,-43.77,-29.62,-26.32,-9.28,-27.06,-17.29,-34.16,-28.05,-4.46,-18.45,-9.31
2026-04-27 08:00:00,lunes,-19.93,-43.48,-43.74,-29.74,-25.99,-9.14,-27.02,-16.5,-36.06,-29.87,-3.94,-18.58,-9.98
2026-04-27 09:00:00,lunes,-20.02,-43.46,-43.77,-29.22,-24.47,-9.12,-26.26,-16.74,-32.32,-26.39,-3.52,-16.91,-10.16
2026-04-27 10:00:00,lunes,-20.04,-43.49,-43.99,-29.66,-24.14,-9.23,-25.78,-17.45,-34.31,-28.52,-3.66,-16.4,-11.2
2026-04-27 11:00:00,lunes,-20.03,-43.36,-43.89,-29.71,-23.17,-9.14,-25.27,-17.43,-31.34,-25.8,-3.38,-14.86,-9.57
2026-04-27 12:00:00,lunes,-19.97,-43.85,-42.79,-30.52,-26.09,-9.14,-25.53,-15.42,-29.82,-24.39,-1.08,-19.29,-8.7
2026-04-27 13:00:00,lunes,-19.9,-44.14,-40.95,-30.08,-18.87,-9.22,-25.19,-13.73,-38.41,-32.71,0.86,-12.2,-7.84
2026-04-27 14:00:00,lunes,-19.88,-44.22,-41.08,-30.69,-22.26,-9.16,-26.04,-12.77,-48.22,-41.84,1.3,-15.79,-9.25
2026-04-27 15:00:00,lunes,-19.89,-44.1,-41.0,-30.94,-24.71,-9.15,-25.33,-17.54,-49.3,-42.78,-4.56,-17.97,-8.01
2026-04-27 16:00:00,lunes,-19.84,-44.3,-41.0,-30.73,-21.07,-9.21,-25.54,-18.45,-50.47,-44.13,-6.39,-14.15,-7.67
2026-04-27 17:00:00,lunes,-19.84,-44.3,-41.05,-29.68,-19.97,-9.18,-25.84,-15.53,-49.42,-43.06,-2.3,-11.81,-6.98
2026-04-27 18:00:00,lunes,-19.9,-44.37,-41.05,-29.44,-20.21,-9.09,-26.47,-15.63,-53.92,-47.24,-2.02,-12.49,-7.67
2026-04-27 19:00:00,lunes,-19.91,-44.15,-40.52,-30.15,-24.81,-9.25,-26.1,-23.82,-45.66,-39.08,-10.11,-17.96,-7.62
2026-04-27 20:00:00,lunes,-19.92,-44.18,-40.03,-30.5,-28.6,-9.17,-26.35,-28.18,-49.96,-43.31,-15.64,-21.63,-6.67
2026-04-27 21:00:00,lunes,-19.95,-44.06,-39.97,-30.44,-27.94,-9.16,-23.46,-23.32,-47.75,-41.15,-9.71,-20.52,-6.0
2026-04-27 22:00:00,lunes,-19.97,-43.97,-40.07,-29.81,-26.23,-9.18,-25.43,-22.43,-46.12,-39.47,-8.88,-17.9,-5.58
2026-04-27 23:00:00,lunes,-19.98,-43.82,-40.04,-29.58,-19.21,-9.19,-25.72,-22.81,-48.58,-42.09,-8.3,-11.5,-6.77
2026-04-28 00:00:00,martes,-19.97,-43.65,-41.04,-29.55,-24.85,-9.15,-25.39,-23.49,-41.11,-34.91,-8.81,-16.54,-7.17
2026-04-28 01:00:00,martes,-19.97,-43.77,-42.4,-30.14,-26.58,-9.18,-26.18,-21.85,-48.36,-42.13,-7.45,-18.96,-8.75
2026-04-28 02:00:00,martes,-19.96,-43.82,-42.37,-30.55,-26.48,-9.17,-26.58,-26.79,-51.58,-45.3,-12.17,-18.9,-9.38
2026-04-28 03:00:00,martes,-19.96,-43.8,-42.45,-30.15,-28.1,-9.14,-27.39,-23.33,-47.76,-41.1,-9.73,-20.55,-9.25
2026-04-28 04:00:00,martes,-19.96,-43.79,-42.35,-30.37,-29.31,-9.15,-25.88,-23.24,-51.7,-44.83,-8.87,-22.09,-7.74
2026-04-28 05:00:00,martes,-19.95,-43.71,-42.38,-30.85,-28.32,-9.17,-25.01,-25.05,-43.67,-37.31,-12.5,-21.75,-8.07
2026-04-28 06:00:00,martes,-19.97,-43.8,-42.44,-31.15,-27.74,-9.16,-25.56,-23.38,-52.74,-46.21,-11.64,-21.17,-7.73
2026-04-28 07:00:00,martes,-19.97,-43.78,-42.38,-30.71,-26.23,-9.22,-26.39,-23.41,-47.94,-41.6,-10.95,-19.23,-7.87
2026-04-28 08:00:00,martes,-19.99,-43.72,-42.41,-30.68,-26.91,-9.18,-26.95,-21.05,-45.43,-39.15,-7.25,-20.14,-7.58
2026-04-28 09:00:00,martes,-19.99,-43.45,-42.42,-31.18,-28.22,-9.13,-27.25,-18.54,-43.29,-37.49,-5.51,-21.65,-7.87
2026-04-28 10:00:00,martes,-19.97,-42.89,-42.7,-32.27,-24.58,-9.16,-27.12,-11.76,-33.62,-28.08,1.29,-18.96,-7.33
2026-04-28 11:00:00,martes,-19.98,-42.73,-44.09,-30.95,-21.99,-9.21,-25.83,-18.83,-41.79,-36.29,-3.71,-15.26,-8.57
2026-04-28 12:00:00,martes,-19.98,-42.56,-43.04,-29.63,-30.45,-9.17,-25.56,-18.81,-44.67,-39.08,-3.43,-22.59,-7.91
2026-04-28 13:00:00,martes,-19.87,-42.53,-42.97,-29.04,-30.66,-9.19,-25.66,-18.68,-38.01,-32.43,-3.31,-22.46,-6.01
2026-04-28 14:00:00,martes,-19.87,-42.69,-42.99,-29.08,-30.71,-9.16,-25.81,-18.62,-42.68,-36.96,-3.52,-22.21,-6.06
2026-04-28 15:00:00,martes,-19.86,-42.71,-42.63,-29.82,-25.52,-9.17,-26.17,-22.0,-45.82,-39.77,-7.31,-17.73,-7.16
2026-04-28 16:00:00,martes,-19.86,-43.06,-42.97,-30.46,-20.72,-9.18,-25.57,-27.13,-38.86,-33.11,-12.05,-14.17,-6.95
2026-04-28 17:00:00,martes,-19.87,-43.24,-43.04,-30.66,-23.07,-9.19,-26.15,-23.0,-44.4,-38.54,-8.57,-16.61,-7.54
2026-04-28 18:00:00,martes,-19.87,-42.93,-42.27,-31.6,-29.02,-9.2,-26.29,-21.23,-46.09,-40.2,-6.72,-22.95,-7.5
2026-04-28 19:00:00,martes,-19.86,-37.64,-41.92,-32.26,-28.48,-9.21,-26.56,-29.97,-59.23,-53.1,-16.36,-23.01,-4.75
2026-04-28 20:00:00,martes,-19.88,-38.6,-41.52,-33.26,-28.85,-9.18,-26.73,-28.09,-59.98,-53.99,-14.71,-24.44,-5.56
2026-04-28 21:00:00,martes,-19.87,-39.23,-41.27,-32.86,-28.77,-9.19,-26.0,-31.76,-59.28,-53.19,-17.52,-24.22,-6.44
2026-04-28 22:00:00,martes,-19.87,-40.47,-40.93,-33.04,-25.27,-9.19,-26.07,-32.76,-60.73,-54.76,-18.36,-21.36,-7.4
2026-04-28 23:00:00,martes,-19.88,-40.78,-39.32,-31.73,-23.37,-9.16,-26.62,-35.06,-56.55,-50.6,-20.52,-17.65,-6.44
2026-04-29 00:00:00,miércoles,-19.88,-41.13,-39.29,-31.68,-26.6,-9.15,-27.49,-33.0,-55.79,-49.82,-19.27,-20.59,-5.9
2026-04-29 01:00:00,miércoles,-19.87,-43.38,-41.86,-33.06,-26.27,-9.16,-27.57,-28.61,-53.49,-46.82,-14.84,-21.75,-8.4
2026-04-29 02:00:00,miércoles,-19.88,-43.85,-42.2,-33.02,-25.3,-9.19,-27.95,-29.19,-53.56,-46.99,-15.79,-20.46,-7.34
2026-04-29 03:00:00,miércoles,-19.88,-43.28,-41.22,-31.73,-25.22,-9.21,-27.79,-30.77,-55.95,-49.54,-17.06,-18.91,-7.33
2026-04-29 04:00:00,miércoles,-19.88,-43.72,-42.56,-31.22,-24.91,-9.16,-27.78,-33.87,-45.08,-38.73,-20.68,-18.25,-9.8
2026-04-29 05:00:00,miércoles,-19.87,-43.82,-44.44,-30.52,-26.92,-9.18,-28.0,-31.96,-50.56,-44.15,-18.62,-19.24,-10.31
2026-04-29 06:00:00,miércoles,-19.86,-44.16,-44.41,-29.75,-28.14,-9.14,-28.52,-28.07,-53.32,-46.9,-15.09,-19.58,-10.82
2026-04-29 07:00:00,miércoles,-19.86,-43.99,-44.45,-30.1,-25.72,-9.21,-28.63,-24.89,-48.3,-41.83,-12.56,-18.18,-10.12
2026-04-29 08:00:00,miércoles,-19.88,-43.9,-43.26,-29.67,-23.82,-9.15,-26.87,-28.59,-50.53,-44.28,-14.47,-16.18,-9.34
2026-04-29 09:00:00,miércoles,-19.88,-43.51,-43.91,-27.88,-24.44,-9.16,-26.52,-27.42,-46.53,-40.34,-12.91,-14.91,-9.86
2026-04-29 10:00:00,miércoles,-14.82,-43.1,-43.82,-29.25,-25.67,-9.13,-27.79,-24.97,-40.41,-34.38,-11.81,-17.64,-4.69
2026-04-29 11:00:00,miércoles,-2.29,-43.98,-43.73,-28.44,-22.85,-9.16,-27.68,-21.4,-47.43,-41.18,-8.04,-13.89,8.67
2026-04-29 12:00:00,miércoles,0.0,-43.8,-44.0,-29.57,-24.4,-9.18,-26.55,-23.97,-39.98,-34.05,-9.75,-16.26,10.71
2026-04-29 13:00:00,miércoles,-1.66,-43.92,-43.77,-29.51,-24.89,-9.13,-26.76,-19.6,-40.82,-35.04,-5.66,-16.54,9.08
2026-04-29 14:00:00,miércoles,-16.87,-43.77,-42.44,-29.22,-20.43,-9.19,-26.59,-20.37,-41.23,-35.66,-6.42,-12.08,-4.31
2026-04-29 15:00:00,miércoles,-20.1,-43.2,-42.68,-28.27,-25.35,-9.13,-25.74,-26.31,-36.59,-31.25,-13.92,-15.73,-7.05
2026-04-29 16:00:00,miércoles,-20.12,-43.66,-42.08,-29.1,-25.71,-9.16,-26.41,-23.45,-40.34,-34.89,-12.64,-17.44,-7.22
2026-04-29 17:00:00,miércoles,-20.12,-43.5,-42.82,-29.07,-25.95,-9.14,-26.62,-20.28,-32.39,-26.9,-8.57,-17.71,-7.77
2026-04-29 18:00:00,miércoles,-20.19,-43.39,-42.09,-29.67,-28.89,-9.12,-25.94,-23.9,-40.44,-34.89,-10.94,-21.08,-8.06
2026-04-29 19:00:00,miércoles,-20.14,-43.28,-40.99,-29.45,-32.58,-9.14,-26.38,-28.44,-44.9,-38.62,-15.12,-24.21,-6.02
2026-04-29 20:00:00,miércoles,-20.19,-43.35,-41.65,-30.11,-32.8,-9.18,-26.93,-27.06,-52.81,-46.39,-13.84,-25.35,-6.91
2026-04-29 21:00:00,miércoles,-20.18,-43.43,-41.65,-29.54,-33.63,-8.46,-26.62,-30.2,-54.62,-48.08,-16.63,-24.83,-7.92
2026-04-29 22:00:00,miércoles,-20.2,-43.33,-41.01,-30.75,-34.42,-8.16,-26.88,-28.7,-48.77,-42.33,-15.42,-26.41,-6.51
2026-04-29 23:00:00,miércoles,-20.2,-43.29,-41.0,-30.58,-31.32,-8.21,-26.76,-23.25,-53.77,-46.95,-9.71,-23.11,-5.97
2026-04-30 00:00:00,jueves,-20.2,-43.41,-41.06,-28.82,-32.79,-8.18,-26.74,-23.34,-46.22,-39.46,-9.41,-22.83,-5.98
2026-04-30 01:00:00,jueves,-20.17,-43.79,-40.96,-28.58,-34.04,-8.16,-26.54,-21.23,-51.57,-45.2,-6.95,-24.32,-5.59
2026-04-30 02:00:00,jueves,-20.15,-43.92,-41.29,-30.44,-32.22,-8.15,-25.58,-22.84,-53.94,-47.46,-7.65,-24.06,-4.95
2026-04-30 03:00:00,jueves,-20.16,-43.58,-44.33,-31.0,-28.47,-8.3,-25.78,-24.94,-41.08,-34.39,-9.73,-20.73,-7.69
2026-04-30 04:00:00,jueves,-20.17,-43.66,-44.49,-28.93,-29.99,-8.43,-25.66,-21.55,-44.42,-37.89,-6.53,-20.28,-8.23
2026-04-30 05:00:00,jueves,-20.19,-43.53,-44.29,-28.87,-30.25,-8.68,-25.82,-21.96,-39.69,-33.31,-7.18,-20.76,-8.67
2026-04-30 06:00:00,jueves,-20.16,-43.68,-44.49,-30.83,-30.95,-8.67,-26.47,-20.71,-46.77,-40.43,-6.86,-23.3,-8.95
2026-04-30 07:00:00,jueves,-20.18,-43.38,-43.96,-29.8,-27.76,-8.65,-26.53,-21.27,-41.28,-34.99,-7.54,-19.08,-8.26
2026-04-30 08:00:00,jueves,-20.15,-43.46,-44.14,-29.49,-30.9,-8.71,-26.74,-23.09,-49.51,-43.05,-9.0,-22.38,-9.01
2026-04-30 09:00:00,jueves,-20.07,-43.48,-43.87,-30.34,-25.42,-8.64,-26.91,-21.64,-54.55,-48.07,-7.76,-18.04,-8.69
2026-04-30 10:00:00,jueves,-20.01,-43.29,-43.29,-30.41,-21.38,-8.69,-26.94,-21.54,-43.41,-37.49,-7.54,-14.18,-8.29
2026-04-30 11:00:00,jueves,-20.14,-43.17,-42.57,-29.71,-26.62,-8.67,-26.78,-18.34,-39.63,-33.96,-4.06,-19.31,-7.75
2026-04-30 12:00:00,jueves,-20.15,-43.0,-42.64,-30.02,-28.44,-8.66,-26.83,-18.58,-34.24,-28.82,-4.76,-21.94,-7.11
2026-04-30 13:00:00,jueves,-20.14,-43.22,-42.71,-30.35,-26.77,-8.68,-25.54,-23.17,-37.11,-31.76,-8.36,-20.4,-9.11
2026-04-30 14:00:00,jueves,-20.13,-43.38,-41.47,-30.17,-20.92,-8.67,-25.96,-22.16,-44.94,-39.23,-7.82,-14.77,-7.48
2026-04-30 15:00:00,jueves,-20.15,-43.08,-42.86,-30.48,-20.46,-8.64,-26.42,-21.14,-34.32,-28.79,-7.72,-14.64,-7.71
2026-04-30 16:00:00,jueves,-20.17,-43.15,-42.67,-30.14,-19.37,-8.69,-27.39,-20.84,-36.29,-30.77,-8.6,-13.09,-7.21
2026-04-30 17:00:00,jueves,-20.16,-43.1,-43.63,-30.57,-20.06,-8.67,-26.3,-24.41,-34.83,-29.05,-11.01,-13.31,-8.35
2026-04-30 18:00:00,jueves,-20.14,-43.08,-43.65,-30.21,-26.74,-8.67,-25.95,-21.33,-39.92,-34.16,-7.73,-19.02,-8.03
2026-04-30 19:00:00,jueves,-20.15,-43.06,-43.75,-30.57,-27.2,-8.68,-26.71,-24.56,-42.47,-36.37,-11.61,-20.18,-8.36
2026-04-30 20:00:00,jueves,-20.16,-42.96,-43.54,-30.56,-30.25,-8.64,-26.78,-19.96,-39.98,-33.84,-7.31,-22.84,-7.7
2026-04-30 21:00:00,jueves,-20.16,-43.13,-43.57,-29.82,-30.06,-8.69,-26.37,-28.99,-48.84,-42.47,-15.92,-22.4,-7.75
2026-04-30 22:00:00,jueves,-20.16,-43.14,-43.99,-29.9,-30.22,-8.66,-25.65,-32.03,-46.08,-39.66,-17.99,-22.62,-7.53
2026-04-30 23:00:00,jueves,-20.17,-43.16,-43.96,-30.19,-27.84,-8.66,-26.23,-29.12,-45.53,-39.19,-14.98,-20.74,-7.69
2026-05-01 00:00:00,viernes,-20.12,-43.08,-43.91,-29.98,-30.04,-8.66,-25.9,-29.17,-46.89,-40.46,-14.47,-22.23,-7.37
2026-05-01 01:00:00,viernes,-20.12,-42.99,-43.79,-30.97,-28.82,-8.68,-25.22,-29.5,-39.08,-33.01,-14.3,-22.43,-7.43
2026-05-01 02:00:00,viernes,-20.12,-43.15,-43.98,-31.03,-29.19,-8.65,-25.8,-24.55,-46.61,-40.36,-9.65,-22.66,-8.09
2026-05-01 03:00:00,viernes,-20.1,-43.07,-43.93,-30.94,-30.6,-8.68,-25.95,-24.72,-42.14,-36.04,-9.96,-25.12,-7.76
2026-05-01 04:00:00,viernes,-20.12,-43.16,-44.0,-31.05,-27.22,-8.68,-25.9,-25.99,-44.35,-38.35,-11.4,-21.34,-8.01
2026-05-01 05:00:00,viernes,-20.13,-43.16,-44.01,-30.95,-26.68,-8.68,-25.76,-25.64,-42.1,-36.23,-11.08,-20.02,-8.11
2026-05-01 06:00:00,viernes,-20.11,-43.22,-43.92,-30.83,-27.12,-8.65,-26.19,-22.81,-39.8,-33.96,-8.93,-20.11,-7.93
2026-05-01 07:00:00,viernes,-20.13,-43.25,-43.8,-30.9,-26.95,-8.65,-25.89,-24.18,-41.88,-35.74,-9.74,-19.78,-6.43
2026-05-01 08:00:00,viernes,-20.14,-43.23,-43.81,-30.99,-28.82,-8.65,-26.16,-22.33,-44.72,-38.5,-8.4,-22.01,-7.44
2026-05-01 09:00:00,viernes,-20.13,-43.27,-43.49,-30.5,-23.64,-8.66,-26.42,-21.58,-46.35,-40.16,-7.81,-16.97,-8.02
2026-05-01 10:00:00,viernes,-20.14,-43.26,-42.5,-30.55,-16.71,-8.69,-26.59,-20.37,-46.96,-41.18,-6.93,-10.08,-7.12
2026-05-01 11:00:00,viernes,-20.12,-42.8,-41.99,-30.52,-15.32,-8.66,-24.37,-20.87,-39.71,-34.07,-5.54,-7.94,-7.46
2026-05-01 12:00:00,viernes,-20.11,-42.96,-41.98,-29.99,-23.83,-8.68,-24.86,-25.81,-40.35,-34.62,-11.47,-15.75,-5.85
2026-05-01 13:00:00,viernes,-20.13,-42.12,-39.28,-30.0,-24.37,-8.66,-25.99,-25.41,-52.17,-46.21,-11.99,-16.43,-5.11
2026-05-01 14:00:00,viernes,-20.13,-41.02,-33.88,-30.44,-24.13,-8.68,-24.86,-27.85,-63.49,-57.67,-13.69,-16.78,-8.6
2026-05-01 15:00:00,viernes,-20.13,-38.95,-31.96,-30.33,-20.47,-8.64,-24.37,-31.18,-64.45,-58.75,-17.33,-12.98,-4.66
2026-05-01 16:00:00,viernes,-20.14,-40.09,-33.7,-30.37,-21.08,-8.7,-26.0,-26.89,-58.17,-52.6,-14.2,-14.64,-6.59
2026-05-01 17:00:00,viernes,-20.12,-40.0,-32.63,-30.17,-19.69,-8.61,-25.69,-23.48,-58.24,-52.55,-9.05,-13.27,-4.83
2026-05-01 18:00:00,viernes,-20.09,-40.32,-38.33,-30.29,-20.96,-8.68,-25.48,-23.01,-46.68,-40.82,-8.0,-13.53,-4.39
2026-05-01 19:00:00,viernes,-20.12,-42.31,-41.69,-31.04,-26.83,-8.64,-24.66,-23.83,-42.76,-36.44,-7.79,-19.76,-6.64
2026-05-01 20:00:00,viernes,-20.04,-40.64,-42.94,-30.46,-29.45,-8.67,-24.36,-26.53,-47.25,-40.95,-10.44,-21.95,-6.21
2026-05-01 21:00:00,viernes,-20.08,-40.46,-42.97,-30.45,-30.13,-9.02,-26.1,-22.55,-46.71,-40.56,-8.44,-23.0,-6.51
2026-05-01 22:00:00,viernes,-20.08,-41.31,-41.83,-30.68,-28.0,-8.91,-26.58,-21.33,-54.41,-48.17,-7.37,-20.91,-7.14
2026-05-01 23:00:00,viernes,-20.1,-41.27,-41.03,-31.21,-27.59,-8.68,-26.48,-23.39,-55.67,-49.34,-9.41,-20.82,-5.44
2026-05-02 00:00:00,sábado,-20.07,-41.3,-43.76,-31.23,-26.88,-8.66,-25.92,-28.89,-50.08,-43.74,-14.32,-20.54,-7.74
2026-05-02 01:00:00,sábado,-20.14,-41.29,-43.27,-30.24,-28.57,-9.05,-26.23,-26.59,-48.54,-42.37,-12.77,-21.32,-7.23
2026-05-02 02:00:00,sábado,-20.13,-41.7,-43.97,-30.12,-29.69,-9.2,-26.14,-25.17,-30.45,-24.77,-11.03,-22.39,-7.66
2026-05-02 03:00:00,sábado,-20.15,-42.51,-43.93,-29.81,-27.79,-9.19,-26.24,-25.61,-33.68,-27.89,-11.53,-20.29,-8.21
2026-05-02 04:00:00,sábado,-20.14,-42.46,-44.06,-30.58,-27.64,-8.68,-26.15,-24.72,-25.65,-19.9,-10.65,-20.65,-8.11
2026-05-02 05:00:00,sábado,-20.14,-42.47,-44.15,-31.4,-27.88,-8.69,-26.39,-25.12,-33.99,-28.2,-11.08,-21.63,-7.98
2026-05-02 06:00:00,sábado,-20.14,-43.08,-43.91,-31.44,-25.98,-8.64,-26.78,-25.61,-34.64,-28.54,-11.88,-19.77,-8.1
2026-05-02 07:00:00,sábado,-20.15,-43.4,-44.01,-31.71,-23.8,-8.67,-26.43,-23.63,-33.36,-27.24,-9.73,-17.59,-8.23
2026-05-02 08:00:00,sábado,-20.16,-43.53,-44.07,-31.97,-27.29,-8.66,-26.59,-27.24,-34.97,-29.15,-13.67,-21.58,-9.06
2026-05-02 09:00:00,sábado,-20.15,-41.62,-41.69,-31.32,-27.11,-8.66,-26.18,-25.98,-25.21,-19.68,-11.75,-20.83,-5.42
2026-05-02 10:00:00,sábado,-20.16,-43.32,-42.33,-32.01,-23.02,-8.65,-25.44,-24.44,-34.41,-28.73,-9.58,-17.28,-6.55
2026-05-02 11:00:00,sábado,-20.15,-43.45,-42.54,-31.65,-20.45,-8.69,-18.92,-38.06,-38.53,-32.73,-17.73,-14.46,-6.77
2026-05-02 12:00:00,sábado,-20.16,-43.23,-42.22,-31.86,-26.65,-8.64,-26.89,-21.36,-28.58,-22.71,-9.14,-20.26,-6.26
2026-05-02 13:00:00,sábado,-20.14,-43.28,-41.38,-31.42,-28.92,-8.66,-24.85,-20.01,-33.84,-28.15,-5.36,-22.28,-5.57
2026-05-02 14:00:00,sábado,-20.12,-43.29,-41.41,-31.74,-26.34,-8.67,-24.88,-22.3,-34.18,-28.32,-7.16,-21.51,-6.1
2026-05-02 15:00:00,sábado,-20.12,-43.33,-41.35,-31.21,-19.49,-8.63,-25.5,-24.36,-36.57,-31.0,-9.38,-14.01,-5.72
2026-05-02 16:00:00,sábado,-20.08,-43.55,-41.41,-30.41,-21.19,-8.68,-25.1,-23.27,-43.32,-37.71,-8.13,-14.91,-6.34
2026-05-02 17:00:00,sábado,-20.07,-43.21,-41.36,-29.79,-20.84,-8.95,-25.06,-22.12,-30.0,-24.7,-7.18,-13.36,-6.08
2026-05-02 18:00:00,sábado,-20.07,-43.2,-41.36,-29.78,-27.42,-9.21,-24.28,-25.51,-35.69,-30.19,-9.67,-19.62,-6.44
2026-05-02 19:00:00,sábado,-19.94,-42.96,-41.41,-30.78,-29.0,-9.18,-24.85,-25.24,-36.07,-29.39,-9.69,-21.75,-5.91
2026-05-02 20:00:00,sábado,-20.05,-43.12,-41.33,-30.69,-30.21,-9.17,-24.67,-23.88,-44.21,-37.94,-8.31,-23.6,-5.05
2026-05-02 21:00:00,sábado,-20.06,-43.23,-41.4,-31.04,-30.94,-9.19,-24.92,-24.33,-44.3,-38.04,-9.35,-24.55,-5.06
2026-05-02 22:00:00,sábado,-20.07,-43.18,-41.32,-30.67,-31.72,-9.17,-25.87,-23.82,-45.72,-39.41,-9.26,-24.37,-5.48
2026-05-02 23:00:00,sábado,-20.08,-43.31,-41.44,-30.64,-28.5,-9.2,-25.24,-26.74,-48.72,-42.33,-11.42,-20.91,-6.28
2026-05-03 00:00:00,domingo,-20.08,-43.06,-41.31,-30.68,-30.0,-9.13,-25.45,-28.89,-41.82,-35.15,-14.08,-22.8,-6.05
2026-05-03 01:00:00,domingo,-20.09,-43.24,-41.35,-30.53,-29.4,-9.16,-25.88,-25.71,-47.6,-40.96,-11.39,-22.3,-5.67
2026-05-03 02:00:00,domingo,-20.09,-43.23,-41.37,-30.72,-29.78,-9.18,-25.41,-24.77,-46.58,-40.01,-9.95,-22.58,-6.5
2026-05-03 03:00:00,domingo,-20.11,-43.08,-41.42,-32.03,-30.65,-9.18,-25.64,-29.61,-40.71,-34.23,-15.21,-25.32,-6.21
2026-05-03 04:00:00,domingo,-20.12,-43.14,-41.43,-31.57,-29.77,-9.27,-25.06,-26.51,-46.46,-40.28,-11.58,-24.17,-5.23
2026-05-03 05:00:00,domingo,-20.13,-42.76,-41.36,-31.47,-27.34,-9.15,-25.34,-24.57,-38.06,-32.09,-9.88,-21.78,-4.61
2026-05-03 06:00:00,domingo,-20.13,-42.87,-41.4,-30.92,-25.75,-9.16,-25.4,-25.2,-41.33,-35.32,-10.49,-19.59,-4.73
2026-05-03 07:00:00,domingo,-20.14,-42.84,-41.39,-31.36,-24.16,-9.16,-25.91,-21.61,-38.34,-32.34,-7.56,-18.18,-5.51
2026-05-03 08:00:00,domingo,-20.15,-42.84,-41.77,-31.19,-27.28,-9.13,-25.87,-26.21,-40.13,-34.06,-12.02,-21.07,-5.46
2026-05-03 09:00:00,domingo,-20.15,-43.02,-41.98,-30.36,-24.3,-9.16,-26.52,-23.9,-37.49,-31.73,-10.57,-17.87,-6.56
2026-05-03 10:00:00,domingo,-20.16,-43.08,-42.08,-31.32,-22.58,-9.02,-25.27,-22.82,-33.64,-28.44,-8.19,-17.08,-6.43
2026-05-03 11:00:00,domingo,-20.04,-43.18,-42.59,-31.75,-19.86,-8.74,-26.37,-24.67,-34.71,-29.52,-11.2,-14.6,-7.1
2026-05-03 12:00:00,domingo,-20.15,-43.15,-42.02,-31.29,-23.21,-8.68,-26.38,-25.59,-36.81,-31.18,-12.04,-17.51,-8.15
2026-05-03 13:00:00,domingo,-20.14,-42.85,-41.54,-32.46,-27.47,-8.68,-25.24,-25.26,-27.56,-22.3,-10.95,-22.98,-7.91
2026-05-03 14:00:00,domingo,-20.11,-43.11,-41.6,-32.09,-21.93,-8.68,-23.95,-32.37,-36.23,-30.82,-18.13,-17.16,-6.3
2026-05-03 15:00:00,domingo,-20.13,-42.86,-41.57,-31.63,-24.43,-8.65,-24.34,-26.78,-27.41,-22.19,-12.16,-18.36,-6.57
2026-05-03 16:00:00,domingo,-20.13,-43.14,-41.6,-30.58,-27.34,-8.97,-24.49,-21.99,-36.0,-30.62,-7.77,-20.4,-6.32
2026-05-03 17:00:00,domingo,-20.13,-43.17,-41.58,-30.49,-28.67,-9.16,-23.71,-28.7,-36.44,-30.93,-13.94,-21.99,-7.25
2026-05-03 18:00:00,domingo,-20.15,-42.98,-41.91,-29.8,-29.8,-9.16,-24.06,-25.55,-28.63,-22.86,-11.48,-22.74,-6.13
2026-05-03 19:00:00,domingo,-20.11,-43.02,-42.55,-30.04,-28.73,-9.22,-23.93,-27.23,-37.78,-31.31,-13.18,-21.83,-5.57
2026-05-03 20:00:00,domingo,-20.16,-43.1,-42.7,-29.71,-26.84,-9.16,-23.51,-26.54,-36.55,-30.08,-12.74,-19.49,-6.25
2026-05-03 21:00:00,domingo,-20.11,-43.17,-42.76,-30.01,-28.12,-9.16,-21.83,-21.28,-40.21,-33.81,-6.51,-20.69,-6.67
2026-05-03 22:00:00,domingo,-20.1,-43.07,-43.17,-30.41,-26.89,-9.18,-20.27,-32.86,-36.75,-30.41,-17.14,-19.72,-7.7
2026-05-03 23:00:00,domingo,-20.11,-42.97,-43.52,-30.69,-29.56,-9.17,-18.32,-41.36,-35.48,-29.3,-24.34,-22.51,-6.76
2026-05-04 00:00:00,lunes,-20.1,-43.12,-43.51,-30.33,-26.0,-9.17,-14.01,-40.45,-39.82,-33.68,-20.49,-19.48,-7.55
2026-05-04 01:00:00,lunes,-20.14,-43.19,-42.53,-30.0,-28.55,-9.19,-14.32,-19.29,-42.15,-35.87,0.51,-21.2,-6.05
2026-05-04 02:00:00,lunes,-20.1,-43.25,-41.98,-29.44,-27.97,-9.19,-13.96,-22.42,-44.94,-38.55,-1.52,-19.52,-5.56
2026-05-04 03:00:00,lunes,-20.14,-43.01,-42.09,-29.96,-24.58,-9.16,-15.84,-12.25,-37.75,-31.17,6.88,-17.03,-4.75
2026-05-04 04:00:00,lunes,-20.11,-43.22,-43.82,-29.8,-26.5,-9.2,-16.89,-20.78,-44.19,-37.57,-2.55,-18.55,-7.85
2026-05-04 05:00:00,lunes,-20.12,-43.19,-43.6,-29.92,-28.22,-9.16,-14.46,-26.23,-39.4,-32.79,-5.03,-20.8,-7.65
2026-05-04 06:00:00,lunes,-20.11,-43.3,-42.03,-29.99,-28.49,-9.18,-12.8,-23.76,-44.16,-37.64,-1.2,-20.93,-6.49
2026-05-04 07:00:00,lunes,-20.14,-43.33,-41.96,-29.81,-25.68,-9.16,-10.97,-18.41,-45.48,-39.16,5.73,-17.84,-6.97
2026-05-04 08:00:00,lunes,-20.1,-43.22,-41.95,-29.62,-25.16,-9.19,-10.97,-9.35,-44.46,-38.28,13.48,-17.23,-6.8
2026-05-04 09:00:00,lunes,-20.11,-43.27,-43.16,-29.69,-26.86,-9.18,-12.19,-4.02,-41.9,-35.72,17.2,-18.94,-7.92
2026-05-04 10:00:00,lunes,-20.06,-43.07,-43.68,-29.63,-30.31,-9.15,-12.65,0.0,-44.93,-38.53,19.84,-22.06,-7.44
2026-05-04 11:00:00,lunes,-20.11,-43.05,-43.6,-29.43,-30.02,-9.19,-5.61,0.0,-39.56,-33.75,25.48,-21.48,-8.65
2026-05-04 12:00:00,lunes,-20.09,-43.13,-42.64,-30.59,-28.39,-9.14,-4.48,0.0,-46.01,-39.97,24.67,-21.09,-8.49
2026-05-04 13:00:00,lunes,-20.11,-42.85,-42.53,-30.9,-27.29,-9.2,-2.81,0.0,-39.96,-33.99,24.57,-20.37,-6.78
2026-05-04 14:00:00,lunes,-20.1,-42.94,-43.63,-29.89,-27.78,-9.15,-4.42,0.0,-41.31,-35.26,22.22,-19.94,-8.16
2026-05-04 15:00:00,lunes,-20.08,-43.11,-43.79,-28.82,-24.55,-9.18,-4.52,0.0,-47.45,-41.32,21.8,-15.83,-8.38
2026-05-04 16:00:00,lunes,-20.03,-42.96,-43.46,-27.9,-23.18,-9.17,-3.61,0.0,-31.43,-25.47,22.5,-13.34,-7.91
2026-05-04 17:00:00,lunes,-19.99,-43.35,-43.6,-27.78,-23.64,-9.15,-4.54,0.0,-42.04,-35.69,21.22,-13.33,-8.49
2026-05-04 18:00:00,lunes,-20.05,-43.07,-42.91,-28.21,-25.75,-9.21,-5.45,0.0,-42.81,-35.99,20.41,-16.53,-8.33
2026-05-04 19:00:00,lunes,-20.08,-42.89,-43.17,-28.17,-27.25,-9.19,-3.83,0.0,-38.36,-31.27,21.38,-17.83,-9.05
2026-05-04 20:00:00,lunes,-20.03,-43.17,-42.09,-28.52,-28.28,-9.17,-4.18,0.0,-43.29,-36.41,20.44,-19.32,-8.22
2026-05-04 21:00:00,lunes,-20.06,-43.07,-41.95,-28.52,-30.01,-9.18,-3.79,0.0,-37.21,-30.68,20.7,-21.09,-8.03
2026-05-04 22:00:00,lunes,-20.05,-42.99,-41.96,-28.76,-28.13,-9.16,-3.09,0.0,-39.68,-33.01,21.14,-19.72,-7.25
2026-05-04 23:00:00,lunes,-20.07,-42.85,-41.97,-29.78,-26.04,-9.2,-2.88,0.0,-37.87,-31.44,21.12,-18.17,-7.01
2026-05-05 00:00:00,martes,-20.07,-42.75,-41.94,-29.87,-29.0,-9.17,-3.91,0.0,-34.65,-28.04,20.09,-20.82,-6.13
2026-05-05 01:00:00,martes,-20.08,-42.78,-41.54,-29.88,-29.15,-9.14,-3.96,0.0,-37.93,-31.28,19.91,-21.06,-6.46
2026-05-05 02:00:00,martes,-20.08,-42.71,-41.23,-29.97,-29.23,-9.2,-2.91,0.0,-38.68,-32.14,20.56,-21.15,-5.48
2026-05-05 03:00:00,martes,-20.1,-42.71,-41.95,-30.01,-28.28,-9.15,-2.76,0.0,-33.49,-26.97,19.54,-20.36,-6.02
2026-05-05 04:00:00,martes,-20.09,-43.0,-41.96,-29.88,-28.06,-9.21,-4.49,0.0,-41.04,-34.46,17.36,-19.88,-6.64
2026-05-05 05:00:00,martes,-20.09,-42.71,-41.97,-29.95,-27.57,-9.14,-5.2,0.0,-33.67,-27.52,14.79,-19.92,-6.57
2026-05-05 06:00:00,martes,-20.11,-43.05,-42.0,-29.89,-28.4,-9.2,-0.03,0.0,-44.5,-38.16,16.1,-20.51,-6.52
2026-05-05 07:00:00,martes,-20.09,-42.9,-41.93,-29.83,-27.79,-9.17,0.0,0.0,-38.77,-32.49,15.46,-19.99,-5.49
2026-05-05 08:00:00,martes,-20.07,-42.8,-41.99,-29.62,-28.1,-9.17,0.0,0.0,-37.9,-31.44,14.77,-20.05,-6.34
2026-05-05 09:00:00,martes,-20.07,-42.84,-41.92,-29.47,-30.15,-9.14,0.0,0.0,-42.71,-36.28,13.56,-22.06,-6.42
2026-05-05 10:00:00,martes,-20.08,-42.85,-41.98,-29.62,-28.71,-9.21,0.0,0.0,-45.61,-38.94,13.12,-20.96,-6.5
2026-05-05 11:00:00,martes,-20.07,-42.88,-41.95,-29.35,-27.55,-9.14,0.0,0.0,-44.31,-37.84,12.69,-19.73,-6.77
2026-05-05 12:00:00,martes,-20.03,-42.81,-41.93,-29.45,-28.06,-9.15,0.0,0.0,-44.8,-38.09,11.97,-20.41,-7.03
2026-05-05 13:00:00,martes,-20.01,-42.78,-42.21,-29.66,-28.6,-9.16,0.0,0.0,-41.41,-34.82,11.65,-21.03,-6.62
2026-05-05 14:00:00,martes,-19.97,-43.03,-42.57,-29.64,-29.64,-9.18,0.0,0.0,-50.6,-44.38,11.31,-21.8,-7.27
2026-05-05 15:00:00,martes,-20.04,-42.94,-42.61,-29.67,-27.89,-9.22,0.0,0.0,-49.58,-42.93,10.95,-19.97,-7.43
2026-05-05 16:00:00,martes,-20.03,-42.86,-42.22,-29.62,-27.38,-9.15,0.0,0.0,-39.92,-33.63,11.1,-19.71,-7.34
2026-05-05 17:00:00,martes,-20.03,-42.84,-42.59,-29.31,-29.73,-9.17,0.0,0.0,-41.13,-34.76,11.28,-21.53,-7.91
2026-05-05 18:00:00,martes,-20.04,-42.84,-42.5,-29.48,-29.62,-9.17,0.0,0.0,-45.12,-38.23,11.24,-20.77,-7.75
2026-05-05 19:00:00,martes,-20.05,-43.0,-42.18,-29.75,-30.16,-9.18,0.0,0.0,-46.77,-39.76,11.3,-22.29,-6.86
2026-05-05 20:00:00,martes,-20.06,-42.92,-41.92,-29.55,-31.36,-9.18,0.0,0.0,-47.47,-40.68,11.26,-23.31,-7.37
2026-05-05 21:00:00,martes,-20.05,-42.31,-41.6,-28.69,-30.59,-9.15,0.0,0.0,-33.61,-26.74,11.09,-21.75,-6.09
2026-05-05 22:00:00,martes,-20.06,-42.45,-42.51,-28.96,-31.44,-9.21,0.0,0.0,-36.09,-29.44,10.69,-22.62,-6.68
2026-05-05 23:00:00,martes,-20.06,-42.35,-42.97,-28.68,-28.42,-9.13,0.0,0.0,-33.37,-27.15,10.72,-19.14,-8.21
2026-05-06 00:00:00,miércoles,-20.05,-42.51,-42.91,-28.18,-29.66,-9.27,0.0,0.0,-39.86,-33.3,10.76,-19.08,-6.94
2026-05-06 01:00:00,miércoles,-20.08,-42.42,-42.88,-28.93,-29.87,-9.13,0.0,0.0,-35.61,-29.09,10.67,-20.01,-7.09
2026-05-06 02:00:00,miércoles,-20.07,-42.69,-42.99,-29.73,-29.4,-9.17,0.0,0.0,-39.14,-32.91,10.65,-21.12,-8.36
2026-05-06 03:00:00,miércoles,-20.09,-42.42,-42.91,-29.43,-26.38,-9.23,0.0,0.0,-35.31,-29.03,10.84,-17.89,-7.52
2026-05-06 04:00:00,miércoles,-19.87,-42.5,-42.89,-29.27,-29.47,-9.08,0.0,0.0,-37.37,-31.09,10.8,-20.36,-7.25
2026-05-06 05:00:00,miércoles,-20.08,-42.58,-42.97,-29.9,-30.91,-9.2,0.0,0.0,-40.95,-34.59,10.27,-22.88,-8.0
2026-05-06 06:00:00,miércoles,-20.09,-42.64,-42.95,-29.66,-28.85,-9.17,0.0,0.0,-39.97,-33.71,9.8,-20.3,-8.28
2026-05-06 07:00:00,miércoles,-20.08,-42.78,-43.0,-29.6,-21.31,-9.18,0.0,0.0,-40.19,-33.8,9.54,-13.53,-9.32
2026-05-06 08:00:00,miércoles,-19.96,-42.54,-42.33,-29.61,-27.5,-9.15,0.0,0.0,-39.37,-32.97,9.43,-19.99,-9.01
2026-05-06 09:00:00,miércoles,-20.06,-42.59,-41.95,-29.36,-33.31,-9.19,0.0,0.0,-37.39,-30.93,9.23,-25.38,-8.9
2026-05-06 10:00:00,miércoles,-19.94,-41.73,-43.41,-28.0,-34.22,-9.15,0.0,0.0,-42.12,-35.65,8.73,-24.49,-12.05
2026-05-06 11:00:00,miércoles,-19.92,-42.42,-43.71,-29.2,-31.48,-9.19,0.0,0.0,-45.19,-38.65,8.3,-22.84,-14.9
2026-05-06 12:00:00,miércoles,-19.9,-41.13,-42.31,-29.47,-32.83,-9.16,0.0,0.0,-52.15,-45.74,8.27,-23.33,-12.48
2026-05-06 13:00:00,miércoles,-19.91,-42.64,-41.06,-29.77,-32.69,-9.18,0.0,0.0,-46.72,-40.4,8.09,-23.54,-13.29
2026-05-06 14:00:00,miércoles,-19.9,-42.86,-40.78,-29.23,-33.43,-9.17,0.0,0.0,-44.25,-37.94,8.02,-24.36,-11.7
2026-05-06 15:00:00,miércoles,-19.9,-41.89,-39.74,-29.53,-28.85,-9.18,0.0,0.0,-47.82,-41.29,7.95,-20.2,-6.92
2026-05-06 16:00:00,miércoles,-19.9,-41.73,-40.64,-29.44,-29.71,-9.18,0.0,0.0,-49.72,-42.98,7.39,-22.12,-6.99
2026-05-06 17:00:00,miércoles,-19.92,-42.03,-40.77,-29.13,-17.84,-9.19,0.0,0.0,-39.64,-33.06,6.59,-10.41,-7.17
2026-05-06 18:00:00,miércoles,-20.03,-42.76,-41.21,-29.66,-22.31,-9.24,0.0,0.0,-40.96,-34.33,6.34,-14.53,-8.11
2026-05-06 19:00:00,miércoles,-20.03,-42.49,-41.31,-29.52,-28.4,-9.19,0.0,0.0,-39.89,-32.93,6.42,-19.94,-5.83
2026-05-06 20:00:00,miércoles,-20.05,-42.85,-40.72,-29.62,-30.24,-9.17,0.0,0.0,-38.47,-32.0,6.39,-21.92,-6.13
2026-05-06 21:00:00,miércoles,-20.06,-42.7,-40.81,-29.44,-30.02,-9.19,0.0,0.0,-44.43,-37.88,6.34,-21.67,-7.53
2026-05-06 22:00:00,miércoles,-20.03,-42.74,-40.22,-29.59,-28.55,-9.17,0.0,0.0,-39.1,-32.52,6.3,-19.93,-6.54
2026-05-06 23:00:00,miércoles,-20.07,-42.64,-40.75,-29.29,-25.02,-9.17,0.0,0.0,-42.26,-35.83,6.11,-16.35,-6.64
2026-05-07 00:00:00,jueves,-20.05,-41.63,-37.15,-29.72,-24.44,-9.17,0.0,0.0,-22.69,-16.35,6.03,-16.67,-3.67
2026-05-07 01:00:00,jueves,-20.05,-42.71,-31.51,-29.6,-24.26,-9.18,0.0,0.0,-20.5,-14.23,6.05,-15.95,-0.13
2026-05-07 02:00:00,jueves,-20.07,-43.06,-34.61,-29.64,-24.94,-9.21,0.0,0.0,-29.97,-23.91,6.18,-16.23,-4.18
2026-05-07 03:00:00,jueves,-20.06,-42.56,-38.35,-29.54,-25.08,-9.15,0.0,0.0,-19.74,-13.57,6.13,-16.52,-6.35
2026-05-07 04:00:00,jueves,-20.03,-42.45,-36.83,-29.66,-25.46,-9.18,0.0,0.0,-18.51,-12.37,6.19,-17.15,-4.48
2026-05-07 05:00:00,jueves,-20.07,-41.2,-33.76,-29.65,-25.27,-9.15,0.0,0.0,-13.19,-6.98,6.15,-16.96,0.84
2026-05-07 06:00:00,jueves,-20.06,-42.97,-34.24,-29.48,-24.52,-9.16,0.0,0.0,-15.3,-9.14,6.12,-16.09,-2.13
2026-05-07 07:00:00,jueves,-20.01,-43.43,-37.64,-29.65,-23.95,-9.19,0.0,0.0,-20.95,-14.56,6.14,-15.59,-5.16
2026-05-07 08:00:00,jueves,-20.04,-42.58,-36.76,-29.65,-24.19,-9.17,0.0,0.0,-20.0,-13.71,6.11,-16.6,-3.46
2026-05-07 09:00:00,jueves,-20.03,-42.98,-37.4,-29.48,-26.87,-9.09,0.0,0.0,-19.85,-13.88,6.03,-19.45,-5.84
2026-05-07 10:00:00,jueves,-20.02,-43.04,-37.63,-29.4,-24.24,-9.23,0.0,0.0,-21.35,-15.46,5.95,-16.57,-4.99
2026-05-07 11:00:00,jueves,-19.98,-43.24,-37.62,-29.36,-20.62,-9.16,0.0,0.0,-24.29,-18.38,6.03,-13.86,-4.86
2026-05-07 12:00:00,jueves,-19.86,-42.56,-37.71,-29.52,-21.06,-9.17,0.0,0.0,-17.34,-11.46,5.95,-14.25,-4.06
2026-05-07 13:00:00,jueves,-20.02,-42.64,-38.26,-29.76,-24.25,-9.14,0.0,0.0,-22.08,-16.12,5.93,-17.72,-4.34
2026-05-07 14:00:00,jueves,-20.04,-42.87,-38.18,-29.33,-22.15,-9.18,0.0,0.0,-25.22,-19.2,5.98,-14.92,-5.02
2026-05-07 15:00:00,jueves,-19.97,-43.08,-38.14,-29.65,-22.15,-9.13,0.0,0.0,-27.92,-21.55,5.89,-14.65,-5.17
2026-05-07 16:00:00,jueves,-20.06,-42.63,-38.24,-29.45,-25.16,-9.17,0.0,0.0,-21.53,-15.32,5.88,-17.21,-4.8
2026-05-07 17:00:00,jueves,-20.04,-42.63,-38.49,-30.01,-28.91,-9.17,0.0,0.0,-22.61,-16.41,6.02,-21.52,-5.02
2026-05-07 18:00:00,jueves,-20.11,-42.58,-41.08,-29.7,-31.83,-9.18,0.0,0.0,-22.27,-15.99,5.96,-24.3,-6.31
2026-05-07 19:00:00,jueves,-20.07,-42.88,-41.23,-29.44,-32.35,-9.16,0.0,0.0,-27.16,-21.04,6.08,-24.12,-8.75
2026-05-07 20:00:00,jueves,-20.05,-43.2,-40.26,-29.75,-31.91,-9.19,0.0,0.0,-34.4,-28.33,6.04,-23.6,-7.38
2026-05-07 21:00:00,jueves,-20.05,-43.38,-39.99,-29.48,-32.19,-9.18,0.0,0.0,-43.35,-37.09,5.95,-23.6,-5.59
2026-05-07 22:00:00,jueves,-20.07,-42.96,-40.03,-29.67,-31.59,-9.19,0.0,0.0,-45.08,-38.52,5.94,-23.47,-5.57
2026-05-07 23:00:00,jueves,-20.06,-42.96,-40.0,-29.51,-29.33,-9.15,0.0,0.0,-41.31,-34.42,5.86,-20.93,-4.4
2026-05-08 00:00:00,viernes,-20.06,-42.86,-40.0,-29.56,-29.2,-9.2,0.0,0.0,-42.37,-36.0,5.59,-20.84,-4.15
2026-05-08 01:00:00,viernes,-20.05,-42.89,-40.21,-29.58,-28.19,-9.19,0.0,0.0,-38.9,-32.69,5.55,-20.18,-4.24
2026-05-08 02:00:00,viernes,-20.09,-42.84,-41.3,-29.54,-29.9,-9.18,0.0,0.0,-40.08,-33.86,5.46,-21.59,-5.16
2026-05-08 03:00:00,viernes,-20.07,-42.81,-41.22,-29.41,-27.07,-9.19,0.0,0.0,-39.06,-32.79,5.33,-18.5,-4.75
2026-05-08 04:00:00,viernes,-20.06,-42.91,-41.86,-29.89,-27.58,-9.16,0.0,0.0,-39.79,-33.22,5.31,-19.51,-5.53
2026-05-08 05:00:00,viernes,-20.05,-42.98,-42.0,-29.61,-28.68,-9.17,0.0,0.0,-43.3,-36.56,5.27,-20.66,-5.07
2026-05-08 06:00:00,viernes,-20.07,-42.81,-42.75,-29.69,-29.46,-9.19,0.0,0.0,-37.2,-30.52,5.25,-21.43,-6.58
2026-05-08 07:00:00,viernes,-20.09,-42.96,-42.76,-29.48,-25.0,-9.16,0.0,0.0,-37.44,-31.11,5.29,-16.23,-7.57
2026-05-08 08:00:00,viernes,-20.06,-42.69,-41.82,-29.23,-26.55,-9.2,0.0,0.0,-35.6,-29.69,5.35,-17.52,-6.51
2026-05-08 09:00:00,viernes,-20.09,-42.14,-42.16,-29.34,-24.32,-9.2,0.0,0.0,-25.9,-20.29,5.33,-15.53,-5.75
2026-05-08 10:00:00,viernes,-20.09,-42.63,-43.35,-29.31,-22.17,-9.13,0.0,0.0,-28.12,-22.6,0.0,-13.43,-8.6
2026-05-08 11:00:00,viernes,-20.1,-42.54,-43.48,-29.44,-25.72,-9.17,0.0,0.0,-24.9,-19.28,0.0,-17.91,-7.68
2026-05-08 12:00:00,viernes,-20.09,-42.4,-43.34,-29.41,-25.34,-9.13,0.0,0.0,-22.81,-17.48,0.0,-17.45,-8.73
2026-05-08 13:00:00,viernes,-20.11,-42.66,-43.54,-29.5,-26.3,-9.23,0.0,0.0,-31.51,-25.76,0.0,-18.59,-8.43
2026-05-08 14:00:00,viernes,-20.06,-42.46,-43.42,-29.55,-25.7,-9.19,0.0,0.0,-30.96,-25.12,0.0,-18.45,-7.02
2026-05-08 15:00:00,viernes,-20.08,-42.33,-43.32,-29.21,-25.25,-9.15,0.0,0.0,-26.28,-20.93,0.0,-17.76,-6.76
2026-05-08 16:00:00,viernes,-20.07,-39.68,-43.33,-29.44,-23.13,-9.22,0.0,0.0,-31.57,-25.98,0.0,-15.54,-5.57
2026-05-08 17:00:00,viernes,-20.07,-42.15,-43.35,-29.48,-24.86,-9.18,0.0,0.0,-37.64,-31.35,0.0,-16.78,-7.14
2026-05-08 18:00:00,viernes,-20.09,-42.62,-43.58,-29.49,-26.71,-9.23,0.0,0.0,-42.5,-36.04,0.0,-18.65,-7.51
2026-05-08 19:00:00,viernes,-20.11,-42.48,-43.46,-29.18,-24.99,-9.15,0.0,0.0,-44.48,-37.76,4.97,-17.89,-7.13
2026-05-08 20:00:00,viernes,-20.08,-42.31,-43.35,-29.63,-24.22,-9.2,0.0,0.0,-40.29,-33.67,5.02,-17.03,-6.97
2026-05-08 21:00:00,viernes,-20.12,-42.6,-42.77,-29.78,-25.76,-9.16,0.0,0.0,-43.16,-37.04,4.91,-18.68,-7.5
2026-05-08 22:00:00,viernes,-20.07,-42.56,-42.17,-30.03,-26.68,-9.19,0.0,0.0,-45.4,-39.17,4.93,-19.75,-5.89
2026-05-08 23:00:00,viernes,-20.11,-42.69,-41.34,-30.0,-23.77,-9.13,0.0,0.0,-44.26,-37.78,4.96,-16.06,-5.56
2026-05-09 00:00:00,sábado,-20.07,-41.59,-40.88,-30.24,-26.93,-9.17,0.0,0.0,-30.23,-23.74,4.95,-19.46,-4.96
2026-05-09 01:00:00,sábado,-20.1,-41.94,-40.82,-29.88,-28.42,-9.18,0.0,0.0,-16.33,-10.13,4.95,-20.83,-6.05
2026-05-09 02:00:00,sábado,-20.1,-43.58,-40.91,-30.05,-27.1,-9.16,0.0,0.0,-29.66,-23.4,4.94,-19.62,-7.42
2026-05-09 03:00:00,sábado,-20.09,-43.4,-40.76,-29.95,-27.52,-9.17,0.0,0.0,-31.17,-24.76,4.92,-19.86,-6.96
2026-05-09 04:00:00,sábado,-20.1,-43.56,-40.87,-30.27,-28.85,-9.24,0.0,0.0,-32.07,-25.9,5.01,-21.08,-6.93
2026-05-09 05:00:00,sábado,-20.13,-43.68,-40.78,-30.06,-28.36,-9.16,0.0,0.0,-38.38,-31.81,4.99,-20.91,-6.37
2026-05-09 06:00:00,sábado,-20.09,-43.4,-40.82,-30.1,-25.47,-9.18,0.0,0.0,-29.94,-23.41,4.94,-18.11,-6.01
2026-05-09 07:00:00,sábado,-20.1,-43.69,-40.8,-29.98,-23.84,-9.18,0.0,0.0,-35.57,-29.53,4.98,-16.19,-5.91
2026-05-09 08:00:00,sábado,-20.13,-43.81,-40.76,-29.79,-25.04,-9.18,0.0,0.0,-43.47,-37.27,4.67,-17.21,-5.95
2026-05-09 09:00:00,sábado,-20.18,-43.68,-40.88,-29.57,-21.31,-9.14,0.0,0.0,-38.6,-32.88,4.11,-13.58,-6.26
2026-05-09 10:00:00,sábado,-20.17,-43.82,-40.86,-29.38,-24.08,-9.1,0.0,0.0,-38.24,-32.53,3.86,-15.56,-6.54
2026-05-09 11:00:00,sábado,-20.17,-43.63,-41.58,-29.0,-23.57,-9.17,0.0,0.0,-34.73,-28.96,3.7,-15.88,-6.57
2026-05-09 12:00:00,sábado,-20.16,-43.58,-43.32,-29.25,-20.03,-9.31,0.0,0.0,-34.86,-29.15,3.59,-12.56,-9.13
2026-05-09 13:00:00,sábado,-20.13,-43.7,-42.47,-29.24,-20.96,-9.13,0.0,0.0,-40.77,-35.06,3.65,-12.96,-8.7
2026-05-09 14:00:00,sábado,-20.15,-43.64,-42.61,-29.44,-23.7,-9.19,0.0,0.0,-32.55,-27.1,3.66,-15.97,-8.77
2026-05-09 15:00:00,sábado,-20.13,-43.77,-42.6,-29.37,-21.34,-9.09,0.0,0.0,-37.45,-31.64,3.77,-13.35,-8.12
2026-05-09 16:00:00,sábado,-20.13,-43.63,-42.64,-29.58,-24.16,-9.23,0.0,0.0,-34.28,-28.62,3.79,-16.72,-7.71
2026-05-09 17:00:00,sábado,-20.14,-43.63,-42.55,-29.25,-25.13,-9.13,0.0,0.0,-35.21,-29.62,3.49,-18.04,-7.88
2026-05-09 18:00:00,sábado,-20.15,-43.66,-42.33,-29.43,-28.06,-9.21,0.0,0.0,-44.14,-37.81,3.62,-20.12,-8.64
2026-05-09 19:00:00,sábado,-20.15,-43.57,-42.7,-29.49,-27.49,-9.17,0.0,0.0,-43.96,-37.49,3.94,-19.22,-7.67
2026-05-09 20:00:00,sábado,-20.14,-43.65,-43.14,-29.47,-26.01,-9.2,0.0,0.0,-46.21,-39.85,3.76,-17.64,-8.01
2026-05-09 21:00:00,sábado,-20.14,-43.64,-43.05,-29.44,-26.8,-9.13,0.0,0.0,-45.93,-39.58,3.93,-18.67,-8.32
2026-05-09 22:00:00,sábado,-20.07,-43.95,-43.17,-29.59,-27.72,-9.21,0.0,0.0,-41.83,-35.51,3.92,-19.9,-9.29
2026-05-09 23:00:00,sábado,-19.99,-44.11,-43.17,-29.76,-24.87,-9.16,0.0,0.0,-49.74,-43.31,3.85,-16.66,-8.51
2026-05-10 00:00:00,domingo,-20.02,-44.02,-43.18,-29.93,-26.82,-9.16,0.0,0.0,-44.99,-38.25,3.86,-19.08,-9.31
2026-05-10 01:00:00,domingo,-20.04,-44.16,-43.14,-29.78,-28.37,-9.16,0.0,0.0,-50.05,-43.35,3.87,-20.48,-9.3
2026-05-10 02:00:00,domingo,-20.07,-44.6,-43.0,-29.85,-29.03,-9.12,0.0,0.0,-47.38,-41.03,3.92,-21.03,-9.19
2026-05-10 03:00:00,domingo,-20.12,-43.83,-43.17,-29.49,-28.14,-9.15,0.0,0.0,-36.18,-30.01,3.89,-20.1,-8.09
2026-05-10 04:00:00,domingo,-20.13,-43.81,-43.17,-29.85,-28.62,-9.18,0.0,0.0,-35.9,-29.73,3.77,-21.45,-7.97
2026-05-10 05:00:00,domingo,-20.17,-43.79,-43.21,-29.77,-31.26,-9.18,0.0,0.0,-32.33,-26.17,3.15,-23.85,-8.47
2026-05-10 06:00:00,domingo,-20.17,-44.15,-43.25,-29.94,-30.73,-9.15,0.0,0.0,-43.35,-36.83,2.27,-23.02,-9.27
2026-05-10 07:00:00,domingo,-20.19,-43.97,-43.19,-29.74,-28.97,-9.19,0.0,0.0,-39.7,-33.16,2.04,-21.17,-8.69
2026-05-10 08:00:00,domingo,-20.19,-43.9,-43.16,-29.56,-30.01,-9.21,0.0,0.0,-38.58,-32.4,0.38,-21.82,-8.8
2026-05-10 09:00:00,domingo,-20.19,-43.83,-43.18,-29.22,-29.28,-9.15,0.0,0.0,-39.0,-32.86,0.0,-21.15,-8.11
2026-05-10 10:00:00,domingo,-20.2,-43.91,-43.21,-29.83,-24.95,-9.19,0.0,0.0,-32.42,-26.88,0.0,-17.45,-10.11
2026-05-10 11:00:00,domingo,-20.17,-44.16,-43.2,-29.75,-22.28,-9.27,0.0,0.0,-35.39,-29.97,0.0,-14.59,-10.06
2026-05-10 12:00:00,domingo,-20.15,-44.05,-43.19,-29.73,-21.8,-9.18,0.0,0.0,-32.25,-26.78,0.0,-13.81,-10.24
2026-05-10 13:00:00,domingo,-20.13,-44.09,-43.27,-29.78,-22.51,-9.16,0.0,0.0,-30.16,-24.79,0.0,-15.48,-10.05
2026-05-10 14:00:00,domingo,-20.1,-44.23,-43.2,-29.61,-22.37,-9.15,0.0,0.0,-31.94,-26.53,0.0,-15.19,-10.21
2026-05-10 15:00:00,domingo,-20.1,-43.94,-41.93,-29.47,-22.24,-9.16,0.0,0.0,-30.76,-25.3,0.0,-14.97,-8.14
2026-05-10 16:00:00,domingo,-20.06,-43.85,-41.03,-29.63,-22.37,-9.17,0.0,0.0,-34.37,-28.88,0.0,-15.69,-7.0
2026-05-10 17:00:00,domingo,-20.08,-43.79,-42.26,-29.35,-22.73,-9.15,0.0,0.0,-34.03,-28.55,0.0,-15.72,-8.43
2026-05-10 18:00:00,domingo,-20.06,-43.53,-42.82,-29.43,-25.21,-9.2,0.0,0.0,-34.69,-28.49,0.0,-18.35,-8.7
2026-05-10 19:00:00,domingo,-20.01,-43.7,-42.84,-29.63,-26.36,-9.19,0.0,0.0,-44.98,-38.35,0.0,-18.15,-8.22
2026-05-10 20:00:00,domingo,-20.06,-43.66,-43.44,-29.77,-28.7,-9.16,0.0,0.0,-48.88,-42.13,0.0,-20.54,-8.57
2026-05-10 21:00:00,domingo,-20.08,-43.58,-42.98,-29.85,-27.76,-9.18,0.0,0.0,-45.8,-38.98,0.0,-19.92,-7.8
2026-05-10 22:00:00,domingo,-20.07,-43.58,-43.35,-29.76,-28.48,-9.12,0.0,0.0,-44.41,-38.04,0.63,-20.96,-8.84
2026-05-10 23:00:00,domingo,-20.08,-43.57,-43.43,-29.97,-25.22,-9.21,0.0,0.0,-43.76,-37.52,1.46,-18.03,-8.61
2026-05-11 00:00:00,lunes,-20.09,-43.55,-43.32,-29.76,-25.99,-9.2,0.0,0.0,-43.63,-37.07,1.65,-18.61,-8.59
2026-05-11 01:00:00,lunes,-20.12,-43.43,-42.37,-29.87,-27.86,-9.15,0.0,0.0,-41.75,-35.09,1.65,-20.79,-7.94
2026-05-11 02:00:00,lunes,-20.11,-43.39,-41.67,-29.85,-28.41,-9.16,0.0,0.0,-43.51,-36.91,1.64,-21.36,-6.78
2026-05-11 03:00:00,lunes,-20.08,-43.39,-41.96,-29.49,-28.52,-9.22,0.0,0.0,-43.53,-36.74,1.63,-21.08,-7.07
2026-05-11 04:00:00,lunes,-20.06,-43.33,-42.03,-29.8,-28.51,-9.16,0.0,0.0,-42.98,-36.44,1.72,-20.92,-6.93
2026-05-11 05:00:00,lunes,-20.02,-43.43,-42.14,-29.58,-28.81,-9.15,0.0,0.0,-46.07,-39.62,2.16,-20.61,-6.99
2026-05-11 06:00:00,lunes,-20.05,-43.31,-42.49,-29.66,-28.12,-9.21,0.0,0.0,-39.81,-33.64,2.6,-20.43,-6.95
2026-05-11 07:00:00,lunes,-20.08,-43.4,-42.48,-29.6,-25.09,-9.27,0.0,0.0,-43.61,-37.35,2.86,-17.35,-7.03
2026-05-11 08:00:00,lunes,-20.04,-43.3,-42.0,-29.51,-27.48,-9.2,0.0,0.0,-41.5,-35.32,2.82,-19.02,-6.4
2026-05-11 09:00:00,lunes,-20.07,-43.21,-41.94,-29.37,-26.83,-9.14,0.0,0.0,-40.17,-34.28,2.73,-18.48,-6.32
2026-05-11 10:00:00,lunes,-20.07,-43.47,-42.09,-29.49,-23.76,-9.13,0.0,0.0,-35.48,-29.89,2.87,-15.74,-7.29
2026-05-11 11:00:00,lunes,-20.06,-43.28,-42.44,-29.55,-22.51,-9.16,0.0,0.0,-27.44,-21.92,2.42,-15.41,-5.98
2026-05-11 12:00:00,lunes,-20.05,-43.42,-43.53,-29.39,-24.25,-9.19,0.0,0.0,-28.67,-23.2,2.36,-16.72,-8.21
2026-05-11 13:00:00,lunes,-20.06,-43.3,-44.07,-29.65,-22.87,-9.18,0.0,0.0,-24.12,-18.66,2.28,-15.32,-9.01
2026-05-11 14:00:00,lunes,-20.05,-43.31,-43.96,-29.42,-28.44,-9.21,0.0,0.0,-30.24,-24.77,2.27,-20.01,-8.09
2026-05-11 15:00:00,lunes,-20.04,-43.36,-44.1,-29.54,-28.83,-9.15,0.0,0.0,-31.32,-25.49,2.24,-20.4,-8.21
2026-05-11 16:00:00,lunes,-20.02,-43.29,-44.04,-29.78,-30.93,-9.21,0.0,0.0,-31.4,-25.39,2.15,-22.8,-8.14
2026-05-11 17:00:00,lunes,-20.03,-43.53,-43.89,-29.36,-31.24,-9.12,0.0,0.0,-38.52,-32.55,2.16,-22.61,-9.53
2026-05-11 18:00:00,lunes,-20.0,-43.69,-43.77,-29.37,-32.32,-9.21,0.0,0.0,-41.93,-35.69,2.34,-23.74,-7.77
2026-05-11 19:00:00,lunes,-20.02,-43.59,-44.07,-29.32,-28.35,-9.17,0.0,0.0,-37.38,-30.92,2.72,-20.05,-8.26
2026-05-11 20:00:00,lunes,-20.02,-43.66,-44.16,-29.38,-30.31,-9.17,0.0,0.0,-40.92,-34.53,2.56,-22.22,-8.97
2026-05-11 21:00:00,lunes,-20.0,-43.54,-44.08,-29.48,-29.16,-9.18,0.0,0.0,-40.33,-33.87,2.43,-21.27,-8.26
2026-05-11 22:00:00,lunes,-20.02,-43.64,-44.12,-28.37,-31.12,-9.21,0.0,0.0,-45.11,-38.68,2.37,-22.13,-8.42
2026-05-11 23:00:00,lunes,-20.03,-43.6,-44.12,-28.1,-29.83,-9.15,0.0,0.0,-44.83,-38.41,2.55,-20.73,-9.3
2026-05-12 00:00:00,martes,-19.91,-43.2,-43.94,-27.69,-30.38,-9.21,0.0,0.0,-44.94,-38.62,2.46,-20.12,-10.59
2026-05-12 01:00:00,martes,-19.59,-43.86,-40.06,-28.28,-32.38,-9.07,0.0,0.0,-56.47,-49.94,2.55,-22.21,-8.19
2026-05-12 02:00:00,martes,-18.23,-44.31,-39.99,-29.73,-33.36,-9.18,0.0,0.0,-48.87,-42.29,2.53,-24.3,-7.38
2026-05-12 03:00:00,martes,-18.49,-43.7,-39.56,-29.14,-26.75,-9.16,0.0,0.0,-34.26,-27.5,2.72,-18.08,-5.89
2026-05-12 04:00:00,martes,-20.02,-42.74,-39.09,-29.05,-28.43,-9.18,0.0,0.0,-20.54,-14.22,2.61,-19.67,-7.7
2026-05-12 05:00:00,martes,-20.02,-40.39,-38.42,-29.51,-33.88,-9.18,0.0,0.0,-15.48,-9.36,2.74,-25.45,-5.88
2026-05-12 06:00:00,martes,-20.06,-40.55,-33.96,-29.95,-33.02,-9.16,0.0,0.0,-31.49,-25.28,2.62,-24.63,-3.9
2026-05-12 07:00:00,martes,-20.1,-39.27,-3.71,-29.52,-31.32,-9.18,0.0,0.0,-34.46,-28.05,2.84,-22.64,24.97
2026-05-12 08:00:00,martes,-20.09,-37.64,0.0,-29.17,-30.46,-9.18,0.0,0.0,-18.03,-11.96,2.75,-21.68,29.89
2026-05-12 09:00:00,martes,-20.09,-37.78,0.0,-29.21,-30.81,-9.18,0.0,0.0,-17.58,-11.91,2.61,-22.08,27.1
2026-05-12 10:00:00,martes,-20.07,-31.93,0.0,-29.2,-30.3,-9.16,0.0,0.0,-48.32,-42.21,2.83,-22.04,19.01
2026-05-12 11:00:00,martes,-20.11,-27.7,0.0,-29.18,-29.57,-9.18,0.0,0.0,-39.27,-33.15,2.78,-21.67,6.88
2026-05-12 12:00:00,martes,-20.06,-28.58,0.0,-29.45,-30.72,-9.2,0.0,0.0,-15.19,-9.35,2.4,-23.13,2.87
2026-05-12 13:00:00,martes,-20.06,-28.29,0.0,-29.44,-32.95,-9.08,0.0,0.0,-17.74,-11.76,1.95,-25.47,2.69
2026-05-12 14:00:00,martes,-20.06,-29.9,0.0,-29.59,-33.29,-9.22,0.0,0.0,-17.95,-11.95,1.8,-26.52,0.23
2026-05-12 15:00:00,martes,-20.05,-31.32,0.0,-29.53,-30.96,-9.17,0.0,0.0,-27.22,-20.9,1.77,-23.62,-0.15
2026-05-12 16:00:00,martes,-20.05,-32.92,0.0,-29.59,-32.48,-9.14,0.0,0.0,-37.36,-30.76,2.28,-24.22,-1.97
2026-05-12 17:00:00,martes,-20.01,-33.18,0.0,-29.83,-35.17,-9.2,0.0,0.0,-54.91,-48.26,2.5,-26.77,-0.25
2026-05-12 18:00:00,martes,-19.94,-36.17,0.0,-29.58,-32.3,-9.21,0.0,0.0,-54.67,-48.32,2.57,-23.76,-2.09
2026-05-12 19:00:00,martes,-20.01,-35.51,-1.48,-29.38,-30.73,-9.16,0.0,0.0,-30.36,-23.94,2.68,-22.03,-0.23
2026-05-12 20:00:00,martes,-19.97,-29.43,-15.65,-29.53,-32.19,-9.19,0.0,0.0,-25.71,-19.33,2.62,-23.87,-6.36
2026-05-12 21:00:00,martes,-20.06,-25.17,-19.44,-29.37,-30.3,-9.2,0.0,0.0,-34.85,-28.63,2.63,-22.4,-4.58
2026-05-12 22:00:00,martes,-20.09,-24.32,-23.8,-29.45,-31.02,-9.14,0.0,0.0,-54.99,-48.06,2.69,-23.15,-1.85
2026-05-12 23:00:00,martes,-20.0,-37.57,-25.72,-29.54,-28.43,-9.2,0.0,0.0,-50.46,-44.01,2.75,-20.56,-9.61
2026-05-13 00:00:00,miércoles,-19.99,-38.57,-27.72,-29.55,-31.76,-9.16,0.0,0.0,-56.77,-50.21,2.64,-23.53,-8.21
2026-05-13 01:00:00,miércoles,-19.71,-42.17,-24.44,-29.56,-29.84,-9.18,0.0,0.0,-53.73,-46.91,2.33,-21.09,-6.91
2026-05-13 02:00:00,miércoles,-17.77,-43.49,-22.57,-29.55,-30.08,-9.18,0.0,0.0,-60.44,-53.67,2.76,-21.34,-0.87
2026-05-13 03:00:00,miércoles,-15.0,-42.97,-29.77,-29.49,-29.19,-9.19,0.0,0.0,-37.85,-31.53,2.73,-20.57,-3.24
2026-05-13 04:00:00,miércoles,-15.52,-43.17,-29.18,-29.65,-31.58,-9.18,0.0,0.0,-31.51,-25.41,2.84,-23.15,1.57
2026-05-13 05:00:00,miércoles,-16.31,-42.64,-36.01,-29.48,-31.64,-9.17,0.0,0.0,-20.59,-14.72,2.98,-22.97,-5.0
2026-05-13 06:00:00,miércoles,-15.94,-42.11,-38.43,-29.29,-31.0,-9.14,0.0,0.0,-15.83,-9.77,2.68,-22.02,-5.61
2026-05-13 07:00:00,miércoles,-16.12,-41.59,-38.87,-29.5,-26.52,-9.2,0.0,0.0,-24.71,-18.43,3.02,-18.27,-5.78
2026-05-13 08:00:00,miércoles,-15.9,-42.6,-38.32,-29.32,-24.79,-9.18,0.0,0.0,-25.97,-19.64,2.98,-16.8,-6.72
2026-05-13 09:00:00,miércoles,-15.9,-43.27,-38.36,-29.75,-28.89,-9.2,0.0,0.0,-28.56,-22.16,2.83,-21.76,-8.0
2026-05-13 10:00:00,miércoles,-15.9,-43.66,-37.09,-29.46,-25.62,-9.13,0.0,0.0,-29.57,-23.22,2.85,-18.27,-7.16
2026-05-13 11:00:00,miércoles,-15.89,-43.4,-36.98,-29.54,-28.58,-9.2,0.0,0.0,-28.23,-21.98,2.85,-20.5,-5.99
2026-05-13 12:00:00,miércoles,-15.89,-43.37,-36.87,-30.33,-28.6,-9.17,0.0,0.0,-28.3,-22.37,2.88,-21.19,-5.58
2026-05-13 13:00:00,miércoles,-15.89,-42.52,-35.03,-29.51,-27.74,-9.15,0.0,0.0,-16.69,-11.1,2.86,-19.81,-3.71
2026-05-13 14:00:00,miércoles,-15.26,-42.54,-35.03,-29.57,-26.07,-9.19,0.0,0.0,-20.1,-14.42,2.89,-18.08,-3.02
2026-05-13 15:00:00,miércoles,-15.17,-42.68,-35.4,-29.59,-30.87,-9.19,0.0,0.0,-24.68,-18.56,2.85,-23.04,-3.06
2026-05-13 16:00:00,miércoles,-15.42,-42.31,-38.88,-29.34,-29.6,-9.17,0.0,0.0,-18.91,-12.71,2.88,-21.45,-6.13
2026-05-13 17:00:00,miércoles,-15.41,-42.07,-39.84,-29.62,-28.05,-9.19,0.0,0.0,-13.33,-7.42,2.9,-20.24,-7.19
2026-05-13 18:00:00,miércoles,-15.41,-38.13,-40.1,-29.23,-26.66,-9.24,0.0,0.0,-13.16,-7.31,3.34,-18.22,-3.41
2026-05-13 19:00:00,miércoles,-15.41,-42.06,-41.93,-29.45,-24.94,-9.12,0.0,0.0,-22.65,-16.58,3.76,-16.85,-8.89
2026-05-13 20:00:00,miércoles,-15.41,-42.24,-41.5,-29.46,-24.93,-9.22,0.0,0.0,-19.26,-13.46,4.36,-17.33,-8.48
2026-05-13 21:00:00,miércoles,-15.41,-42.21,-41.55,-29.49,-27.35,-9.16,0.0,0.0,-21.93,-16.16,4.35,-19.92,-7.48
2026-05-13 22:00:00,miércoles,-15.41,-42.41,-40.3,-29.48,-29.96,-9.15,0.0,0.0,-26.04,-20.16,4.41,-22.69,-5.45
2026-05-13 23:00:00,miércoles,-15.41,-42.58,-41.59,-29.72,-28.13,-9.24,0.0,0.0,-26.81,-20.58,4.32,-20.89,-7.69
2026-05-14 00:00:00,jueves,-15.42,-42.32,-42.49,-29.67,-29.08,-9.12,0.0,0.0,-25.62,-19.53,4.32,-21.38,-8.06
2026-05-14 01:00:00,jueves,-15.42,-42.54,-41.1,-29.55,-30.25,-9.11,0.0,0.0,-27.16,-21.01,3.86,-22.27,-6.76
2026-05-14 02:00:00,jueves,-15.42,-42.62,-41.02,-29.66,-28.85,-9.24,0.0,0.0,-25.03,-18.66,4.11,-21.46,-6.36
2026-05-14 03:00:00,jueves,-15.42,-42.8,-39.8,-29.71,-28.35,-9.13,0.0,0.0,-30.49,-23.97,4.43,-21.18,-5.86
2026-05-14 04:00:00,jueves,-15.42,-42.09,-42.61,-29.65,-25.02,-9.24,0.0,0.0,-19.42,-12.89,4.41,-17.83,-6.74
2026-05-14 05:00:00,jueves,-15.42,-42.76,-40.55,-29.81,-26.38,-9.19,0.0,0.0,-29.28,-22.76,4.38,-19.47,-5.37
2026-05-14 06:00:00,jueves,-15.42,-42.3,-42.02,-29.71,-28.16,-9.17,0.0,0.0,-18.66,-12.02,4.7,-20.95,-6.39
2026-05-14 07:00:00,jueves,-15.42,-41.46,-38.0,-29.59,-25.96,-9.14,0.0,0.0,-19.84,-13.76,5.44,-18.74,-1.53
2026-05-14 08:00:00,jueves,-15.76,-41.67,-39.22,-29.41,-29.16,-9.19,0.0,0.0,-17.16,-11.11,5.35,-21.89,-3.19
2026-05-14 09:00:00,jueves,-15.98,-41.95,-39.76,-29.53,-24.73,-9.19,0.0,0.0,-12.31,-6.54,5.52,-18.39,-4.97
2026-05-14 10:00:00,jueves,-15.98,-41.79,-39.91,-29.7,-25.46,-9.14,0.0,0.0,-25.44,-19.54,5.58,-19.37,-6.13
2026-05-14 11:00:00,jueves,-15.98,-41.04,-39.88,-29.6,-27.07,-9.2,0.0,0.0,-25.94,-19.67,5.75,-20.49,-5.45
2026-05-14 12:00:00,jueves,-15.99,-41.09,-39.82,-29.63,-28.11,-9.18,0.0,0.0,-14.45,-8.46,5.87,-21.75,-4.77
2026-05-14 13:00:00,jueves,-16.87,-41.14,-39.49,-29.67,-29.11,-9.18,0.0,0.0,-23.76,-17.65,5.59,-22.33,-5.41
2026-05-14 14:00:00,jueves,-17.0,-41.12,-39.11,-29.58,-30.2,-9.17,0.0,0.0,-24.75,-18.54,5.14,-23.35,-5.15
2026-05-14 15:00:00,jueves,-17.0,-41.1,-36.1,-29.43,-28.35,-9.17,0.0,0.0,-31.55,-25.59,5.24,-21.61,-2.91
2026-05-14 16:00:00,jueves,-16.7,-41.61,-37.2,-29.59,-30.85,-9.13,0.0,0.0,-20.28,-14.17,5.94,-24.17,-4.94
2026-05-14 17:00:00,jueves,-16.44,-41.18,-36.55,-29.29,-32.52,-9.17,0.0,0.0,-23.88,-17.81,6.01,-25.67,-3.3
2026-05-14 18:00:00,jueves,-16.41,-41.08,-34.87,-29.7,-30.78,-9.16,0.0,0.0,-28.78,-22.64,5.4,-24.16,-1.8
2026-05-14 19:00:00,jueves,-16.41,-41.07,-41.9,-29.52,-30.6,-9.15,0.0,0.0,-22.14,-16.0,5.28,-23.54,-6.02
2026-05-14 20:00:00,jueves,-16.41,-41.07,-41.76,-29.64,-31.77,-9.18,0.0,0.0,-23.79,-17.53,5.08,-25.07,-7.07
2026-05-14 21:00:00,jueves,-16.41,-41.12,-41.8,-29.54,-31.97,-9.23,0.0,0.0,-19.3,-13.02,5.22,-25.62,-8.13
2026-05-14 22:00:00,jueves,-16.41,-41.04,-41.73,-29.48,-30.06,-9.15,0.0,0.0,-19.77,-13.82,5.53,-23.45,-7.73
2026-05-14 23:00:00,jueves,-16.18,-41.13,-38.91,-29.59,-29.65,-9.2,0.0,0.0,-21.42,-15.37,5.61,-22.37,-5.39
2026-05-15 00:00:00,viernes,-14.52,-41.1,-39.4,-29.92,-29.18,-9.15,0.0,0.0,-25.79,-19.58,5.2,-21.82,-3.18
2026-05-15 01:00:00,viernes,-8.01,-39.28,-40.31,-29.86,-29.14,-9.14,0.0,0.0,-32.35,-26.12,5.13,-21.43,3.54
2026-05-15 02:00:00,viernes,-0.16,-33.46,-41.18,-29.81,-30.01,-9.17,0.0,0.0,-39.76,-33.3,5.15,-21.59,16.77
2026-05-15 03:00:00,viernes,0.0,-33.27,-40.56,-29.55,-26.02,-9.21,0.0,0.0,-44.99,-38.73,5.48,-16.99,18.14
2026-05-15 04:00:00,viernes,0.0,-35.69,-40.83,-29.97,-27.86,-9.21,0.0,0.0,-41.81,-35.64,5.27,-19.63,14.75
2026-05-15 05:00:00,viernes,0.0,-37.44,-42.28,-29.66,-30.06,-9.14,0.0,0.0,-29.27,-23.03,5.09,-21.33,11.8
2026-05-15 06:00:00,viernes,0.0,-38.88,-36.88,-29.77,-30.86,-9.2,0.0,0.0,-42.02,-35.84,4.97,-22.52,16.22
2026-05-15 07:00:00,viernes,0.0,-39.34,-35.05,-29.61,-26.79,-9.16,0.0,0.0,-43.72,-37.32,5.18,-18.27,18.12
2026-05-15 08:00:00,viernes,0.0,-39.32,-36.94,-29.64,-27.38,-9.19,0.0,0.0,-41.74,-35.41,5.34,-19.06,15.54
2026-05-15 09:00:00,viernes,0.0,-39.67,-38.77,-29.51,-27.79,-9.16,0.0,0.0,-42.15,-35.84,5.52,-20.07,11.74
2026-05-15 10:00:00,viernes,0.0,-40.58,-38.77,-29.35,-27.79,-9.17,0.0,0.0,-40.31,-33.75,5.57,-19.75,11.08
2026-05-15 11:00:00,viernes,0.0,-41.13,-41.72,-29.69,-27.78,-9.21,0.0,0.0,-32.95,-26.56,5.84,-20.02,8.75
2026-05-15 12:00:00,viernes,0.0,-41.11,-41.74,-29.43,-26.96,-9.17,0.0,0.0,-34.03,-27.57,5.7,-19.07,9.15
2026-05-15 13:00:00,viernes,0.0,-41.09,-41.97,-29.53,-28.65,-9.23,0.0,0.0,-40.06,-33.61,5.84,-20.73,9.41
2026-05-15 14:00:00,viernes,0.0,-41.15,-42.01,-29.67,-28.29,-9.16,0.0,0.0,-48.23,-41.64,5.91,-20.75,8.1
2026-05-15 15:00:00,viernes,0.0,-41.08,-41.37,-29.46,-24.24,-9.19,0.0,0.0,-51.88,-45.39,5.84,-16.14,9.77
2026-05-15 16:00:00,viernes,0.0,-41.16,-42.05,-29.69,-23.27,-9.13,0.0,0.0,-48.48,-42.77,5.98,-15.26,9.64
2026-05-15 17:00:00,viernes,-0.7,-41.12,-41.94,-29.73,-25.73,-9.18,0.0,0.0,-47.73,-42.22,6.72,-18.11,9.68
2026-05-15 18:00:00,viernes,-9.3,-41.09,-42.34,-29.2,-31.58,-9.13,0.0,0.0,-41.39,-35.74,7.93,-22.87,1.66
2026-05-15 19:00:00,viernes,-18.47,-41.67,-42.76,-29.59,-29.08,-9.24,0.0,0.0,-52.7,-46.43,8.71,-20.48,-7.84
2026-05-15 20:00:00,viernes,-19.59,-41.09,-40.98,-29.59,-31.58,-9.14,0.0,0.0,-55.65,-49.25,8.73,-22.75,-5.72
2026-05-15 21:00:00,viernes,-19.65,-41.07,-42.48,-29.7,-31.64,-9.11,0.0,0.0,-53.49,-47.16,8.59,-22.99,-7.48
2026-05-15 22:00:00,viernes,-19.7,-41.01,-42.59,-29.59,-30.24,-9.24,0.0,0.0,-53.78,-47.45,8.52,-21.75,-7.8
2026-05-15 23:00:00,viernes,-19.76,-41.1,-42.82,-29.51,-27.6,-9.21,0.0,0.0,-45.82,-39.52,8.41,-19.23,-8.99
2026-05-16 00:00:00,sábado,-19.8,-41.08,-43.52,-29.79,-28.98,-9.17,0.0,0.0,-41.06,-34.69,8.53,-20.92,-9.49
2026-05-16 01:00:00,sábado,-19.74,-41.1,-43.54,-29.66,-28.99,-9.16,0.0,0.0,-40.23,-33.86,8.58,-20.84,-9.87
2026-05-16 02:00:00,sábado,-19.85,-41.13,-43.59,-29.99,-28.46,-9.22,0.0,0.0,-40.13,-33.84,8.63,-20.02,-9.82
2026-05-16 03:00:00,sábado,-19.78,-40.92,-41.24,-29.7,-25.71,-9.15,0.0,0.0,-46.01,-39.6,8.79,-16.95,-8.15
2026-05-16 04:00:00,sábado,-19.86,-41.05,-42.07,-29.66,-26.08,-9.16,0.0,0.0,-41.38,-35.38,8.93,-17.0,-9.0
2026-05-16 05:00:00,sábado,-19.77,-41.06,-38.36,-29.9,-25.58,-9.22,0.0,0.0,-40.43,-34.77,9.57,-17.23,-6.16
2026-05-16 06:00:00,sábado,-19.86,-40.93,-39.53,-29.93,-25.61,-9.15,0.0,0.0,-33.57,-27.76,9.85,-17.44,-5.9
2026-05-16 07:00:00,sábado,-19.86,-37.12,-24.83,-29.7,-22.4,-9.17,0.0,0.0,-59.12,-53.23,10.79,-14.11,3.69
2026-05-16 08:00:00,sábado,-19.75,-36.28,-22.93,-29.5,-25.13,-9.17,0.0,0.0,-60.63,-54.69,11.04,-16.92,2.57
2026-05-16 09:00:00,sábado,-19.85,-36.4,-25.52,-29.68,-18.52,-9.18,0.0,0.0,-48.96,-43.26,10.09,-11.61,-3.52
2026-05-16 10:00:00,sábado,-19.85,-36.33,-24.59,-29.42,-23.69,-9.09,0.0,0.0,-49.25,-43.61,9.95,-16.39,-1.42
2026-05-16 11:00:00,sábado,-19.91,-36.35,-21.89,-29.49,-21.34,-9.16,0.0,0.0,-32.15,-26.7,9.56,-13.83,0.97
2026-05-16 12:00:00,sábado,-19.86,-36.52,-21.66,-29.62,-19.28,-9.31,0.0,0.0,-36.12,-30.9,9.95,-12.01,0.55
2026-05-16 13:00:00,sábado,-19.85,-38.05,-20.64,-29.4,-20.72,-9.17,0.0,0.0,-35.09,-29.92,9.99,-14.03,-2.6
2026-05-16 14:00:00,sábado,-19.84,-38.17,-20.69,-29.4,-23.93,-9.13,0.0,0.0,-32.15,-27.0,9.05,-16.26,-1.41
2026-05-16 15:00:00,sábado,-19.82,-38.16,-20.68,-29.6,-22.89,-9.19,0.0,0.0,-27.63,-22.48,9.55,-15.41,8.41
2026-05-16 16:00:00,sábado,-19.79,-38.1,-22.09,-29.21,-24.19,-9.19,0.0,0.0,-27.22,-22.17,10.68,-16.18,8.96
2026-05-16 17:00:00,sábado,-19.83,-39.23,-26.6,-29.51,-25.24,-9.14,0.0,0.0,-29.52,-24.06,11.05,-17.92,6.01
2026-05-16 18:00:00,sábado,-19.86,-39.12,-37.08,-29.45,-28.5,-9.2,0.0,0.0,-35.18,-29.17,10.57,-20.47,-4.21
2026-05-16 19:00:00,sábado,-19.83,-37.63,-41.68,-29.08,-25.54,-9.13,0.0,0.0,-28.68,-22.44,9.65,-16.86,-8.56
2026-05-16 20:00:00,sábado,-19.83,-41.3,-42.54,-29.46,-24.67,-9.21,0.0,0.0,-28.1,-21.91,10.02,-16.64,-12.49
2026-05-16 21:00:00,sábado,-19.84,-41.14,-40.14,-29.56,-22.59,-9.16,0.0,0.0,-35.71,-29.58,10.17,-15.2,-9.39
2026-05-16 22:00:00,sábado,-19.85,-40.54,-42.48,-29.56,-24.92,-9.19,0.0,0.0,-31.13,-24.93,9.79,-17.08,-10.43
2026-05-16 23:00:00,sábado,-19.84,-41.51,-42.48,-29.55,-23.58,-9.16,0.0,0.0,-29.87,-23.54,10.13,-15.49,-11.02
2026-05-17 00:00:00,domingo,-19.85,-41.49,-42.29,-29.66,-25.66,-9.19,0.0,0.0,-36.83,-30.41,11.19,-17.44,-10.86
2026-05-17 01:00:00,domingo,-19.8,-41.46,-43.28,-29.7,-26.44,-9.13,0.0,0.0,-35.44,-28.86,11.57,-19.0,-11.21
2026-05-17 02:00:00,domingo,-19.73,-41.55,-39.86,-29.98,-27.92,-9.22,0.0,0.0,-40.83,-34.16,12.08,-20.76,-7.91
2026-05-17 03:00:00,domingo,-19.78,-41.47,-41.53,-29.78,-28.19,-9.11,0.0,0.0,-40.1,-33.56,11.72,-20.25,-9.23
2026-05-17 04:00:00,domingo,-19.76,-41.56,-39.87,-29.87,-28.85,-9.2,0.0,0.0,-42.28,-35.66,12.03,-21.11,-8.28
2026-05-17 05:00:00,domingo,-19.79,-41.48,-42.04,-29.86,-28.97,-9.16,0.0,0.0,-38.49,-32.19,11.93,-21.5,-10.42
2026-05-17 06:00:00,domingo,-19.81,-41.53,-42.82,-29.92,-27.83,-9.15,0.0,0.0,-36.73,-30.23,12.25,-20.23,-10.82
2026-05-17 07:00:00,domingo,-19.82,-41.47,-40.94,-29.85,-25.89,-9.21,0.0,0.0,-37.17,-31.46,12.16,-18.45,-7.73
2026-05-17 08:00:00,domingo,-19.81,-41.47,-43.45,-29.53,-27.32,-9.19,0.0,0.0,-26.45,-21.09,12.18,-19.67,-10.65
2026-05-17 09:00:00,domingo,-19.82,-41.35,-42.22,-29.33,-22.41,-9.16,0.0,0.0,-30.87,-25.23,12.02,-14.77,-10.19
2026-05-17 10:00:00,domingo,-19.8,-41.39,-42.77,-29.41,-20.61,-9.16,0.0,0.0,-27.65,-21.87,12.21,-13.46,-11.12
2026-05-17 11:00:00,domingo,-19.8,-41.53,-42.91,-29.68,-18.51,-9.11,0.0,0.0,-26.48,-20.59,12.73,-12.22,-11.82
2026-05-17 12:00:00,domingo,-19.8,-41.49,-43.23,-29.59,-24.86,-9.19,0.0,0.0,-26.42,-20.53,12.82,-18.08,-10.61
2026-05-17 13:00:00,domingo,-19.78,-41.49,-43.85,-29.81,-23.32,-9.17,0.0,0.0,-24.72,-18.8,13.43,-16.69,-13.79
2026-05-17 14:00:00,domingo,-19.78,-41.47,-42.81,-29.67,-20.68,-9.16,0.0,0.0,-28.21,-22.4,14.06,-13.79,-10.88
2026-05-17 15:00:00,domingo,-19.73,-41.5,-40.01,-29.76,-19.15,-9.18,0.0,0.0,-27.72,-21.87,13.73,-12.17,-8.23
2026-05-17 16:00:00,domingo,-19.76,-41.51,-39.98,-29.46,-19.76,-9.21,0.0,0.0,-30.71,-24.5,14.11,-12.59,-7.33
2026-05-17 17:00:00,domingo,-19.76,-41.55,-38.99,-29.65,-16.79,-9.25,0.0,0.0,-35.5,-29.36,14.5,-9.88,-7.54
2026-05-17 18:00:00,domingo,-19.72,-41.48,-39.63,-29.81,-23.45,-9.17,0.0,0.0,-34.73,-28.47,14.69,-16.14,-8.93
2026-05-17 19:00:00,domingo,-19.7,-41.51,-40.03,-29.62,-23.42,-9.18,0.0,0.0,-34.56,-28.26,14.91,-15.75,-8.53
2026-05-17 20:00:00,domingo,-19.73,-41.44,-39.95,-29.62,-26.95,-9.14,0.0,0.0,-33.76,-27.4,13.5,-19.5,-8.44
2026-05-17 21:00:00,domingo,-19.73,-41.51,-40.94,-29.7,-26.84,-9.21,0.0,0.0,-28.46,-22.1,13.09,-19.88,-9.32
2026-05-17 22:00:00,domingo,-19.69,-41.47,-42.93,-29.69,-30.09,-9.16,0.0,0.0,-26.28,-20.28,13.18,-22.81,-10.47
2026-05-17 23:00:00,domingo,-19.69,-41.51,-43.0,-29.72,-28.75,-9.16,0.0,0.0,-26.99,-20.98,13.54,-21.2,-10.68
2026-05-18 00:00:00,lunes,-19.7,-41.52,-43.01,-29.73,-28.22,-9.21,0.0,0.0,-28.45,-22.46,13.55,-20.32,-10.47
2026-05-18 01:00:00,lunes,-19.73,-41.42,-42.9,-29.7,-30.44,-9.13,0.0,0.0,-29.84,-23.91,13.62,-22.28,-10.29
2026-05-18 02:00:00,lunes,-19.79,-41.53,-42.99,-29.75,-30.9,-9.21,0.0,0.0,-33.42,-27.25,13.77,-22.36,-10.15
2026-05-18 03:00:00,lunes,-19.8,-41.53,-42.76,-29.67,-29.98,-9.21,0.0,0.0,-35.06,-28.84,13.71,-21.55,-10.21
2026-05-18 04:00:00,lunes,-19.79,-41.49,-42.37,-29.8,-29.04,-9.14,0.0,0.0,-37.44,-31.35,14.47,-20.79,-9.41
2026-05-18 05:00:00,lunes,-19.8,-41.44,-41.5,-29.72,-29.77,-9.18,0.0,0.0,-39.12,-33.09,14.88,-21.81,-8.32
2026-05-18 06:00:00,lunes,-19.84,-41.54,-41.73,-29.82,-29.51,-9.17,0.0,0.0,-34.53,-28.61,15.55,-21.9,-9.2
2026-05-18 07:00:00,lunes,-19.87,-41.47,-40.15,-29.49,-26.13,-9.18,0.0,0.0,-37.1,-31.16,16.04,-18.02,-6.66
2026-05-18 08:00:00,lunes,-19.83,-41.52,-40.3,-29.68,-28.26,-9.17,0.0,0.0,-38.25,-32.11,16.28,-20.21,-7.33
2026-05-18 09:00:00,lunes,-19.86,-42.62,-41.51,-29.44,-25.29,-9.16,0.0,0.0,-30.5,-24.65,16.21,-17.93,-9.84
2026-05-18 10:00:00,lunes,-19.84,-43.23,-38.54,-29.52,-22.02,-9.15,0.0,0.0,-34.5,-28.71,17.51,-14.72,-6.93
2026-05-18 11:00:00,lunes,-19.88,-43.48,-39.29,-29.47,-19.65,-9.2,0.0,0.0,-28.92,-23.34,17.94,-13.34,-9.17
2026-05-18 12:00:00,lunes,-19.9,-42.2,-39.81,-29.39,-20.45,-9.18,0.0,0.0,-32.03,-26.48,17.46,-13.5,-7.89
2026-05-18 13:00:00,lunes,-19.82,-41.12,-40.57,-29.68,-22.93,-9.14,0.0,0.0,-35.89,-29.84,18.01,-15.51,-8.23
2026-05-18 14:00:00,lunes,-19.72,-41.1,-40.12,-29.34,-23.92,-9.22,0.0,0.0,-28.54,-22.86,18.39,-16.09,-7.47
2026-05-18 15:00:00,lunes,-19.79,-41.14,-41.76,-29.42,-23.37,-9.12,0.0,0.0,-33.99,-28.02,16.56,-16.03,-8.1
2026-05-18 16:00:00,lunes,-19.79,-40.98,-41.01,-29.35,-23.54,-9.22,0.0,0.0,-35.13,-29.02,17.68,-15.68,-7.31
2026-05-18 17:00:00,lunes,-19.78,-41.07,-41.01,-29.2,-25.87,-9.14,0.0,0.0,-35.31,-29.33,18.2,-17.12,-8.66
2026-05-18 18:00:00,lunes,-19.8,-41.03,-41.07,-29.41,-27.86,-9.2,0.0,0.0,-31.68,-25.38,19.56,-19.47,-7.16
2026-05-18 19:00:00,lunes,-19.77,-41.11,-41.18,-29.59,-26.06,-9.15,0.0,0.0,-24.67,-18.56,20.55,-18.06,-6.99
2026-05-18 20:00:00,lunes,-19.78,-41.09,-41.16,-29.57,-28.44,-9.2,0.0,0.0,-31.25,-24.97,17.64,-20.15,-7.06
2026-05-18 21:00:00,lunes,-19.78,-41.06,-41.87,-29.73,-28.34,-9.14,0.0,0.0,-24.59,-18.52,16.74,-20.7,-7.0
2026-05-18 22:00:00,lunes,-19.8,-41.14,-41.99,-29.77,-28.08,-9.19,0.0,0.0,-29.1,-23.0,16.77,-20.62,-7.71
2026-05-18 23:00:00,lunes,-19.78,-41.06,-41.92,-29.62,-24.53,-9.18,0.0,0.0,-27.49,-21.74,17.3,-16.93,-7.75
2026-05-19 00:00:00,martes,-19.85,-41.33,-41.97,-29.63,-28.92,-9.17,0.0,0.0,-24.24,-18.42,17.81,-20.95,-8.22
2026-05-19 01:00:00,martes,-19.86,-42.06,-42.16,-29.77,-26.6,-9.18,0.0,0.0,-26.53,-20.66,16.93,-19.17,-9.43
2026-05-19 02:00:00,martes,-19.86,-42.06,-42.51,-29.91,-28.01,-9.11,0.0,0.0,-19.78,-13.74,15.88,-20.29,-9.22
2026-05-19 03:00:00,martes,-19.85,-42.05,-42.39,-29.86,-29.78,-9.15,0.0,0.0,-19.5,-13.33,15.79,-21.8,-9.47
2026-05-19 04:00:00,martes,-19.88,-42.06,-42.58,-29.83,-29.7,-9.2,0.0,0.0,-23.09,-17.01,15.73,-21.65,-8.0
2026-05-19 05:00:00,martes,-19.87,-42.12,-41.67,-30.02,-30.67,-9.18,0.0,0.0,-30.36,-24.45,16.44,-22.84,-8.47
2026-05-19 06:00:00,martes,-19.88,-42.09,-40.98,-29.96,-31.25,-9.17,0.0,0.0,-33.87,-28.08,18.99,-23.2,-8.45
2026-05-19 07:00:00,martes,-19.86,-42.09,-41.16,-29.76,-23.05,-9.15,0.0,0.0,-29.55,-23.5,20.54,-14.88,-8.83
2026-05-19 08:00:00,martes,-19.84,-42.03,-41.78,-29.4,-16.73,-9.19,0.0,0.0,-30.91,-25.01,20.99,-9.02,-9.89
2026-05-19 09:00:00,martes,-19.84,-42.12,-42.22,-29.41,-25.79,-9.16,0.0,0.0,-29.85,-23.98,21.36,-18.46,-9.56
2026-05-19 10:00:00,martes,-19.84,-41.73,-40.7,-29.16,-24.39,-9.17,0.0,0.0,-26.24,-20.45,21.18,-16.82,-9.33
2026-05-19 11:00:00,martes,-18.99,-40.36,-38.6,-29.55,-25.89,-9.14,0.0,0.0,-40.21,-34.23,21.41,-18.68,-7.06
2026-05-19 12:00:00,martes,-16.45,-41.55,-41.17,-29.88,-31.71,-9.2,0.0,0.0,-31.94,-26.24,22.14,-24.03,-7.41
2026-05-19 13:00:00,martes,-15.89,-40.54,-37.26,-29.93,-33.09,-9.18,0.0,0.0,-41.74,-36.04,22.63,-25.45,-1.9
2026-05-19 14:00:00,martes,-15.89,-40.23,-37.3,-29.5,-31.48,-9.17,0.0,0.0,-37.72,-32.31,22.77,-23.24,-1.43
2026-05-19 15:00:00,martes,-18.48,-42.39,-40.63,-29.39,-29.56,-9.17,0.0,0.0,-24.42,-18.92,23.75,-21.43,-6.97
2026-05-19 16:00:00,martes,-19.75,-42.88,-38.54,-29.37,-29.74,-9.15,0.0,-0.99,-29.27,-23.21,25.14,-22.17,-7.61
2026-05-19 17:00:00,martes,-19.74,-42.8,-40.08,-29.44,-23.64,-9.2,0.0,-15.19,-26.54,-20.77,11.89,-17.01,-9.21
2026-05-19 18:00:00,martes,-19.75,-42.63,-39.96,-29.34,-28.43,-9.24,0.0,-21.84,-30.28,-24.14,5.13,-19.71,-8.78
2026-05-19 19:00:00,martes,-19.74,-43.0,-40.34,-29.54,-30.34,-9.21,0.0,-22.86,-21.58,-15.33,3.81,-21.57,-7.86
2026-05-19 20:00:00,martes,-19.76,-42.97,-39.95,-29.74,-30.38,-9.17,0.0,-24.53,-16.94,-10.88,2.1,-21.8,-7.84
2026-05-19 21:00:00,martes,-19.78,-43.28,-39.98,-29.83,-28.0,-9.19,0.0,-26.4,-23.6,-17.79,0.94,-20.42,-8.59
2026-05-19 22:00:00,martes,-19.72,-43.09,-39.94,-29.71,-27.36,-9.14,0.0,-30.46,-22.85,-16.86,-3.51,-19.91,-8.35
2026-05-19 23:00:00,martes,-19.71,-43.31,-40.03,-29.92,-27.82,-9.18,0.0,-33.68,-29.15,-23.16,-7.05,-20.38,-8.45
2026-05-20 00:00:00,miércoles,-19.72,-43.06,-39.95,-29.62,-27.24,-9.23,0.0,-31.3,-25.36,-19.4,-4.11,-19.21,-7.92
2026-05-20 01:00:00,miércoles,-19.78,-43.17,-39.97,-29.71,-27.13,-9.13,0.0,-36.55,-25.22,-19.32,-8.83,-18.92,-8.46
2026-05-20 02:00:00,miércoles,-19.82,-43.01,-39.94,-29.94,-26.98,-9.15,0.0,-36.53,-23.59,-17.33,-8.7,-18.83,-8.14
2026-05-20 03:00:00,miércoles,-19.84,-42.79,-40.97,-29.75,-24.83,-9.16,0.0,-34.07,-21.69,-15.49,-6.11,-16.66,-7.73
2026-05-20 04:00:00,miércoles,-19.86,-42.91,-42.13,-29.71,-26.57,-9.17,0.0,-34.61,-21.05,-14.88,-6.62,-18.31,-8.98
2026-05-20 05:00:00,miércoles,-19.85,-42.9,-42.54,-29.89,-28.93,-9.17,0.0,-31.21,-22.21,-16.06,-2.81,-20.81,-8.24
2026-05-20 06:00:00,miércoles,-19.86,-42.94,-42.77,-29.64,-29.77,-9.21,0.0,-32.21,-22.43,-16.56,-3.37,-21.32,-8.98
2026-05-20 07:00:00,miércoles,-19.89,-43.24,-42.94,-29.65,-26.4,-9.15,0.0,-30.79,-29.06,-23.04,-2.04,-17.84,-9.75
2026-05-20 08:00:00,miércoles,-19.91,-43.0,-42.77,-29.57,-26.57,-9.18,0.0,-30.38,-26.17,-20.13,-1.52,-18.22,-9.68
2026-05-20 09:00:00,miércoles,-19.89,-43.24,-40.89,-29.62,-28.26,-9.17,0.0,-18.19,-31.5,-25.4,10.71,-20.62,-9.49
2026-05-20 10:00:00,miércoles,-19.89,-43.27,-39.58,-29.62,-29.22,-9.16,0.0,-16.5,-35.89,-29.58,12.82,-21.71,-7.82
2026-05-20 11:00:00,miércoles,-19.87,-43.2,-40.47,-29.6,-31.41,-9.12,0.0,-24.64,-37.85,-31.46,4.09,-24.97,-8.07
2026-05-20 12:00:00,miércoles,-19.81,-43.31,-41.3,-29.44,-27.82,-9.16,0.0,-19.15,-51.45,-44.97,7.29,-21.51,-8.31
2026-05-20 13:00:00,miércoles,-19.72,-43.23,-40.44,-29.56,-35.15,-9.16,0.0,-18.37,-51.83,-45.34,7.58,-28.12,-8.47
2026-05-20 14:00:00,miércoles,-19.71,-43.33,-40.94,-29.9,-33.18,-9.2,0.0,-26.09,-49.77,-43.47,-1.96,-26.87,-7.18
2026-05-20 15:00:00,miércoles,-19.67,-43.53,-41.51,-29.54,-29.3,-9.17,0.0,-40.67,-51.91,-45.56,-17.09,-22.98,-8.43
2026-05-20 16:00:00,miércoles,-19.65,-43.29,-41.18,-29.63,-28.88,-9.17,0.0,-38.73,-51.58,-45.17,-13.92,-22.21,-8.16
2026-05-20 17:00:00,miércoles,-19.66,-43.32,-40.99,-29.4,-30.96,-9.18,0.0,-13.16,-54.17,-47.74,11.88,-23.28,-8.17
2026-05-20 18:00:00,miércoles,-19.69,-43.35,-41.94,-29.3,-24.79,-9.19,0.0,0.0,-54.75,-48.19,25.98,-17.05,-8.96
2026-05-20 19:00:00,miércoles,-19.71,-43.33,-41.94,-29.27,-33.17,-9.17,-0.19,0.0,-50.9,-44.11,25.1,-25.06,-6.78
2026-05-20 20:00:00,miércoles,-19.68,-43.31,-43.12,-29.69,-32.73,-9.17,-5.31,-3.32,-48.74,-42.16,16.97,-25.46,-6.63
2026-05-20 21:00:00,miércoles,-19.73,-43.26,-43.52,-29.3,-31.83,-9.19,-3.56,-25.93,-49.51,-42.99,-3.85,-23.51,-7.31
2026-05-20 22:00:00,miércoles,-19.77,-43.24,-43.58,-29.5,-31.18,-9.18,-2.91,-19.76,-46.96,-40.39,2.35,-22.81,-8.32
2026-05-20 23:00:00,miércoles,-19.81,-43.12,-43.42,-29.73,-29.97,-9.17,-2.83,-17.2,-45.43,-38.99,4.92,-22.07,-8.7
2026-05-21 00:00:00,jueves,-19.81,-43.22,-43.44,-29.51,-31.61,-9.19,-4.01,-15.69,-47.69,-41.2,5.25,-23.36,-8.05
2026-05-21 01:00:00,jueves,-19.8,-43.17,-43.41,-29.73,-32.54,-9.17,-3.05,-12.71,-43.24,-36.82,10.35,-24.86,-8.74
2026-05-21 02:00:00,jueves,-19.83,-43.07,-43.32,-29.66,-31.31,-9.17,-6.46,-15.91,-43.38,-36.97,4.46,-23.35,-7.63
2026-05-21 03:00:00,jueves,-19.84,-43.1,-43.4,-29.8,-32.39,-9.14,-7.17,-9.9,-47.92,-41.26,9.99,-24.49,-7.32
2026-05-21 04:00:00,jueves,-19.84,-42.99,-43.41,-30.0,-33.6,-9.23,-6.64,-8.92,-45.88,-39.73,11.4,-26.58,-7.34
2026-05-21 05:00:00,jueves,-19.86,-42.89,-43.25,-29.61,-30.7,-9.2,-7.95,-11.28,-41.1,-34.79,8.05,-23.62,-7.38
2026-05-21 06:00:00,jueves,-19.82,-42.82,-43.16,-29.78,-31.68,-9.22,-3.29,-12.64,-40.39,-33.94,8.24,-23.92,-6.01
2026-05-21 07:00:00,jueves,-19.86,-42.78,-43.21,-29.88,-27.17,-9.16,-1.0,-16.11,-40.71,-34.46,6.55,-19.53,-6.92
2026-05-21 08:00:00,jueves,-19.85,-42.54,-42.59,-29.6,-28.82,-9.21,0.0,-21.56,-35.42,-29.18,3.38,-21.21,-6.71
2026-05-21 09:00:00,jueves,-19.85,-42.59,-43.02,-29.58,-26.98,-9.07,0.0,-23.37,-39.04,-32.78,0.68,-20.13,-7.63
2026-05-21 10:00:00,jueves,-19.87,-42.8,-42.05,-29.55,-28.59,-9.21,0.0,-19.72,-42.29,-36.12,3.83,-21.11,-6.39
2026-05-21 11:00:00,jueves,-19.89,-42.71,-42.0,-29.38,-24.95,-9.23,0.0,-27.71,-44.54,-38.3,-2.93,-16.62,-5.91
2026-05-21 12:00:00,jueves,-19.89,-42.82,-43.03,-29.79,-25.52,-9.19,-1.46,-21.91,-42.39,-36.02,2.42,-17.55,-7.4
2026-05-21 13:00:00,jueves,-19.89,-43.08,-43.02,-29.88,-26.18,-9.17,-5.99,-16.35,-49.9,-43.33,3.37,-18.92,-8.03
2026-05-21 14:00:00,jueves,-19.87,-43.04,-42.66,-29.62,-28.24,-9.15,-4.96,-16.0,-41.37,-35.12,3.6,-20.35,-8.28
2026-05-21 15:00:00,jueves,-19.85,-42.98,-41.96,-29.69,-25.42,-9.19,-4.61,-16.02,-39.57,-33.25,3.06,-17.13,-6.66
2026-05-21 16:00:00,jueves,-19.85,-42.97,-41.97,-29.81,-25.58,-9.16,-4.82,-14.25,-45.34,-38.72,5.49,-17.25,-6.09
2026-05-21 17:00:00,jueves,-19.85,-42.9,-41.92,-29.58,-25.47,-9.17,-4.96,-14.5,-40.64,-34.45,4.33,-17.66,-6.55
2026-05-21 18:00:00,jueves,-19.84,-43.04,-41.96,-29.6,-28.86,-9.19,-4.81,-15.32,-48.49,-41.82,2.91,-20.57,-7.34
2026-05-21 19:00:00,jueves,-19.85,-42.99,-41.99,-29.68,-30.01,-9.19,-4.95,-20.49,-48.27,-41.74,-0.02,-22.02,-6.92
2026-05-21 20:00:00,jueves,-19.82,-43.01,-41.89,-29.48,-28.89,-9.17,-7.38,-9.14,-46.28,-39.75,13.02,-20.7,-7.7
2026-05-21 21:00:00,jueves,-19.79,-42.99,-41.93,-29.71,-24.91,-9.15,-6.96,-4.03,-46.24,-40.03,19.01,-16.69,-7.9
2026-05-21 22:00:00,jueves,-19.81,-43.08,-41.95,-29.61,-30.09,-9.18,-6.95,-5.56,-49.65,-43.38,17.59,-21.43,-6.52
2026-05-21 23:00:00,jueves,-19.36,-43.09,-41.97,-29.87,-28.36,-9.18,-6.96,-4.56,-50.88,-44.54,18.78,-20.46,-6.49
2026-05-22 00:00:00,viernes,-19.79,-43.02,-41.9,-29.47,-27.63,-9.2,-6.99,-7.3,-46.33,-39.75,15.6,-19.1,-6.88
2026-05-22 01:00:00,viernes,-19.84,-43.12,-41.94,-29.74,-27.76,-9.17,-8.47,-7.26,-53.05,-46.27,14.31,-19.9,-7.4
2026-05-22 02:00:00,viernes,-19.85,-42.98,-41.91,-29.77,-27.39,-9.19,-12.27,-4.92,-47.31,-40.77,13.62,-19.71,-7.18
2026-05-22 03:00:00,viernes,-19.86,-42.91,-42.98,-29.79,-25.47,-9.15,-14.36,-6.73,-46.12,-39.41,10.07,-18.15,-6.83
2026-05-22 04:00:00,viernes,-19.85,-43.01,-43.15,-29.75,-28.52,-9.19,-14.91,-9.12,-47.43,-40.82,6.47,-20.85,-7.67
2026-05-22 05:00:00,viernes,-19.86,-42.86,-43.06,-29.84,-29.17,-9.17,-13.59,-18.56,-44.04,-37.4,-2.67,-21.13,-7.53
2026-05-22 06:00:00,viernes,-19.89,-42.92,-43.16,-29.7,-29.07,-9.22,-12.91,-14.91,-45.25,-38.66,2.24,-21.26,-6.89
2026-05-22 07:00:00,viernes,-19.89,-42.95,-43.05,-29.37,-25.44,-9.12,-12.9,-14.76,-46.93,-40.33,3.82,-17.09,-6.46
2026-05-22 08:00:00,viernes,-19.88,-42.99,-43.1,-29.74,-29.05,-9.2,-11.92,-19.94,-50.1,-43.56,-0.04,-21.38,-7.58
2026-05-22 09:00:00,viernes,-19.88,-43.1,-42.54,-29.59,-29.85,-9.16,-11.95,-17.39,-51.25,-44.95,2.63,-22.42,-8.2
2026-05-22 10:00:00,viernes,-19.87,-43.06,-42.73,-29.75,-31.34,-9.19,-11.88,-22.26,-44.57,-38.46,-1.59,-23.86,-8.66
2026-05-22 11:00:00,viernes,-19.86,-43.13,-43.02,-29.51,-30.7,-9.19,-11.88,-17.17,-47.58,-41.41,3.96,-23.47,-9.54
2026-05-22 12:00:00,viernes,-19.85,-42.76,-42.68,-29.67,-31.2,-9.16,-11.47,-16.86,-38.42,-32.36,4.9,-23.99,-7.62
2026-05-22 13:00:00,viernes,-19.86,-42.97,-43.08,-29.55,-32.14,-9.13,-8.88,-13.02,-43.16,-36.96,11.34,-24.74,-7.03
2026-05-22 14:00:00,viernes,-19.82,-43.14,-43.1,-29.25,-32.88,-9.17,-9.54,-10.05,-45.81,-39.45,14.16,-24.54,-7.85
2026-05-22 15:00:00,viernes,-19.8,-42.75,-43.07,-29.42,-29.63,-9.2,-9.86,-6.44,-34.8,-28.36,16.95,-21.7,-7.26
2026-05-22 16:00:00,viernes,-19.83,-43.02,-43.31,-29.31,-30.22,-9.15,-9.88,-6.53,-39.86,-33.37,16.64,-22.15,-7.79
2026-05-22 17:00:00,viernes,-19.77,-42.93,-42.7,-29.26,-31.07,-9.13,-11.77,-10.89,-39.15,-32.5,12.03,-23.36,-7.85
2026-05-22 18:00:00,viernes,-19.82,-42.89,-41.92,-29.53,-33.9,-9.16,-11.53,-17.82,-38.11,-31.51,6.72,-26.41,-5.98
2026-05-22 19:00:00,viernes,-19.83,-42.85,-41.94,-29.49,-32.01,-9.18,-14.95,-18.08,-39.82,-33.15,0.07,-24.52,-6.04
2026-05-22 20:00:00,viernes,-19.81,-42.84,-41.92,-29.5,-32.79,-9.19,-15.01,-18.63,-38.03,-31.5,-0.65,-25.9,-5.63
2026-05-22 21:00:00,viernes,-19.8,-42.92,-41.98,-29.56,-28.24,-9.2,-15.66,-15.54,-37.43,-31.11,1.29,-21.42,-6.94
2026-05-22 22:00:00,viernes,-19.82,-42.82,-41.89,-29.53,-30.77,-9.13,-14.96,-12.08,-35.94,-29.66,4.71,-23.57,-5.78
2026-05-22 23:00:00,viernes,-19.82,-42.93,-41.96,-29.61,-30.01,-9.22,-14.88,-11.29,-38.62,-32.24,6.75,-23.05,-6.64
2026-05-23 00:00:00,sábado,-19.83,-43.08,-41.96,-29.62,-31.96,-9.16,-14.88,-7.94,-42.83,-36.44,10.55,-24.74,-6.36
2026-05-23 01:00:00,sábado,-19.83,-42.84,-41.88,-29.74,-33.07,-9.2,-14.88,-15.76,-39.5,-33.05,3.06,-25.15,-6.3
2026-05-23 02:00:00,sábado,-19.85,-42.9,-41.96,-29.76,-32.31,-9.16,-14.87,-18.8,-37.34,-30.94,2.03,-24.8,-6.86
2026-05-23 03:00:00,sábado,-19.85,-42.74,-42.74,-29.51,-27.07,-9.24,-15.87,-16.79,-32.3,-26.16,5.36,-20.62,-7.28
2026-05-23 04:00:00,sábado,-19.74,-42.88,-43.33,-29.85,-28.04,-9.19,-19.59,-13.59,-38.71,-32.68,5.49,-21.67,-8.06
2026-05-23 05:00:00,sábado,-19.83,-42.8,-43.26,-29.73,-29.98,-9.12,-19.85,-17.78,-35.19,-29.31,-1.71,-23.32,-8.25
2026-05-23 06:00:00,sábado,-19.84,-42.8,-43.19,-29.66,-28.94,-9.23,-25.77,-12.09,-37.5,-31.62,-1.66,-22.11,-7.74
2026-05-23 07:00:00,sábado,-19.74,-42.71,-43.19,-29.46,-26.9,-9.18,-25.13,-18.59,-35.69,-29.79,-7.1,-19.09,-6.81
2026-05-23 08:00:00,sábado,-19.84,-42.7,-42.89,-29.51,-27.64,-9.19,-20.54,-21.3,-38.37,-32.35,-8.98,-19.01,-6.94
2026-05-23 09:00:00,sábado,-19.86,-42.89,-43.38,-29.61,-29.82,-9.16,-22.06,-16.85,-39.4,-33.3,-6.41,-21.75,-8.91
2026-05-23 10:00:00,sábado,-19.81,-43.04,-43.49,-28.75,-33.33,-9.12,-21.06,-19.35,-38.64,-32.62,-8.3,-24.4,-7.84
2026-05-23 11:00:00,sábado,-19.44,-42.95,-43.36,-26.34,-28.76,-9.28,-24.9,-17.28,-36.85,-30.84,-6.72,-23.91,-7.17
2026-05-23 12:00:00,sábado,-19.78,-43.03,-43.48,-26.28,-22.3,-9.16,-26.88,-16.49,-34.87,-28.84,-8.17,-19.24,-8.24
2026-05-23 13:00:00,sábado,-19.84,-42.99,-43.42,-24.66,-20.15,-9.15,-29.56,-11.25,-34.42,-28.14,-2.87,-16.73,-7.67
2026-05-23 14:00:00,sábado,-19.82,-43.07,-43.37,-22.0,-17.0,-9.22,-29.06,-9.67,-33.93,-27.76,-0.91,-12.2,-7.88
2026-05-23 15:00:00,sábado,-19.84,-43.25,-43.59,-23.96,-12.28,-9.15,-24.51,-1.48,-38.69,-32.26,8.09,-10.88,-9.75
2026-05-23 16:00:00,sábado,-19.83,-42.8,-43.19,-23.63,-13.53,-9.2,-16.52,0.0,-30.02,-23.72,14.27,-8.5,-8.51
2026-05-23 17:00:00,sábado,-19.79,-42.92,-43.04,-25.4,-8.14,-9.19,-14.75,0.0,-31.67,-25.41,13.76,-7.95,-8.18
2026-05-23 18:00:00,sábado,-19.8,-42.83,-43.03,-23.64,-14.62,-9.1,-14.97,0.0,-29.9,-23.39,14.18,-12.01,-8.07
2026-05-23 19:00:00,sábado,-19.83,-42.84,-43.12,-24.43,-22.1,-9.18,-15.06,0.0,-29.77,-23.33,13.27,-16.39,-8.07
2026-05-23 20:00:00,sábado,-19.77,-42.91,-43.16,-29.6,-24.15,-9.23,-14.93,0.0,-30.72,-24.41,9.63,-21.27,-7.66
2026-05-23 21:00:00,sábado,-19.76,-43.05,-43.41,-29.12,-18.84,-9.14,-15.17,0.0,-33.02,-26.68,8.28,-12.18,-8.14
2026-05-23 22:00:00,sábado,-19.79,-43.16,-43.38,-28.76,-22.46,-9.18,-15.97,0.0,-34.1,-27.98,7.93,-14.51,-8.87
2026-05-23 23:00:00,sábado,-19.81,-42.99,-43.17,-28.76,-23.96,-9.21,-15.03,0.0,-32.96,-26.67,9.87,-15.84,-7.95
2026-05-24 00:00:00,domingo,-19.79,-42.94,-43.13,-28.99,-22.06,-9.16,-14.92,0.0,-32.35,-25.94,10.24,-13.98,-8.3
2026-05-24 01:00:00,domingo,-19.81,-43.0,-43.26,-29.79,-23.97,-9.13,-14.98,0.0,-34.52,-28.08,9.87,-16.65,-8.72
2026-05-24 02:00:00,domingo,-19.81,-42.38,-42.55,-29.84,-27.66,-9.21,-14.06,0.0,-25.17,-18.99,11.12,-20.41,-7.09
2026-05-24 03:00:00,domingo,-19.81,-42.87,-42.97,-29.64,-27.32,-9.19,-13.99,0.0,-29.6,-23.33,13.26,-19.22,-8.2
2026-05-24 04:00:00,domingo,-19.8,-42.73,-42.93,-29.42,-29.69,-9.17,-13.97,0.0,-27.44,-21.06,13.55,-21.39,-8.25
2026-05-24 05:00:00,domingo,-19.81,-42.78,-42.97,-30.02,-31.29,-9.2,-13.98,0.0,-29.93,-23.87,14.27,-23.44,-8.09
2026-05-24 06:00:00,domingo,-19.82,-42.89,-43.12,-30.19,-30.79,-9.12,-13.96,0.0,-29.96,-23.64,14.94,-22.52,-9.17
2026-05-24 07:00:00,domingo,-19.83,-42.84,-43.1,-29.72,-30.62,-9.2,-13.33,0.0,-30.15,-23.66,17.49,-22.02,-8.38
2026-05-24 08:00:00,domingo,-19.83,-42.74,-42.96,-30.26,-32.7,-9.16,-12.97,0.0,-29.22,-22.88,18.49,-25.49,-8.75
2026-05-24 09:00:00,domingo,-19.82,-42.88,-43.13,-29.63,-29.17,-9.16,-12.97,0.0,-31.6,-25.42,17.87,-22.06,-9.17
2026-05-24 10:00:00,domingo,-19.83,-42.8,-43.04,-29.93,-29.14,-9.21,-12.16,0.0,-30.86,-24.6,15.76,-22.83,-8.99
2026-05-24 11:00:00,domingo,-19.79,-43.07,-43.21,-29.59,-24.29,-9.19,-12.32,0.0,-35.23,-29.34,15.17,-17.27,-9.05
2026-05-24 12:00:00,domingo,-19.79,-43.21,-43.31,-29.22,-27.8,-9.14,-14.2,0.0,-38.75,-32.72,15.13,-20.4,-9.43
2026-05-24 13:00:00,domingo,-19.76,-43.11,-43.21,-29.58,-28.5,-9.2,-19.78,0.0,-34.09,-28.09,13.94,-21.91,-9.73
2026-05-24 14:00:00,domingo,-19.79,-43.49,-43.09,-29.44,-24.78,-9.18,-25.49,0.0,-43.87,-37.54,8.88,-17.85,-9.69
2026-05-24 15:00:00,domingo,-19.8,-43.55,-42.76,-28.72,-21.24,-9.15,-25.62,0.0,-40.7,-34.39,7.81,-13.32,-10.06
2026-05-24 16:00:00,domingo,-19.78,-43.85,-41.42,-27.79,-24.8,-9.17,-26.74,0.0,-43.64,-37.32,8.05,-15.32,-9.79
2026-05-24 17:00:00,domingo,-19.75,-44.03,-41.42,-27.79,-28.91,-9.1,-26.9,0.0,-44.13,-37.99,7.59,-19.66,-11.33
2026-05-24 18:00:00,domingo,-19.7,-43.37,-43.29,-26.41,-31.05,-9.18,-21.95,0.0,-33.73,-27.62,8.51,-22.16,-12.19
2026-05-24 19:00:00,domingo,-19.78,-43.22,-42.96,-27.95,-29.19,-9.19,-13.52,0.0,-36.59,-30.47,16.32,-21.93,-10.69
2026-05-24 20:00:00,domingo,-19.78,-42.86,-43.01,-27.75,-29.99,-9.14,-6.64,0.0,-29.22,-23.15,23.14,-20.89,-10.35
2026-05-24 21:00:00,domingo,-19.76,-43.09,-43.07,-28.16,-28.33,-9.21,-4.96,0.0,-29.5,-23.46,22.68,-19.93,-9.79
2026-05-24 22:00:00,domingo,-19.79,-43.07,-43.22,-28.17,-28.99,-9.15,-4.87,0.0,-27.84,-21.83,24.14,-21.07,-9.89
2026-05-24 23:00:00,domingo,-19.79,-43.25,-43.32,-27.78,-29.43,-9.21,-4.86,0.0,-31.4,-25.42,25.47,-20.8,-10.07
2026-05-25 00:00:00,lunes,-19.8,-43.29,-42.75,-28.05,-33.74,-9.14,-5.71,0.0,-35.81,-29.71,26.42,-25.19,-8.99
2026-05-25 01:00:00,lunes,-19.82,-43.12,-42.84,-28.1,-34.09,-9.18,-8.58,0.0,-31.09,-24.9,24.63,-26.04,-8.98
2026-05-25 02:00:00,lunes,-19.81,-43.15,-43.17,-28.05,-31.81,-9.18,-16.0,0.0,-31.38,-25.1,17.52,-23.64,-9.86
2026-05-25 03:00:00,lunes,-19.86,-43.12,-43.31,-28.33,-32.56,-9.17,-13.74,0.0,-31.65,-25.37,19.45,-23.86,-9.92
2026-05-25 04:00:00,lunes,-19.82,-43.18,-43.22,-27.82,-31.3,-9.17,-13.25,0.0,-22.14,-16.09,20.18,-22.39,-9.1
2026-05-25 05:00:00,lunes,-19.58,-43.6,-43.68,-28.15,-33.04,-9.2,-14.05,0.0,-29.69,-23.74,20.17,-23.76,-10.93
2026-05-25 06:00:00,lunes,-19.87,-43.47,-43.74,-25.91,-32.35,-9.22,-16.04,0.0,-29.13,-22.96,20.89,-20.37,-10.41
2026-05-25 07:00:00,lunes,-19.86,-43.52,-43.85,-25.29,-27.2,-9.24,-16.01,0.0,-31.47,-25.19,21.48,-15.24,-9.88
2026-05-25 08:00:00,lunes,-19.88,-43.29,-43.6,-24.18,-4.31,-8.27,-14.45,0.0,-27.82,-21.71,22.32,7.82,-10.18
2026-05-25 09:00:00,lunes,-19.88,-43.28,-43.69,-25.28,-18.48,-9.16,-14.68,0.0,-29.42,-23.14,22.93,-7.73,-10.23
2026-05-25 10:00:00,lunes,-19.9,-43.58,-44.05,-25.23,-24.45,-9.17,-18.2,0.0,-34.93,-28.52,19.3,-12.77,-10.57
2026-05-25 11:00:00,lunes,-19.88,-42.47,-43.73,-25.04,-28.49,-9.18,-25.03,0.0,-31.0,-24.73,12.54,-16.98,-8.61
2026-05-25 12:00:00,lunes,-19.89,-42.4,-42.24,-25.46,-30.87,-9.19,-29.61,0.0,-39.63,-33.61,8.71,-19.52,-7.63
2026-05-25 13:00:00,lunes,-19.87,-42.29,-41.79,-23.29,-31.87,-9.13,-30.9,0.0,-42.5,-36.14,8.17,-18.3,-7.5
2026-05-25 14:00:00,lunes,-19.83,-42.22,-41.94,-23.32,-30.42,-9.23,-30.88,0.0,-36.0,-29.48,9.91,-15.9,-8.92
2026-05-25 15:00:00,lunes,-19.85,-42.95,-36.56,-19.83,-29.23,-9.19,-30.72,0.0,-48.08,-41.88,7.91,-10.8,-4.44
2026-05-25 16:00:00,lunes,-19.84,-42.22,-42.38,-19.51,-31.12,-9.16,-29.33,-2.88,-36.66,-30.41,4.33,-12.48,-8.89
2026-05-25 17:00:00,lunes,-19.8,-43.34,-36.23,-21.03,-31.73,-9.14,-24.02,-21.13,-49.22,-42.66,-9.39,-14.58,-3.5
2026-05-25 18:00:00,lunes,-19.8,-42.56,-35.95,-20.44,-28.11,-9.21,-21.17,-25.85,-49.39,-42.98,-12.49,-10.5,-3.68
2026-05-25 19:00:00,lunes,-19.8,-40.99,-42.46,-21.81,-26.28,-9.19,-23.51,-21.07,-37.17,-30.63,-7.35,-10.23,-8.34
2026-05-25 20:00:00,lunes,-19.81,-40.88,-41.6,-21.28,-24.85,-9.17,-22.07,-21.24,-43.19,-36.71,-4.64,-8.93,-7.2
2026-05-25 21:00:00,lunes,-19.82,-42.18,-41.37,-21.86,-28.27,-9.16,-22.59,-19.35,-32.49,-26.16,-3.06,-12.67,-7.81
2026-05-25 22:00:00,lunes,-19.84,-43.05,-41.42,-21.88,-28.8,-9.18,-21.95,-22.41,-35.3,-28.89,-5.93,-13.44,-8.01
2026-05-25 23:00:00,lunes,-19.82,-42.42,-41.45,-22.04,-26.42,-9.2,-23.27,-19.65,-30.67,-24.36,-4.66,-10.69,-7.4
2026-05-26 00:00:00,martes,-19.85,-43.23,-41.23,-22.08,-25.72,-9.14,-22.19,-22.36,-39.5,-32.92,-6.51,-10.15,-8.18
2026-05-26 01:00:00,martes,-19.8,-43.32,-40.32,-22.01,-28.99,-9.13,-20.96,-23.51,-39.11,-32.8,-6.73,-12.85,-7.89
2026-05-26 02:00:00,martes,-19.83,-43.01,-40.36,-22.14,-25.95,-9.23,-20.29,-22.04,-30.35,-24.11,-4.22,-9.95,-8.26
2026-05-26 03:00:00,martes,-19.86,-43.01,-40.36,-21.69,-25.26,-9.16,-20.17,-21.33,-32.05,-25.93,-2.64,-8.84,-7.36
2026-05-26 04:00:00,martes,-19.87,-43.02,-40.64,-22.1,-25.95,-9.17,-22.21,-17.36,-33.57,-27.54,-2.47,-10.35,-6.98
2026-05-26 05:00:00,martes,-19.87,-43.11,-40.96,-22.06,-27.22,-9.2,-17.59,-14.85,-34.18,-27.76,0.0,-11.67,-7.94
2026-05-26 06:00:00,martes,-19.89,-43.34,-40.8,-21.88,-27.14,-9.15,-12.81,-9.38,-40.02,-33.87,10.28,-11.18,-8.75
2026-05-26 07:00:00,martes,-19.65,-42.88,-40.9,-21.38,-26.18,-9.17,-12.99,-9.56,-31.88,-25.85,10.63,-10.3,-7.78
2026-05-26 08:00:00,martes,-19.61,-43.05,-41.04,-22.29,-30.87,-9.17,-18.76,-11.2,-33.53,-27.38,6.51,-15.76,-8.26
2026-05-26 09:00:00,martes,-19.89,-42.96,-40.86,-21.94,-31.5,-9.16,-25.99,-2.86,-34.22,-28.06,9.46,-15.64,-9.25
2026-05-26 10:00:00,martes,-19.92,-42.8,-40.97,-22.18,-32.16,-9.2,-25.99,-2.82,-30.35,-24.23,9.19,-16.39,-9.04
2026-05-26 11:00:00,martes,-19.91,-42.97,-40.94,-22.0,-33.21,-9.16,-27.43,-2.83,-32.4,-26.5,7.89,-17.17,-8.74
2026-05-26 12:00:00,martes,-19.87,-42.8,-42.18,-22.23,-32.82,-9.19,-29.21,-15.42,-30.8,-24.89,-4.77,-16.74,-9.33
2026-05-26 13:00:00,martes,-19.87,-43.24,-41.53,-22.09,-32.65,-9.12,-29.73,-16.02,-37.28,-31.13,-6.11,-17.92,-8.7
2026-05-26 14:00:00,martes,-19.69,-43.42,-39.91,-21.96,-29.67,-9.25,-31.69,-10.46,-41.39,-35.1,-1.76,-15.77,-6.89
2026-05-26 15:00:00,martes,-19.75,-43.27,-40.47,-21.19,-31.77,-9.14,-31.02,-7.6,-37.7,-31.33,3.62,-16.86,-7.93
2026-05-26 16:00:00,martes,-19.8,-43.55,-41.04,-22.03,-32.25,-9.7,-29.04,-13.05,-44.43,-38.2,-0.7,-17.97,-9.86
2026-05-26 17:00:00,martes,-19.77,-43.32,-40.92,-21.65,-30.81,-9.66,-29.81,-13.19,-37.39,-31.08,-1.93,-15.33,-9.29
2026-05-26 18:00:00,martes,-19.78,-43.54,-41.34,-21.67,-31.72,-9.67,-30.72,-18.41,-41.38,-34.7,-7.72,-16.11,-8.42
2026-05-26 19:00:00,martes,-19.81,-43.89,-40.76,-21.82,-30.24,-9.53,-28.24,-16.8,-42.25,-35.39,-4.48,-15.12,-7.98
2026-05-26 20:00:00,martes,-19.81,-43.35,-41.65,-21.63,-32.16,-9.14,-29.39,-14.31,-38.97,-32.43,-1.8,-16.08,-7.91
2026-05-26 21:00:00,martes,-19.82,-43.51,-41.78,-22.03,-33.13,-9.21,-28.57,-13.23,-41.94,-35.61,0.74,-17.42,-8.46
2026-05-26 22:00:00,martes,-19.81,-43.36,-41.42,-21.9,-33.05,-9.16,-29.57,-10.56,-37.35,-30.7,3.79,-17.76,-7.86
2026-05-26 23:00:00,martes,-19.84,-43.32,-41.69,-20.83,-32.01,-9.17,-32.12,-9.76,-35.91,-29.41,2.43,-16.64,-8.2
2026-05-27 00:00:00,miércoles,-19.83,-43.02,-41.14,-21.88,-29.84,-9.19,-31.8,-8.89,-34.56,-28.22,3.42,-19.4,-7.32
2026-05-27 01:00:00,miércoles,-19.86,-43.12,-40.9,-21.91,-19.0,-9.16,-31.62,-9.7,-42.43,-35.69,2.85,-10.5,-6.87
2026-05-27 02:00:00,miércoles,-19.8,-41.46,-40.98,-21.65,-13.22,-9.17,-30.56,-11.15,-46.1,-39.6,0.64,-6.34,-5.49
2026-05-27 03:00:00,miércoles,-19.85,-43.29,-40.93,-20.6,-17.03,-9.19,-29.12,-9.99,-37.43,-31.1,2.74,-12.27,-7.67
2026-05-27 04:00:00,miércoles,-19.55,-43.34,-41.01,-16.66,-17.24,-9.17,-28.3,-4.27,-40.41,-34.07,8.38,-11.5,-6.8
2026-05-27 05:00:00,miércoles,-19.78,-43.39,-40.95,-13.6,-20.15,-9.18,-29.21,-6.89,-39.73,-33.76,3.84,-15.03,-7.47
2026-05-27 06:00:00,miércoles,-19.82,-43.41,-40.99,-13.56,-15.8,-9.18,-28.56,-8.27,-38.19,-32.08,2.82,-10.77,-7.76
2026-05-27 07:00:00,miércoles,-19.77,-43.92,-40.26,-13.52,-20.17,-9.16,-28.1,-9.63,-42.77,-36.58,2.09,-15.88,-6.59
2026-05-27 08:00:00,miércoles,-19.8,-43.46,-40.87,-13.43,-15.39,-9.05,-28.96,-12.63,-34.37,-28.26,-1.48,-8.65,-5.7
2026-05-27 09:00:00,miércoles,-19.76,-43.19,-41.0,-8.69,-22.97,-8.26,-28.14,-6.11,-43.96,-37.87,6.36,-7.27,-7.35
2026-05-27 10:00:00,miércoles,-19.73,-44.04,-41.26,0.0,-29.82,-9.45,-26.7,-8.07,-41.17,-35.06,6.38,-5.28,-8.75
2026-05-27 11:00:00,miércoles,-19.7,-43.25,-42.09,0.0,-26.0,-9.08,-27.16,-7.01,-36.35,-30.17,7.73,0.2,-8.3
2026-05-27 12:00:00,miércoles,-19.76,-43.16,-42.13,0.0,-32.83,-9.2,-26.93,-7.77,-39.59,-33.45,6.35,-0.61,-8.41
2026-05-27 13:00:00,miércoles,-19.85,-43.23,-42.16,0.0,-33.91,-9.19,-26.31,-12.93,-34.7,-28.71,3.6,0.13,-9.0
2026-05-27 14:00:00,miércoles,-19.76,-43.35,-41.18,0.0,-33.03,-9.18,-26.96,-9.6,-43.93,-37.63,6.63,0.86,-8.77
2026-05-27 15:00:00,miércoles,-19.71,-43.34,-39.51,0.0,-32.5,-9.17,-28.14,-8.0,-45.56,-39.06,8.39,1.73,-7.14
2026-05-27 16:00:00,miércoles,-19.76,-43.2,-40.91,-1.38,-31.05,-9.15,-27.23,-15.1,-36.14,-29.87,1.38,1.93,-8.07
2026-05-27 17:00:00,miércoles,-19.76,-43.33,-39.84,-8.85,-28.37,-9.2,-28.09,-15.14,-46.14,-39.88,0.84,-2.82,-7.86
2026-05-27 18:00:00,miércoles,-19.76,-43.29,-41.02,-18.31,-30.12,-9.18,-28.23,-12.19,-34.18,-28.4,2.9,-13.31,-7.76
2026-05-27 19:00:00,miércoles,-19.72,-43.3,-40.61,-27.23,-27.75,-9.24,-27.58,-11.56,-41.47,-35.11,3.66,-19.61,-7.31
2026-05-27 20:00:00,miércoles,-19.73,-43.24,-40.7,-33.16,-16.72,-9.16,-26.94,-19.09,-44.77,-38.25,-4.88,-14.94,-6.6
2026-05-27 21:00:00,miércoles,-19.71,-43.3,-41.99,-34.68,-17.05,-8.53,-28.79,-18.98,-43.29,-36.85,-6.71,-18.59,-7.46
2026-05-27 22:00:00,miércoles,-19.73,-43.31,-41.9,-33.83,-15.28,-7.89,-29.99,-17.11,-48.49,-41.69,-4.47,-15.49,-8.24
2026-05-27 23:00:00,miércoles,-19.71,-43.27,-41.95,-33.4,-16.52,-7.63,-29.92,-15.0,-43.16,-36.72,-0.81,-14.1,-7.97
2026-05-28 00:00:00,jueves,-19.74,-42.96,-42.15,-34.44,-18.59,-7.66,-30.11,-13.91,-44.96,-38.47,0.82,-16.98,-7.4
2026-05-28 01:00:00,jueves,-19.75,-42.95,-42.53,-34.25,-15.13,-7.64,-31.16,-10.15,-46.55,-39.89,3.61,-12.19,-8.36
2026-05-28 02:00:00,jueves,-19.8,-43.21,-42.56,-32.85,-9.68,-8.02,-29.85,-14.9,-44.86,-38.28,0.51,-6.11,-9.46
2026-05-28 03:00:00,jueves,-19.81,-43.24,-42.47,-32.7,-9.0,-8.16,-29.7,-10.84,-47.81,-41.2,4.67,-5.14,-9.1
2026-05-28 04:00:00,jueves,-19.8,-43.02,-42.46,-33.05,-10.2,-8.17,-29.79,-10.03,-41.23,-34.62,5.14,-6.49,-8.52
2026-05-28 05:00:00,jueves,-19.8,-43.28,-42.53,-32.97,-10.81,-8.11,-29.62,-6.62,-44.15,-37.58,8.47,-7.79,-8.65
2026-05-28 06:00:00,jueves,-19.77,-43.29,-42.56,-32.49,-5.97,-8.18,-29.18,-14.48,-44.82,-38.3,-0.42,-2.6,-8.63
2026-05-28 07:00:00,jueves,-19.79,-43.33,-42.55,-31.88,-8.98,-8.16,-30.93,-13.69,-44.59,-38.32,-2.24,-4.21,-7.83
2026-05-28 08:00:00,jueves,-19.72,-43.25,-41.56,-30.88,-10.59,-8.43,-31.84,-9.77,-51.8,-45.45,1.65,-5.15,-7.33
2026-05-28 09:00:00,jueves,-19.74,-43.25,-42.53,-31.8,-11.84,-8.68,-29.46,-14.08,-40.84,-34.58,-0.07,-7.52,-9.84
2026-05-28 10:00:00,jueves,-19.74,-43.31,-42.57,-32.64,-13.19,-8.47,-29.68,-16.85,-45.96,-39.79,-0.94,-8.62,-9.7
2026-05-28 11:00:00,jueves,-19.72,-43.24,-42.5,-32.6,-15.94,-8.16,-29.5,-20.66,-48.8,-42.5,-4.93,-10.69,-7.62
2026-05-28 12:00:00,jueves,-19.65,-43.27,-42.52,-33.5,-17.03,-8.18,-32.06,-11.43,-47.09,-40.44,2.18,-12.68,-8.67
2026-05-28 13:00:00,jueves,-19.76,-43.31,-43.15,-33.54,-19.48,-8.15,-29.2,-18.69,-50.06,-43.43,-3.59,-15.18,-7.95
2026-05-28 14:00:00,jueves,-19.73,-43.34,-43.16,-34.53,-20.53,-8.14,-30.28,-12.19,-49.25,-42.72,3.07,-17.55,-9.07
2026-05-28 15:00:00,jueves,-19.73,-43.29,-41.25,-34.17,-17.4,-8.17,-29.56,-16.39,-58.87,-52.18,0.12,-14.0,-7.85
2026-05-28 16:00:00,jueves,-19.7,-43.33,-41.41,-33.17,-16.67,-8.41,-30.37,-9.67,-58.26,-51.54,5.35,-12.71,-8.81
2026-05-28 17:00:00,jueves,-19.63,-43.27,-42.07,-31.83,-19.77,-8.62,-30.64,-10.6,-49.62,-42.96,0.85,-14.7,-9.04
2026-05-28 18:00:00,jueves,-19.6,-43.26,-38.16,-30.64,-19.78,-8.7,-31.44,-8.59,-60.94,-54.11,2.55,-13.93,-3.92
2026-05-28 19:00:00,jueves,-19.63,-43.23,-40.84,-30.88,-16.71,-8.67,-30.94,-18.16,-53.73,-46.9,-6.72,-12.09,-4.77
2026-05-28 20:00:00,jueves,-19.75,-43.28,-42.39,-31.31,-17.91,-8.65,-31.99,-25.83,-52.66,-46.12,-15.24,-13.69,-5.7
2026-05-28 21:00:00,jueves,-19.75,-43.23,-43.31,-31.77,-15.33,-8.69,-34.18,-20.27,-49.73,-43.11,-12.34,-11.45,-6.53
2026-05-28 22:00:00,jueves,-19.68,-43.26,-43.62,-31.56,-11.4,-8.68,-31.74,-24.12,-43.15,-36.77,-14.82,-7.11,-7.03
2026-05-28 23:00:00,jueves,-19.68,-43.21,-43.22,-30.49,-6.31,-8.55,-31.09,-21.94,-50.02,-43.24,-12.98,-1.3,-7.15
2026-05-29 00:00:00,viernes,-19.66,-43.19,-42.99,-31.15,-8.2,-8.64,-29.39,-19.54,-41.07,-34.42,-6.71,-3.94,-7.05
2026-05-29 01:00:00,viernes,-19.7,-43.21,-42.89,-31.75,-10.03,-8.68,-30.05,-16.33,-45.72,-39.16,-4.42,-6.8,-7.43
2026-05-29 02:00:00,viernes,-19.71,-42.54,-43.26,-32.12,-7.48,-8.67,-29.39,-15.07,-43.64,-36.95,-2.04,-4.31,-8.47
2026-05-29 03:00:00,viernes,-19.76,-42.83,-43.32,-31.34,-8.1,-8.66,-28.59,-20.06,-45.72,-39.04,-6.28,-3.51,-7.71
2026-05-29 04:00:00,viernes,-19.77,-43.36,-43.22,-32.11,-8.51,-8.66,-26.74,-23.38,-48.15,-41.51,-8.36,-4.27,-7.33
2026-05-29 05:00:00,viernes,-19.75,-43.22,-43.49,-33.0,-7.79,-8.69,-27.59,-17.61,-43.15,-36.49,-4.2,-4.59,-7.72
2026-05-29 06:00:00,viernes,-19.72,-43.41,-43.6,-33.15,-14.72,-8.63,-22.35,-25.45,-48.2,-41.41,-7.72,-11.36,-7.97
2026-05-29 07:00:00,viernes,-19.8,-43.4,-43.62,-31.01,-15.79,-8.69,-21.55,-20.43,-51.47,-44.73,-1.08,-10.31,-6.57
2026-05-29 08:00:00,viernes,-19.76,-43.39,-43.47,-31.81,-14.89,-8.66,-24.43,-16.05,-48.07,-41.49,-0.23,-10.9,-7.29
2026-05-29 09:00:00,viernes,-19.75,-43.51,-43.36,-32.24,-12.75,-8.67,-23.74,-18.16,-50.15,-43.88,-1.33,-9.64,-8.79
2026-05-29 10:00:00,viernes,-19.68,-43.43,-43.55,-31.66,-11.39,-8.67,-26.03,-13.37,-42.08,-36.06,3.43,-7.35,-9.07
2026-05-29 11:00:00,viernes,-19.67,-43.39,-43.41,-32.32,-16.35,-8.61,-25.77,-16.63,-46.55,-40.53,0.71,-12.62,-8.25
2026-05-29 12:00:00,viernes,-19.68,-43.6,-43.69,-34.08,-15.45,-8.35,-25.94,-12.43,-47.01,-40.87,4.64,-13.5,-9.37
2026-05-29 13:00:00,viernes,-19.6,-43.53,-43.11,-34.63,-17.5,-8.1,-25.6,-18.55,-47.35,-41.27,-1.24,-15.03,-8.66
2026-05-29 14:00:00,viernes,-19.73,-43.56,-43.84,-35.64,-10.19,-7.68,-24.73,-21.8,-44.68,-38.81,-4.15,-8.34,-9.43
2026-05-29 15:00:00,viernes,-19.7,-43.24,-43.26,-35.68,-8.15,-7.64,-26.2,-17.83,-42.37,-36.78,-1.29,-6.65,-8.58
2026-05-29 16:00:00,viernes,-19.7,-43.76,-42.89,-33.69,-14.35,-7.64,-26.42,-14.55,-46.83,-40.99,2.15,-11.26,-8.55
2026-05-29 17:00:00,viernes,-19.7,-43.95,-43.07,-35.4,-14.85,-7.41,-25.97,-12.77,-47.61,-41.4,4.39,-13.12,-9.09
2026-05-29 18:00:00,viernes,-19.69,-43.69,-43.85,-34.59,-16.09,-7.14,-27.23,-7.5,-48.0,-41.51,8.87,-13.29,-8.75
2026-05-29 19:00:00,viernes,-19.63,-43.84,-42.96,-35.6,-14.8,-7.15,-25.98,-16.24,-54.16,-47.54,0.75,-14.76,-7.91
2026-05-29 20:00:00,viernes,-19.74,-43.36,-43.72,-36.13,-15.68,-7.08,-27.28,-17.68,-45.02,-38.78,-2.09,-16.14,-9.25
2026-05-29 21:00:00,viernes,-19.74,-43.48,-43.71,-36.07,-16.3,-7.15,-27.16,-16.52,-51.07,-44.5,-1.63,-15.61,-9.68
2026-05-29 22:00:00,viernes,-19.66,-43.56,-43.84,-35.71,-14.28,-7.16,-27.33,-20.19,-50.84,-44.06,-4.56,-12.81,-9.63
2026-05-29 23:00:00,viernes,-19.78,-43.4,-43.78,-35.05,-16.44,-7.14,-27.3,-15.19,-45.43,-38.95,-0.32,-14.15,-9.02
2026-05-30 00:00:00,sábado,-19.7,-43.43,-43.62,-35.17,-14.08,-7.15,-28.64,-17.28,-47.29,-40.89,-1.8,-11.81,-8.76
2026-05-30 01:00:00,sábado,-19.68,-43.33,-43.46,-35.05,-12.68,-7.12,-28.84,-19.12,-44.3,-37.65,-3.25,-9.58,-8.62
2026-05-30 02:00:00,sábado,-19.68,-43.39,-43.37,-36.17,-9.9,-7.08,-31.07,-14.89,-46.65,-40.1,-0.84,-7.57,-7.98
2026-05-30 03:00:00,sábado,-19.68,-43.44,-43.78,-36.12,-8.73,-7.19,-29.56,-17.92,-47.69,-41.12,-2.24,-6.84,-8.54
2026-05-30 04:00:00,sábado,-19.73,-43.4,-43.42,-36.37,-12.34,-7.13,-29.73,-18.27,-51.5,-44.74,-2.66,-10.59,-8.54
2026-05-30 05:00:00,sábado,-19.72,-43.52,-43.77,-35.75,-16.13,-7.07,-29.82,-16.29,-54.76,-48.46,-0.59,-13.96,-9.97
2026-05-30 06:00:00,sábado,-19.65,-43.33,-43.63,-35.08,-17.06,-7.19,-29.88,-12.88,-46.8,-40.59,0.42,-13.92,-9.65
2026-05-30 07:00:00,sábado,-19.75,-43.49,-43.77,-35.77,-9.34,-8.12,-30.12,-14.05,-51.35,-45.26,-2.52,-8.52,-9.81
2026-05-30 08:00:00,sábado,-19.78,-43.41,-43.45,-36.11,-12.41,-8.65,-30.71,-13.69,-51.69,-45.48,-2.77,-12.09,-8.77
2026-05-30 09:00:00,sábado,-19.77,-43.33,-43.62,-36.0,-15.94,-9.0,-28.4,-20.93,-44.65,-38.71,-9.12,-15.85,-9.26
2026-05-30 10:00:00,sábado,-19.75,-43.37,-43.53,-35.42,-14.4,-9.27,-28.68,-17.72,-41.86,-36.35,-7.1,-13.65,-9.44
2026-05-30 11:00:00,sábado,-19.54,-43.4,-43.68,-35.84,-12.69,-8.99,-26.27,-21.99,-34.48,-29.1,-8.53,-12.27,-10.14
2026-05-30 12:00:00,sábado,-19.77,-43.5,-43.77,-35.72,-9.36,-7.96,-26.46,-19.38,-42.2,-36.25,-4.96,-7.95,-10.1
2026-05-30 13:00:00,sábado,-19.73,-43.42,-43.59,-35.81,-8.44,-7.35,-27.76,-13.07,-54.49,-47.8,-1.82,-6.06,-9.35
2026-05-30 14:00:00,sábado,-19.58,-43.63,-43.69,-34.45,-11.8,-7.16,-25.97,-18.95,-52.56,-45.79,-4.56,-8.31,-10.25
2026-05-30 15:00:00,sábado,-19.58,-43.61,-43.88,-34.6,-13.98,-7.47,-26.66,-17.99,-51.41,-44.73,-3.43,-11.09,-9.94
2026-05-30 16:00:00,sábado,-19.62,-43.61,-43.76,-36.03,-17.42,-8.61,-26.01,-20.13,-52.23,-45.5,-5.92,-16.13,-9.91
2026-05-30 17:00:00,sábado,-19.57,-43.73,-43.61,-36.03,-19.56,-8.66,-27.22,-16.55,-52.14,-45.55,-3.47,-18.47,-9.33
2026-05-30 18:00:00,sábado,-19.58,-44.0,-40.11,-35.78,-20.95,-8.94,-25.71,-19.07,-63.16,-56.55,-1.36,-19.79,-6.03
2026-05-30 19:00:00,sábado,-19.57,-43.86,-42.36,-35.98,-25.45,-9.06,-27.79,-11.46,-55.44,-49.0,5.24,-24.18,-8.16
2026-05-30 20:00:00,sábado,-19.68,-43.62,-43.62,-35.78,-24.89,-9.17,-27.77,-12.67,-51.92,-45.6,3.26,-23.68,-8.54
2026-05-30 21:00:00,sábado,-19.61,-43.72,-42.87,-36.0,-24.57,-8.4,-28.57,-6.01,-54.37,-47.98,9.88,-23.16,-7.87
2026-05-30 22:00:00,sábado,-19.55,-43.58,-42.58,-35.17,-26.18,-8.14,-29.4,-10.0,-52.98,-46.41,6.0,-23.28,-7.6
2026-05-30 23:00:00,sábado,-19.57,-43.81,-41.69,-34.8,-24.4,-8.18,-28.78,-8.54,-59.43,-52.99,7.44,-21.21,-6.29
2026-05-31 00:00:00,domingo,-19.75,-43.72,-42.24,-34.94,-22.94,-8.16,-27.88,-12.42,-54.19,-47.91,4.61,-20.31,-5.9
2026-05-31 01:00:00,domingo,-19.71,-43.47,-43.48,-35.19,-26.82,-8.11,-28.5,-12.75,-48.47,-42.18,3.39,-24.07,-6.35
2026-05-31 02:00:00,domingo,-19.75,-43.32,-43.67,-35.14,-25.94,-8.18,-29.46,-11.71,-49.15,-42.64,3.72,-22.93,-7.72
2026-05-31 03:00:00,domingo,-19.7,-43.19,-43.41,-35.11,-22.81,-8.15,-28.93,-12.6,-42.99,-36.57,3.72,-18.75,-6.65
2026-05-31 04:00:00,domingo,-19.73,-43.31,-43.67,-35.32,-24.97,-8.18,-28.61,-14.57,-45.21,-38.83,1.87,-21.79,-7.14
2026-05-31 05:00:00,domingo,-19.71,-43.26,-43.59,-34.99,-26.24,-8.5,-27.98,-10.93,-45.38,-39.05,5.98,-22.68,-5.81
2026-05-31 06:00:00,domingo,-19.66,-43.31,-43.49,-35.2,-27.32,-8.44,-28.15,-7.35,-47.0,-40.64,9.23,-23.89,-5.89
2026-05-31 07:00:00,domingo,-19.69,-43.33,-43.48,-35.24,-29.76,-8.11,-28.41,-11.5,-44.58,-38.17,3.95,-26.13,-5.55
2026-05-31 08:00:00,domingo,-19.83,-43.17,-43.53,-35.12,-27.42,-8.16,-26.23,-13.22,-40.7,-34.49,1.1,-24.16,-7.28
2026-05-31 09:00:00,domingo,-19.78,-43.41,-43.76,-35.1,-26.65,-8.08,-24.55,-10.13,-43.0,-37.34,3.8,-23.5,-8.96
2026-05-31 10:00:00,domingo,-19.78,-43.14,-43.57,-35.22,-17.93,-8.26,-24.5,-11.6,-33.34,-27.78,2.43,-14.94,-8.57
2026-05-31 11:00:00,domingo,-19.77,-43.27,-43.92,-34.91,-19.08,-7.72,-23.85,-14.32,-33.23,-27.75,2.0,-15.74,-8.53
2026-05-31 12:00:00,domingo,-19.8,-43.12,-43.75,-34.77,-24.55,-7.58,-25.71,-10.88,-40.03,-34.11,3.8,-20.56,-7.79
2026-05-31 13:00:00,domingo,-19.76,-43.03,-43.66,-35.25,-25.83,-8.17,-25.89,-8.26,-37.13,-31.2,6.31,-22.86,-10.02
2026-05-31 14:00:00,domingo,-19.74,-43.17,-43.8,-34.95,-26.69,-8.41,-28.11,-8.4,-41.81,-35.54,6.07,-23.08,-9.64
2026-05-31 15:00:00,domingo,-19.72,-43.11,-43.75,-35.26,-22.59,-8.7,-27.51,-14.02,-40.75,-34.37,1.33,-19.85,-8.14
2026-05-31 16:00:00,domingo,-19.77,-43.19,-43.84,-35.06,-23.17,-8.23,-30.0,-9.82,-41.47,-35.19,4.48,-20.12,-8.06
2026-05-31 17:00:00,domingo,-19.73,-43.27,-43.9,-34.97,-26.74,-8.17,-29.43,-12.58,-43.79,-37.51,1.78,-24.11,-8.2
2026-05-31 18:00:00,domingo,-19.68,-43.39,-43.92,-34.79,-29.12,-8.15,-29.07,-12.68,-46.33,-40.0,0.92,-26.62,-8.19
2026-05-31 19:00:00,domingo,-19.67,-43.49,-44.04,-35.56,-28.53,-8.15,-29.26,-12.16,-47.45,-41.15,2.14,-27.34,-8.08
2026-05-31 20:00:00,domingo,-19.75,-43.61,-44.23,-35.91,-29.72,-8.13,-29.3,-14.89,-46.08,-39.99,-0.27,-29.58,-8.26
2026-05-31 21:00:00,domingo,-19.71,-43.57,-44.14,-35.22,-30.18,-8.15,-27.89,-16.74,-43.84,-37.63,-0.98,-29.0,-8.83
2026-05-31 22:00:00,domingo,-19.65,-43.68,-44.28,-35.09,-29.82,-8.14,-29.59,-10.34,-47.19,-40.94,3.35,-28.33,-9.25
2026-05-31 23:00:00,domingo,-19.64,-43.53,-44.09,-35.06,-30.61,-8.12,-28.59,-12.29,-45.58,-39.17,2.82,-28.04,-8.0
2026-06-01 00:00:00,lunes,-19.76,-43.68,-44.29,-35.13,-33.73,-8.21,-28.19,-16.42,-49.62,-42.97,-0.47,-30.93,-8.95
2026-06-01 01:00:00,lunes,-19.66,-43.57,-44.17,-35.24,-27.81,-8.15,-27.14,-20.7,-42.18,-35.69,-7.22,-24.58,-8.89
2026-06-01 02:00:00,lunes,-19.69,-43.5,-44.05,-35.21,-28.42,-8.17,-26.29,-18.15,-44.77,-38.4,-5.25,-25.21,-7.39
2026-06-01 03:00:00,lunes,-19.67,-43.67,-44.27,-35.11,-27.64,-8.17,-25.24,-15.05,-46.67,-40.2,-0.82,-24.56,-8.53
2026-06-01 04:00:00,lunes,-19.74,-43.43,-44.04,-35.19,-26.02,-8.2,-25.07,-7.57,-40.86,-34.43,11.06,-23.53,-7.3
2026-06-01 05:00:00,lunes,-19.71,-43.48,-44.17,-35.1,-25.04,-8.17,-26.43,-9.63,-42.84,-36.45,7.62,-22.4,-7.95
2026-06-01 06:00:00,lunes,-19.68,-43.51,-44.04,-35.39,-26.07,-8.27,-25.67,-18.69,-41.8,-35.63,-0.55,-23.32,-9.04
2026-06-01 07:00:00,lunes,-19.7,-43.69,-43.27,-36.16,-22.3,-8.68,-28.55,-12.15,-49.13,-42.92,2.48,-20.71,-7.69
2026-06-01 08:00:00,lunes,-19.69,-43.49,-43.56,-36.16,-25.57,-8.66,-29.02,-12.97,-45.32,-39.03,1.21,-23.82,-8.49
2026-06-01 09:00:00,lunes,-19.69,-43.43,-42.56,-36.22,-27.22,-8.63,-28.68,-13.02,-41.59,-35.62,1.87,-26.12,-7.93
2026-06-01 10:00:00,lunes,-19.65,-43.6,-42.57,-36.2,-26.82,-8.66,-30.03,-13.45,-43.56,-37.69,-2.56,-25.21,-8.44
2026-06-01 11:00:00,lunes,-19.72,-43.49,-42.5,-36.05,-24.49,-8.69,-29.99,-14.14,-44.88,-38.85,-3.52,-21.97,-7.2
2026-06-01 12:00:00,lunes,-19.74,-43.63,-42.62,-36.27,-25.49,-8.65,-28.87,-13.62,-46.95,-40.8,-2.18,-23.35,-7.7
2026-06-01 13:00:00,lunes,-19.68,-43.55,-43.56,-36.03,-26.48,-8.7,-29.04,-14.33,-48.11,-41.69,-2.65,-24.14,-7.66
2026-06-01 14:00:00,lunes,-19.55,-43.54,-44.19,-36.18,-25.6,-8.67,-27.26,-25.43,-44.89,-38.61,-12.57,-23.17,-9.43
2026-06-01 15:00:00,lunes,-19.6,-43.43,-44.0,-35.95,-23.97,-8.67,-28.35,-20.97,-45.34,-38.84,-8.77,-21.38,-8.99
2026-06-01 16:00:00,lunes,-19.63,-43.23,-43.81,-36.31,-26.05,-8.66,-25.79,-25.6,-31.75,-25.73,-12.34,-23.77,-8.23
2026-06-01 17:00:00,lunes,-19.61,-43.44,-44.1,-36.25,-25.35,-8.66,-24.31,-24.48,-37.94,-31.74,-11.95,-22.91,-8.91
2026-06-01 18:00:00,lunes,-19.5,-43.59,-44.24,-36.24,-26.03,-8.66,-21.44,-27.71,-42.73,-36.41,-10.17,-23.36,-8.5
2026-06-01 19:00:00,lunes,-19.64,-43.6,-44.31,-36.1,-28.3,-8.65,-20.09,-24.12,-47.58,-41.09,-5.01,-26.22,-9.08
2026-06-01 20:00:00,lunes,-19.58,-43.77,-43.16,-36.1,-27.55,-8.68,-21.46,-24.85,-53.15,-46.53,-9.02,-26.04,-7.51
2026-06-01 21:00:00,lunes,-19.53,-43.77,-44.32,-36.06,-27.5,-8.64,-20.21,-24.22,-49.52,-43.09,-7.67,-26.29,-8.41
2026-06-01 22:00:00,lunes,-19.5,-43.59,-44.28,-36.33,-28.84,-8.61,-9.62,-22.9,-46.57,-40.02,0.33,-27.94,-8.62
2026-06-01 23:00:00,lunes,-19.54,-43.68,-43.9,-36.16,-32.86,-8.69,-7.35,-10.59,-51.66,-45.08,15.37,-31.25,-8.58
2026-06-02 00:00:00,martes,-19.67,-43.42,-42.91,-35.82,-31.77,-9.07,-6.97,-6.2,-47.02,-40.46,19.44,-29.66,-6.57
2026-06-02 01:00:00,martes,-19.56,-43.56,-44.23,-36.15,-27.82,-8.66,-6.96,-10.29,-49.54,-43.05,16.1,-25.6,-8.46
2026-06-02 02:00:00,martes,-19.6,-43.41,-43.96,-36.24,-27.39,-8.68,-6.96,-17.77,-45.28,-38.81,10.5,-25.55,-7.72
2026-06-02 03:00:00,martes,-19.63,-43.26,-42.44,-36.2,-27.17,-8.67,-8.07,-16.58,-34.82,-28.53,9.37,-25.3,-7.08
2026-06-02 04:00:00,martes,-19.68,-43.59,-41.99,-36.26,-28.08,-8.66,-10.46,-10.36,-37.79,-31.24,15.23,-26.3,-7.13
2026-06-02 05:00:00,martes,-19.62,-43.45,-42.02,-36.29,-28.09,-8.64,-10.94,-8.05,-29.51,-23.44,17.38,-26.29,-7.43
2026-06-02 06:00:00,martes,-19.59,-43.36,-42.03,-36.18,-26.59,-8.67,-10.32,-9.94,-42.3,-35.72,16.3,-24.45,-7.05
2026-06-02 07:00:00,martes,-19.67,-43.51,-43.11,-36.28,-25.19,-8.68,-10.9,-14.04,-39.72,-33.32,11.69,-23.96,-9.03
2026-06-02 08:00:00,martes,-19.64,-43.38,-41.47,-35.94,-26.76,-8.72,-15.81,-10.74,-49.37,-42.97,9.99,-25.35,-6.57
2026-06-02 09:00:00,martes,-19.63,-43.54,-42.96,-36.23,-25.4,-8.64,-23.09,-7.77,-51.3,-44.95,3.84,-24.34,-8.12
2026-06-02 10:00:00,martes,-19.64,-43.49,-42.96,-36.04,-22.95,-8.69,-28.03,-11.95,-47.82,-41.72,-5.18,-21.38,-8.06
2026-06-02 11:00:00,martes,-19.61,-43.6,-42.96,-36.19,-26.6,-9.18,-29.1,-15.11,-48.59,-42.33,-8.39,-25.59,-8.56
2026-06-02 12:00:00,martes,-19.42,-42.87,-42.91,-36.05,-26.24,-9.14,-30.45,-16.45,-45.78,-39.55,-7.2,-24.48,-8.11
2026-06-02 13:00:00,martes,-19.61,-42.07,-42.93,-36.11,-25.23,-9.21,-32.04,-10.95,-48.64,-42.24,-2.61,-23.66,-7.08
2026-06-02 14:00:00,martes,-19.46,-42.18,-43.02,-35.41,-29.15,-9.17,-32.18,-11.85,-46.67,-40.35,-3.76,-27.56,-7.59
2026-06-02 15:00:00,martes,-19.13,-42.04,-42.9,-35.51,-26.89,-9.14,-32.21,-9.45,-42.8,-36.48,-1.53,-25.02,-7.25
2026-06-02 16:00:00,martes,-19.44,-42.11,-42.93,-35.91,-25.04,-9.18,-31.24,-9.88,-46.45,-39.89,-0.26,-23.74,-7.89
2026-06-02 17:00:00,martes,-19.56,-42.05,-42.89,-35.91,-26.26,-9.19,-30.56,-10.01,-43.08,-36.56,0.08,-24.57,-7.88
2026-06-02 18:00:00,martes,-19.59,-42.1,-42.95,-36.21,-25.22,-9.16,-30.23,-11.79,-43.55,-37.09,-1.57,-23.61,-7.39
2026-06-02 19:00:00,martes,-19.64,-42.18,-43.58,-36.34,-21.43,-9.2,-29.92,-17.4,-41.86,-35.35,-9.38,-21.65,-7.51
2026-06-02 20:00:00,martes,-19.55,-42.07,-44.03,-36.22,-18.18,-9.2,-30.49,-13.3,-44.5,-38.01,-3.75,-18.76,-8.12
2026-06-02 21:00:00,martes,-19.6,-42.14,-44.09,-36.21,-18.51,-8.83,-30.09,-18.86,-45.48,-38.87,-9.42,-18.64,-8.3
2026-06-02 22:00:00,martes,-19.54,-42.08,-44.07,-36.1,-20.43,-8.69,-29.7,-17.52,-47.55,-41.14,-6.41,-20.25,-6.43
2026-06-02 23:00:00,martes,-19.53,-41.76,-43.05,-36.03,-18.16,-8.52,-29.36,-14.21,-49.38,-42.77,-1.57,-17.13,-6.21
2026-06-03 00:00:00,miércoles,-19.55,-42.05,-42.31,-36.17,-18.37,-8.17,-30.55,-13.27,-41.94,-35.27,-1.2,-16.24,-5.56
2026-06-03 01:00:00,miércoles,-19.57,-42.41,-42.73,-36.19,-23.73,-8.11,-30.44,-20.42,-40.58,-34.06,-7.18,-21.66,-5.49
2026-06-03 02:00:00,miércoles,-19.55,-42.54,-44.3,-36.27,-25.69,-8.65,-30.59,-18.96,-41.65,-35.34,-4.06,-23.9,-7.3
2026-06-03 03:00:00,miércoles,-19.57,-42.1,-44.27,-36.17,-24.73,-8.69,-31.07,-15.75,-38.38,-32.08,-1.75,-22.86,-6.46
2026-06-03 04:00:00,miércoles,-19.6,-43.04,-44.17,-36.08,-26.47,-8.65,-30.91,-15.49,-37.54,-31.19,-1.3,-24.38,-6.87
2026-06-03 05:00:00,miércoles,-19.62,-43.48,-44.01,-36.18,-26.79,-8.68,-30.89,-16.06,-37.05,-30.91,-1.93,-24.61,-6.73
2026-06-03 06:00:00,miércoles,-19.59,-43.64,-44.02,-36.3,-28.06,-8.65,-30.84,-17.4,-39.84,-33.43,-3.09,-26.3,-8.03
2026-06-03 07:00:00,miércoles,-19.64,-43.44,-43.93,-36.11,-22.11,-8.69,-30.79,-18.99,-39.88,-33.4,-4.49,-20.52,-6.84
2026-06-03 08:00:00,miércoles,-19.62,-43.61,-44.26,-36.2,-21.06,-8.67,-31.61,-18.28,-42.88,-36.43,-4.8,-19.97,-7.21
2026-06-03 09:00:00,miércoles,-19.6,-43.54,-44.17,-36.22,-23.5,-8.65,-30.93,-17.53,-41.38,-35.04,-3.99,-22.24,-7.66
2026-06-03 10:00:00,miércoles,-19.65,-43.43,-43.86,-36.13,-18.79,-8.67,-30.86,-15.95,-40.95,-34.46,-2.3,-17.85,-7.68
2026-06-03 11:00:00,miércoles,-19.35,-43.4,-43.67,-36.2,-24.53,-8.65,-28.85,-17.91,-40.72,-34.41,-2.75,-22.78,-8.0
2026-06-03 12:00:00,miércoles,-19.44,-43.02,-42.07,-36.07,-25.26,-8.67,-29.3,-21.17,-44.0,-37.87,-7.74,-23.32,-8.82
2026-06-03 13:00:00,miércoles,-19.33,-42.52,-40.05,-36.18,-25.49,-8.66,-30.0,-21.59,-55.25,-48.96,-10.3,-24.01,-6.46
2026-06-03 14:00:00,miércoles,-15.43,-43.38,-39.97,-36.06,-25.47,-8.64,-27.58,-13.08,-40.35,-34.07,-0.7,-24.01,-4.68
2026-06-03 15:00:00,miércoles,-13.57,-43.57,-39.99,-36.05,-22.71,-8.73,-30.71,-10.05,-46.63,-40.14,-1.02,-21.0,-2.14
2026-06-03 16:00:00,miércoles,-13.47,-43.42,-40.0,-36.21,-25.78,-8.65,-30.02,-18.65,-38.09,-31.89,-7.99,-23.45,-2.61
2026-06-03 17:00:00,miércoles,-13.46,-43.52,-41.29,-35.18,-25.83,-8.65,-30.12,-27.5,-42.91,-36.64,-16.43,-22.08,-4.13
2026-06-03 18:00:00,miércoles,-13.46,-43.36,-42.9,-34.87,-27.07,-8.67,-28.99,-25.49,-39.27,-32.56,-12.85,-23.64,-5.0
2026-06-03 19:00:00,miércoles,-13.46,-43.32,-43.68,-35.56,-23.93,-8.66,-29.14,-23.17,-38.46,-32.01,-11.4,-22.75,-5.04
2026-06-03 20:00:00,miércoles,-13.46,-43.45,-43.96,-36.29,-23.15,-8.71,-30.08,-20.92,-40.92,-34.5,-10.72,-22.95,-3.69
2026-06-03 21:00:00,miércoles,-13.47,-43.08,-43.54,-35.93,-21.48,-8.66,-26.78,-24.11,-33.87,-27.45,-11.51,-20.8,-0.78
2026-06-03 22:00:00,miércoles,-13.66,-42.92,-43.52,-36.21,-23.08,-8.68,-29.06,-17.73,-29.09,-22.63,-5.74,-22.05,-0.74
2026-06-03 23:00:00,miércoles,-15.68,-42.88,-43.39,-36.06,-23.56,-8.66,-27.57,-19.91,-29.04,-22.72,-5.53,-20.84,-3.33
2026-06-04 00:00:00,jueves,-16.43,-42.96,-43.4,-36.1,-24.29,-8.66,-26.24,-21.55,-31.15,-25.09,-6.68,-21.81,-5.28
2026-06-04 01:00:00,jueves,-16.43,-43.07,-43.47,-36.17,-24.05,-8.66,-26.01,-20.9,-33.92,-27.73,-6.38,-21.88,-3.9
2026-06-04 02:00:00,jueves,-16.43,-42.97,-43.48,-36.12,-23.81,-8.65,-26.66,-20.97,-32.08,-26.06,-6.83,-21.57,-3.2
2026-06-04 03:00:00,jueves,-16.43,-42.92,-43.45,-36.2,-19.17,-8.69,-27.12,-18.9,-31.79,-25.75,-4.86,-17.14,-3.03
2026-06-04 04:00:00,jueves,-16.43,-42.92,-43.43,-36.14,-19.14,-8.65,-27.26,-21.2,-32.01,-25.9,-7.49,-17.11,-3.34
2026-06-04 05:00:00,jueves,-16.43,-42.65,-43.2,-36.03,-20.28,-8.69,-27.68,-23.68,-25.2,-18.87,-9.24,-18.5,-3.7
2026-06-04 06:00:00,jueves,-16.42,-42.67,-43.25,-36.32,-20.43,-8.64,-29.05,-19.39,-27.2,-20.79,-5.24,-18.65,-4.64
2026-06-04 07:00:00,jueves,-16.43,-42.8,-43.38,-35.76,-19.67,-8.69,-31.3,-11.79,-29.21,-23.0,1.26,-17.16,-4.71
2026-06-04 08:00:00,jueves,-16.43,-42.67,-43.28,-35.89,-20.58,-8.67,-31.42,-14.53,-26.03,-19.92,-2.29,-18.66,-4.23
2026-06-04 09:00:00,jueves,-16.43,-42.73,-43.37,-36.12,-20.06,-8.62,-32.61,-14.65,-28.61,-22.48,-4.96,-18.71,-5.03
2026-06-04 10:00:00,jueves,-16.42,-42.66,-43.35,-35.94,-17.41,-8.69,-28.82,-22.08,-26.25,-20.1,-8.26,-15.35,-5.28
2026-06-04 11:00:00,jueves,-16.42,-43.0,-43.61,-36.02,-16.38,-8.63,-29.84,-18.14,-31.95,-25.74,-3.77,-13.98,-6.93
2026-06-04 12:00:00,jueves,-16.19,-44.05,-44.05,-35.66,-19.62,-8.68,-31.03,-10.18,-42.13,-35.8,2.81,-17.65,-9.07
2026-06-04 13:00:00,jueves,-15.96,-44.08,-42.59,-35.96,-24.45,-8.63,-29.37,-9.66,-45.35,-39.2,5.12,-22.57,-8.94
2026-06-04 14:00:00,jueves,-15.96,-43.75,-40.01,-36.21,-22.66,-8.67,-29.09,-9.67,-40.6,-34.18,6.14,-21.04,-3.21
2026-06-04 15:00:00,jueves,-15.97,-43.53,-40.03,-36.11,-17.87,-8.64,-29.84,-11.57,-41.05,-34.73,2.79,-16.37,-3.54
2026-06-04 16:00:00,jueves,-15.97,-43.33,-42.47,-35.93,-18.27,-8.67,-27.92,-11.01,-33.99,-27.71,5.87,-16.47,-6.77
2026-06-04 17:00:00,jueves,-15.96,-43.65,-42.77,-35.13,-27.07,-8.66,-28.04,-13.38,-37.15,-30.81,3.84,-24.51,-7.27
2026-06-04 18:00:00,jueves,-15.96,-43.66,-42.84,-35.09,-27.83,-8.69,-29.43,-11.15,-33.24,-26.82,3.96,-24.79,-6.57
2026-06-04 19:00:00,jueves,-15.96,-43.29,-43.25,-35.1,-26.97,-8.67,-26.83,-25.95,-28.68,-22.3,-9.8,-24.66,-5.82
2026-06-04 20:00:00,jueves,-15.96,-43.04,-43.38,-35.19,-26.6,-8.7,-25.88,-30.97,-23.54,-17.39,-14.63,-24.82,-5.76
2026-06-04 21:00:00,jueves,-15.96,-42.95,-43.34,-36.25,-25.06,-8.66,-24.87,-31.97,-19.95,-14.17,-16.51,-24.1,-4.46
2026-06-04 22:00:00,jueves,-16.35,-42.9,-43.31,-36.02,-23.82,-8.67,-24.62,-31.93,-23.19,-16.86,-17.31,-22.01,-4.22
2026-06-04 23:00:00,jueves,-16.42,-42.98,-43.41,-35.93,-23.41,-8.67,-22.09,-31.46,-25.5,-19.22,-14.48,-21.35,-4.56
2026-06-05 00:00:00,viernes,-16.03,-42.89,-43.19,-36.08,-24.87,-8.67,-23.95,-25.21,-20.54,-14.28,-9.35,-22.58,-4.19
2026-06-05 01:00:00,viernes,-16.4,-43.53,-43.52,-34.18,-27.37,-8.64,-26.74,-22.67,-27.96,-21.75,-8.19,-23.14,-5.65
2026-06-05 02:00:00,viernes,-16.41,-43.42,-43.42,-33.97,-27.4,-8.7,-25.28,-23.23,-25.67,-19.46,-5.55,-23.07,-5.32
2026-06-05 03:00:00,viernes,-16.41,-43.61,-43.62,-34.05,-27.01,-8.61,-27.61,-16.49,-31.15,-24.63,-0.82,-22.27,-5.55
2026-06-05 04:00:00,viernes,-16.4,-43.63,-43.68,-34.75,-25.86,-8.73,-25.54,-20.27,-32.27,-25.84,-4.25,-22.08,-4.9
2026-06-05 05:00:00,viernes,-16.4,-43.86,-43.69,-35.09,-27.69,-8.62,-25.53,-18.68,-37.9,-31.55,-2.94,-24.49,-5.53
2026-06-05 06:00:00,viernes,-16.4,-43.64,-43.68,-35.13,-27.17,-8.66,-27.67,-15.53,-33.71,-27.49,-1.66,-23.82,-6.34
2026-06-05 07:00:00,viernes,-16.41,-43.3,-43.33,-35.75,-24.57,-8.69,-29.39,-16.72,-22.51,-16.71,-4.27,-21.81,-5.58
2026-06-05 08:00:00,viernes,-16.41,-43.55,-43.58,-35.99,-25.16,-8.65,-29.81,-15.13,-26.42,-20.69,-3.19,-22.87,-6.83
2026-06-05 09:00:00,viernes,-16.41,-43.23,-43.17,-35.47,-25.27,-8.66,-29.46,-14.39,-24.16,-18.18,-1.36,-22.62,-5.61
2026-06-05 10:00:00,viernes,-16.4,-43.11,-43.13,-35.1,-23.53,-8.64,-27.66,-14.34,-20.79,-14.81,-0.28,-20.27,-6.0
2026-06-05 11:00:00,viernes,-16.41,-43.26,-43.29,-34.6,-23.03,-8.68,-27.14,-11.48,-23.97,-18.16,2.45,-19.89,-7.5
2026-06-05 12:00:00,viernes,-16.41,-43.16,-43.19,-34.91,-27.52,-8.65,-28.31,-10.28,-21.17,-15.25,2.89,-25.41,-6.33
2026-06-05 13:00:00,viernes,-16.41,-43.18,-43.2,-35.16,-28.57,-8.66,-29.55,-10.34,-21.63,-15.68,0.38,-26.61,-6.24
2026-06-05 14:00:00,viernes,-16.4,-43.33,-43.35,-35.15,-24.83,-8.77,-28.13,-15.51,-23.33,-17.41,-4.36,-23.28,-6.81
2026-06-05 15:00:00,viernes,-16.4,-43.46,-43.49,-34.9,-21.17,-8.64,-28.63,-11.16,-25.71,-19.71,3.72,-17.88,-7.46
2026-06-05 16:00:00,viernes,-16.4,-43.63,-43.61,-34.92,-24.11,-8.67,-30.11,-13.89,-28.44,-22.48,0.35,-21.47,-7.22
2026-06-05 17:00:00,viernes,-16.4,-43.57,-43.51,-34.0,-28.68,-8.66,-29.63,-15.21,-28.27,-22.26,-0.8,-29.96,-7.04
2026-06-05 18:00:00,viernes,-16.4,-43.85,-43.58,-27.71,-29.49,-8.68,-30.33,-15.28,-35.17,-28.92,-0.75,-29.05,-7.01
2026-06-05 19:00:00,viernes,-16.4,-43.47,-43.57,-18.92,-31.38,-8.58,-32.2,-12.83,-29.04,-22.67,0.38,-23.93,-5.68
2026-06-05 20:00:00,viernes,-16.4,-43.13,-43.58,-14.16,-34.42,-8.13,-32.04,-10.79,-24.11,-17.99,2.21,-21.67,-5.32
2026-06-05 21:00:00,viernes,-16.4,-43.14,-43.36,-13.09,-34.51,-8.15,-34.32,-5.21,-22.34,-16.32,5.73,-23.03,-5.14
2026-06-05 22:00:00,viernes,-16.4,-43.46,-43.43,-12.3,-29.35,-8.17,-35.55,-5.48,-23.32,-17.22,4.2,-17.78,-4.91
2026-06-05 23:00:00,viernes,-16.4,-43.7,-43.69,-12.53,-21.02,-8.14,-36.45,-7.13,-28.64,-22.45,1.99,-8.72,-6.64
2026-06-06 00:00:00,sábado,-16.4,-43.71,-43.6,-12.66,-16.18,-8.16,-35.12,-8.97,-31.0,-24.66,1.64,-3.65,-6.18
2026-06-06 01:00:00,sábado,-16.41,-43.8,-43.71,-12.17,-17.67,-8.15,-34.54,-7.91,-35.27,-28.92,3.09,-4.86,-5.97
2026-06-06 02:00:00,sábado,-16.41,-43.9,-43.97,-11.77,-19.58,-8.18,-35.64,-9.75,-39.59,-32.93,0.52,-7.16,-6.85
2026-06-06 03:00:00,sábado,-16.41,-43.57,-43.85,-0.45,-25.11,-6.74,-33.16,-10.66,-36.03,-29.58,2.7,-2.37,-5.65
2026-06-06 04:00:00,sábado,-16.4,-43.43,-43.89,0.0,-22.75,-6.19,-32.37,-9.52,-36.56,-30.11,4.27,0.68,-5.09
2026-06-06 05:00:00,sábado,-16.4,-43.72,-43.78,0.0,-17.38,-5.61,-33.39,-10.03,-32.86,-26.56,2.59,11.06,-5.73
2026-06-06 06:00:00,sábado,-16.41,-44.02,-43.8,0.0,-18.02,-5.6,-33.09,-11.71,-34.5,-28.31,0.74,16.66,-5.77
2026-06-06 07:00:00,sábado,-16.41,-44.14,-42.37,-9.6,-21.08,-5.6,-33.2,-13.15,-42.06,-35.59,-0.42,7.31,-4.59
2026-06-06 08:00:00,sábado,-16.41,-44.02,-43.86,-33.57,-11.25,-5.97,-33.75,-13.63,-37.96,-31.75,-2.15,-7.1,-4.95
2026-06-06 09:00:00,sábado,-16.4,-44.09,-43.0,-33.83,-10.22,-6.66,-30.54,-12.69,-43.55,-37.05,1.8,-7.32,-4.35
2026-06-06 10:00:00,sábado,-16.4,-44.06,-42.97,-33.03,-23.49,-7.15,-31.68,-13.53,-43.92,-37.22,-0.69,-19.64,-4.72
2026-06-06 11:00:00,sábado,-16.4,-44.04,-43.86,-33.98,-22.81,-7.98,-29.33,-19.01,-39.14,-32.67,-4.7,-20.54,-5.95
2026-06-06 12:00:00,sábado,-16.4,-44.16,-44.09,-33.13,-14.12,-8.71,-30.33,-14.21,-45.67,-39.12,0.07,-12.45,-7.24
2026-06-06 13:00:00,sábado,-17.92,-43.65,-43.93,-33.75,-19.68,-8.67,-29.86,-15.03,-42.03,-35.71,-1.81,-17.46,-7.56
2026-06-06 14:00:00,sábado,-19.59,-43.09,-43.84,-33.79,-18.71,-8.67,-28.83,-17.58,-38.58,-32.51,-3.11,-15.81,-9.32
2026-06-06 15:00:00,sábado,-19.62,-43.39,-43.34,-33.8,-16.37,-8.67,-28.66,-19.24,-43.2,-37.05,-4.26,-13.56,-9.14
2026-06-06 16:00:00,sábado,-19.7,-43.71,-43.81,-33.93,-18.46,-8.69,-29.16,-16.1,-43.99,-37.74,-3.26,-15.29,-11.2
2026-06-06 17:00:00,sábado,-19.6,-43.59,-43.81,-34.97,-20.97,-8.63,-28.26,-17.37,-41.93,-35.6,-3.41,-18.71,-10.97
2026-06-06 18:00:00,sábado,-19.64,-43.43,-43.98,-35.07,-24.55,-8.7,-26.65,-21.79,-40.94,-34.58,-6.38,-21.65,-10.67
2026-06-06 19:00:00,sábado,-19.67,-42.06,-43.89,-34.81,-19.56,-8.64,-26.94,-20.61,-41.09,-34.75,-5.03,-16.38,-7.08
2026-06-06 20:00:00,sábado,-19.66,-41.46,-43.88,-35.15,-20.29,-8.67,-28.17,-17.63,-38.93,-32.83,-2.36,-19.05,-6.08
2026-06-06 21:00:00,sábado,-19.73,-41.08,-43.93,-35.12,-21.65,-8.67,-28.13,-15.77,-38.48,-32.37,0.5,-21.1,-6.09
2026-06-06 22:00:00,sábado,-19.65,-41.15,-43.92,-35.29,-22.88,-8.64,-27.96,-14.09,-41.11,-34.76,2.17,-22.34,-6.15
2026-06-06 23:00:00,sábado,-19.65,-41.1,-43.96,-35.74,-20.62,-8.34,-27.1,-12.83,-43.27,-37.04,4.53,-18.7,-6.45
2026-06-07 00:00:00,domingo,-19.66,-41.08,-44.0,-36.17,-19.97,-8.17,-27.51,-9.63,-42.23,-36.06,7.77,-17.89,-6.14
2026-06-07 01:00:00,domingo,-19.64,-41.43,-43.92,-36.11,-20.19,-8.12,-29.65,-7.47,-44.34,-38.07,7.41,-16.8,-6.29
2026-06-07 02:00:00,domingo,-19.66,-41.68,-43.9,-36.11,-20.86,-8.16,-29.93,-11.76,-47.18,-40.65,3.3,-17.18,-6.18
2026-06-07 03:00:00,domingo,-19.69,-41.87,-44.07,-35.12,-18.6,-8.19,-30.2,-12.07,-47.85,-41.59,2.73,-14.52,-6.75
2026-06-07 04:00:00,domingo,-19.71,-41.88,-44.01,-34.99,-22.99,-8.13,-31.69,-13.71,-46.55,-40.27,-0.72,-19.99,-6.75
2026-06-07 05:00:00,domingo,-19.7,-41.91,-44.01,-35.15,-21.06,-8.17,-30.93,-16.5,-46.1,-39.9,-2.74,-17.76,-6.72
2026-06-07 06:00:00,domingo,-19.7,-41.92,-43.98,-35.2,-19.4,-8.13,-31.38,-11.19,-44.73,-38.27,2.29,-16.34,-7.08
2026-06-07 07:00:00,domingo,-19.69,-41.91,-44.16,-35.1,-19.51,-8.19,-30.5,-13.81,-50.09,-43.8,-1.51,-16.34,-7.3
2026-06-07 08:00:00,domingo,-19.72,-41.81,-44.13,-34.88,-20.71,-8.14,-30.68,-14.37,-51.84,-45.62,-2.56,-17.29,-6.33
2026-06-07 09:00:00,domingo,-19.69,-41.99,-43.79,-35.31,-18.41,-8.14,-30.18,-13.96,-38.32,-32.14,-2.11,-15.78,-6.59
2026-06-07 10:00:00,domingo,-19.73,-41.6,-43.93,-35.06,-11.74,-7.52,-30.61,-14.2,-43.91,-37.53,-2.22,-8.38,-6.38
2026-06-07 11:00:00,domingo,-19.71,-41.88,-44.04,-34.7,-6.62,-7.12,-30.65,-11.25,-44.63,-38.57,3.34,-2.68,-6.58
2026-06-07 12:00:00,domingo,-19.69,-42.11,-44.29,-35.02,-8.3,-7.16,-29.83,-12.43,-45.23,-39.16,2.52,-4.98,-8.67
2026-06-07 13:00:00,domingo,-19.71,-41.99,-43.61,-33.65,-3.47,-7.14,-30.81,-11.3,-51.34,-44.97,2.31,-0.08,-9.35
2026-06-07 14:00:00,domingo,-19.72,-41.49,-43.06,-32.85,-10.3,-7.38,-30.06,-17.49,-45.88,-39.41,-2.91,-6.81,-6.19
2026-06-07 15:00:00,domingo,-19.69,-41.52,-43.49,-33.86,-7.4,-7.14,-29.3,-16.64,-47.44,-41.26,-1.18,-4.95,-6.54
2026-06-07 16:00:00,domingo,-19.67,-41.6,-44.07,-34.2,-5.97,-7.12,-30.29,-18.39,-44.97,-38.62,-5.64,-3.4,-7.68
2026-06-07 17:00:00,domingo,-19.64,-41.65,-43.99,-33.99,-13.05,-7.43,-30.38,-14.21,-44.06,-37.34,-1.1,-11.0,-7.55
2026-06-07 18:00:00,domingo,-19.65,-41.56,-43.98,-34.78,-11.9,-7.65,-29.15,-17.18,-42.76,-36.09,-1.96,-9.55,-7.02
2026-06-07 19:00:00,domingo,-19.66,-42.31,-44.0,-34.98,-7.49,-7.65,-30.02,-18.68,-42.24,-35.6,-3.94,-5.54,-7.31
2026-06-07 20:00:00,domingo,-19.65,-42.48,-43.91,-34.88,-7.6,-7.64,-29.92,-16.8,-43.54,-37.01,-2.05,-5.51,-7.61
2026-06-07 21:00:00,domingo,-19.65,-41.75,-43.77,-35.3,-7.67,-7.63,-29.18,-19.63,-42.21,-35.94,-4.59,-5.81,-6.45
2026-06-07 22:00:00,domingo,-19.63,-41.59,-43.76,-35.14,-8.13,-7.63,-29.95,-17.06,-43.9,-37.6,-2.93,-6.04,-6.58
2026-06-07 23:00:00,domingo,-19.65,-41.57,-43.63,-34.83,-4.76,-7.65,-28.06,-19.57,-40.44,-34.36,-3.55,-2.48,-6.81
2026-06-08 00:00:00,lunes,-19.66,-41.55,-43.54,-35.05,-3.92,-7.67,-29.84,-13.23,-39.31,-33.26,0.97,-1.88,-6.4
2026-06-08 01:00:00,lunes,-19.67,-41.59,-43.54,-34.93,-8.4,-7.62,-29.07,-15.47,-41.56,-35.53,-0.49,-5.51,-6.82
2026-06-08 02:00:00,lunes,-19.68,-41.6,-43.52,-35.07,-8.55,-7.66,-29.99,-12.22,-42.14,-36.21,2.03,-5.4,-6.16
2026-06-08 03:00:00,lunes,-19.66,-41.61,-43.55,-35.08,-5.15,-7.66,-28.93,-15.45,-42.13,-36.02,-0.14,-2.6,-5.23
2026-06-08 04:00:00,lunes,-19.65,-41.62,-43.51,-35.18,-6.4,-7.62,-29.42,-15.7,-38.89,-32.82,-1.24,-3.94,-4.98
2026-06-08 05:00:00,lunes,-19.66,-41.53,-43.44,-34.95,-8.37,-7.61,-29.18,-15.17,-37.81,-31.47,-0.2,-5.69,-6.09
2026-06-08 06:00:00,lunes,-19.66,-41.66,-43.56,-35.25,-9.75,-7.66,-28.75,-15.8,-39.79,-33.44,-1.66,-7.57,-6.78
2026-06-08 07:00:00,lunes,-19.68,-41.62,-43.56,-35.19,-7.71,-7.62,-28.98,-13.58,-39.27,-33.01,-0.27,-5.5,-6.85
2026-06-08 08:00:00,lunes,-19.7,-41.54,-43.62,-35.01,-10.53,-7.65,-29.16,-12.38,-41.49,-35.24,0.76,-8.31,-7.24
2026-06-08 09:00:00,lunes,-19.67,-41.61,-43.72,-34.67,-10.42,-7.63,-27.9,-12.18,-48.45,-42.06,2.65,-8.0,-7.2
2026-06-08 10:00:00,lunes,-19.66,-41.98,-43.51,-33.28,-10.82,-7.51,-28.93,-13.88,-39.85,-33.61,0.03,-7.78,-7.84
2026-06-08 11:00:00,lunes,-19.68,-42.04,-43.6,-26.07,-16.52,-7.15,-28.74,-16.87,-46.09,-39.69,-2.62,-8.99,-6.41
2026-06-08 12:00:00,lunes,-19.72,-41.56,-43.69,-25.96,-12.65,-7.17,-28.99,-13.28,-46.04,-39.78,0.56,-7.9,-7.01
2026-06-08 13:00:00,lunes,-19.69,-41.41,-43.45,-24.61,-13.49,-7.11,-29.51,-17.27,-39.67,-33.56,-3.92,-7.99,-6.74
2026-06-08 14:00:00,lunes,-19.67,-41.51,-43.59,-23.79,-19.33,-7.53,-30.51,-17.99,-39.71,-33.37,-5.32,-15.84,-6.78
2026-06-08 15:00:00,lunes,-19.69,-41.04,-43.54,-23.57,-19.91,-7.69,-31.1,-14.82,-40.24,-33.59,-1.63,-15.8,-6.33
2026-06-08 16:00:00,lunes,-19.65,-41.66,-43.72,-24.8,-22.63,-8.1,-29.69,-18.19,-43.22,-36.67,-3.4,-14.88,-7.28
2026-06-08 17:00:00,lunes,-19.61,-41.62,-43.88,-32.68,-21.37,-8.17,-30.23,-15.19,-46.89,-40.42,-0.91,-18.58,-8.24
2026-06-08 18:00:00,lunes,-19.69,-41.56,-43.8,-30.99,-13.95,-8.15,-29.58,-14.9,-44.05,-37.71,0.68,-9.29,-7.51
2026-06-08 19:00:00,lunes,-19.67,-41.84,-43.59,-30.24,-24.67,-8.45,-30.32,-16.83,-39.28,-32.99,-1.67,-19.89,-6.74
2026-06-08 20:00:00,lunes,-19.67,-42.12,-43.39,-29.75,-30.38,-8.6,-30.1,-20.25,-31.88,-25.68,-5.26,-24.72,-7.46
2026-06-08 21:00:00,lunes,-19.65,-42.03,-43.64,-29.93,-32.94,-8.3,-31.04,-21.72,-36.27,-30.06,-7.62,-27.02,-7.27
2026-06-08 22:00:00,lunes,-19.62,-42.04,-43.34,-29.96,-33.89,-7.72,-30.87,-19.82,-32.0,-26.02,-5.24,-27.11,-6.58
2026-06-08 23:00:00,lunes,-19.64,-42.1,-43.39,-30.5,-31.51,-7.67,-30.29,-19.98,-30.91,-25.02,-4.99,-24.68,-7.14
2026-06-09 00:00:00,martes,-19.65,-42.1,-43.31,-31.64,-30.35,-7.79,-30.86,-19.62,-33.85,-27.79,-5.35,-24.15,-7.44
2026-06-09 01:00:00,martes,-19.63,-42.06,-43.46,-28.82,-29.82,-8.67,-31.25,-18.76,-34.11,-28.17,-4.98,-21.04,-7.02
2026-06-09 02:00:00,martes,-19.63,-41.24,-39.55,-28.53,-29.92,-8.7,-31.4,-18.31,-21.38,-15.58,-4.68,-21.0,-3.83
2026-06-09 03:00:00,martes,-19.65,-41.46,-40.45,-29.18,-25.51,-8.64,-30.68,-19.83,-22.14,-16.29,-6.61,-17.53,-6.01
2026-06-09 04:00:00,martes,-19.56,-40.98,-43.42,-31.08,-25.81,-8.69,-30.76,-19.33,-30.17,-24.14,-6.17,-19.97,-8.78
2026-06-09 05:00:00,martes,-19.66,-40.4,-43.57,-31.07,-26.08,-8.65,-31.57,-17.09,-30.4,-24.31,-3.68,-19.16,-8.76
2026-06-09 06:00:00,martes,-19.61,-40.31,-43.27,-29.73,-27.88,-8.63,-30.37,-20.74,-24.91,-18.81,-8.49,-19.0,-8.23
2026-06-09 07:00:00,martes,-19.61,-39.29,-43.07,-28.97,-24.86,-8.69,-30.1,-19.01,-17.32,-11.33,-4.82,-15.17,-6.74
2026-06-09 08:00:00,martes,-19.65,-39.84,-43.29,-29.54,-25.41,-8.7,-28.85,-20.94,-21.88,-16.01,-5.46,-16.31,-6.44
2026-06-09 09:00:00,martes,-19.6,-39.55,-42.92,-29.78,-28.17,-8.66,-28.81,-19.94,-17.57,-11.53,-4.47,-19.33,-6.67
2026-06-09 10:00:00,martes,-19.59,-40.86,-42.71,-29.5,-26.0,-8.66,-28.61,-18.06,-29.11,-22.86,-2.92,-17.47,-8.07
2026-06-09 11:00:00,martes,-19.62,-40.93,-41.27,-29.56,-20.3,-8.63,-28.35,-10.36,-25.09,-18.83,5.71,-11.81,-8.04
2026-06-09 12:00:00,martes,-19.61,-41.05,-43.13,-29.78,-19.74,-8.7,-28.95,-6.54,-27.96,-21.86,8.69,-11.38,-10.05
2026-06-09 13:00:00,martes,-19.7,-40.45,-40.28,-29.12,-18.0,-8.69,-26.43,-9.88,-40.01,-33.84,8.03,-8.39,-6.28
2026-06-09 14:00:00,martes,-19.66,-40.57,-40.05,-29.81,-17.86,-8.66,-26.02,-14.88,-34.5,-28.3,3.41,-9.13,-7.26
2026-06-09 15:00:00,martes,-19.23,-40.53,-40.09,-29.68,-20.79,-8.7,-29.03,-19.76,-40.39,-34.1,-3.73,-13.29,-8.7
2026-06-09 16:00:00,martes,-19.72,-40.58,-41.29,-26.87,-15.79,-8.51,-29.24,-25.89,-39.79,-33.5,-9.84,-5.54,-8.62
2026-06-09 17:00:00,martes,-20.22,-40.16,-41.16,-29.86,-7.99,-8.17,-28.69,-26.61,-37.16,-30.87,-9.81,-1.09,-8.52
2026-06-09 18:00:00,martes,-20.24,-40.24,-41.15,-30.01,-15.8,-8.46,-28.85,-27.5,-33.67,-27.66,-10.69,-8.49,-7.72
2026-06-09 19:00:00,martes,-18.7,-39.86,-42.61,-30.19,-18.03,-8.65,-30.11,-25.56,-21.47,-15.39,-10.25,-11.63,-6.73
2026-06-09 20:00:00,martes,-19.86,-39.94,-43.57,-30.07,-18.12,-8.68,-29.51,-26.72,-23.51,-17.48,-11.14,-10.96,-8.04
2026-06-09 21:00:00,martes,-19.91,-39.69,-43.62,-30.17,-19.73,-8.64,-29.68,-26.36,-21.38,-15.4,-11.22,-12.42,-8.51
2026-06-09 22:00:00,martes,-19.91,-40.08,-43.87,-29.73,-23.02,-8.67,-30.14,-22.82,-24.24,-18.2,-7.81,-15.37,-8.86
2026-06-09 23:00:00,martes,-19.84,-40.72,-44.12,-29.56,-22.16,-8.68,-30.33,-22.38,-29.71,-23.55,-7.65,-14.23,-8.66
2026-06-10 00:00:00,miércoles,-19.87,-40.28,-43.66,-29.59,-23.31,-8.69,-30.34,-21.34,-22.02,-16.07,-6.62,-14.75,-7.62
2026-06-10 01:00:00,miércoles,-19.91,-39.94,-44.04,-29.09,-27.18,-8.65,-30.85,-18.19,-27.76,-21.57,-3.93,-18.81,-7.27
2026-06-10 02:00:00,miércoles,-19.91,-40.07,-43.86,-29.78,-27.74,-8.67,-30.76,-19.64,-26.6,-20.45,-5.0,-19.5,-6.43
2026-06-10 03:00:00,miércoles,-19.91,-40.12,-43.87,-29.61,-23.12,-8.31,-29.37,-23.9,-23.7,-17.55,-8.44,-14.29,-7.68
2026-06-10 04:00:00,miércoles,-19.91,-40.09,-44.03,-29.38,-21.52,-8.15,-28.06,-30.48,-29.7,-23.44,-15.17,-11.87,-6.98
2026-06-10 05:00:00,miércoles,-19.91,-40.04,-43.87,-27.86,-21.64,-7.99,-22.67,-38.66,-25.24,-18.9,-19.47,-11.13,-7.05
2026-06-10 06:00:00,miércoles,-19.91,-40.03,-43.97,-28.01,-15.39,-7.51,-19.39,-28.64,-26.27,-19.92,-8.83,-4.73,-7.22
2026-06-10 07:00:00,miércoles,-19.91,-39.54,-43.69,-29.12,-24.74,-8.05,-19.1,-25.13,-28.64,-22.18,-6.99,-14.75,-6.53
2026-06-10 08:00:00,miércoles,-20.17,-39.91,-43.71,-28.81,-24.8,-8.16,-18.05,-26.54,-25.73,-19.42,-7.53,-15.12,-8.27
2026-06-10 09:00:00,miércoles,-20.28,-40.92,-43.46,-28.96,-24.86,-8.15,-17.71,-30.03,-32.09,-25.9,-10.98,-15.53,-9.98
2026-06-10 10:00:00,miércoles,-20.27,-40.84,-43.19,-28.93,-26.03,-8.14,-17.92,-27.3,-26.96,-20.89,-9.46,-17.03,-9.49
2026-06-10 11:00:00,miércoles,-20.23,-40.78,-42.51,-28.98,-27.04,-8.14,-15.03,-25.6,-32.87,-26.95,-5.32,-18.81,-6.63
2026-06-10 12:00:00,miércoles,-20.26,-40.84,-42.22,-24.09,-14.38,-8.1,-12.07,-19.68,-42.46,-36.42,3.28,-1.11,-5.8
2026-06-10 13:00:00,miércoles,-20.26,-40.9,-42.3,-12.35,-6.26,-6.6,-11.93,-13.29,-43.11,-36.83,9.16,18.96,-6.18
2026-06-10 14:00:00,miércoles,-20.29,-41.15,-42.01,-28.07,-17.83,-8.11,-11.93,-14.13,-47.58,-41.32,8.28,-8.27,-7.45
2026-06-10 15:00:00,miércoles,-20.29,-41.05,-41.93,-28.25,-22.35,-8.19,-11.95,-15.18,-44.2,-38.03,7.82,-12.89,-6.74
2026-06-10 16:00:00,miércoles,-20.29,-41.1,-42.28,-28.92,-24.16,-8.57,-11.94,-15.22,-47.14,-40.8,7.78,-15.53,-7.08
2026-06-10 17:00:00,miércoles,-20.1,-41.16,-42.61,-28.93,-30.71,-8.67,-13.77,-10.79,-48.27,-41.84,10.54,-21.77,-7.62
2026-06-10 18:00:00,miércoles,-20.04,-41.06,-41.53,-28.93,-26.56,-8.68,-17.47,-11.16,-53.55,-46.91,6.8,-18.35,-7.84
2026-06-10 19:00:00,miércoles,-20.04,-40.8,-42.71,-28.96,-24.27,-8.67,-19.13,-10.73,-57.72,-51.16,5.43,-16.31,-7.29
2026-06-10 20:00:00,miércoles,-20.14,-41.0,-44.01,-28.5,-25.21,-8.64,-18.95,-17.96,-52.48,-45.94,-1.87,-16.21,-7.09
2026-06-10 21:00:00,miércoles,-20.16,-41.08,-44.1,-29.03,-19.42,-8.36,-20.31,-21.26,-52.12,-45.51,-6.26,-11.72,-8.21
2026-06-10 22:00:00,miércoles,-20.19,-40.8,-43.99,-28.87,-28.58,-8.33,-17.85,-27.2,-54.07,-47.54,-9.28,-20.17,-7.97
2026-06-10 23:00:00,miércoles,-20.16,-41.09,-44.1,-28.89,-27.39,-8.55,-18.36,-24.73,-50.85,-44.35,-6.84,-18.77,-8.81
2026-06-11 00:00:00,jueves,-20.2,-41.05,-43.83,-28.96,-25.59,-8.17,-17.36,-26.42,-48.79,-42.35,-6.97,-15.96,-8.79
2026-06-11 01:00:00,jueves,-20.21,-41.17,-43.9,-29.09,-21.65,-8.13,-18.09,-20.8,-44.77,-38.39,-1.68,-11.75,-8.69
2026-06-11 02:00:00,jueves,-20.22,-41.05,-43.96,-28.97,-23.43,-8.16,-19.1,-19.14,-46.31,-40.24,-0.36,-13.6,-8.55
2026-06-11 03:00:00,jueves,-20.22,-39.64,-44.04,-29.02,-25.38,-8.17,-20.43,-17.05,-50.08,-44.06,1.05,-15.49,-7.88
2026-06-11 04:00:00,jueves,-20.19,-39.33,-43.09,-29.11,-26.0,-8.14,-21.56,-19.41,-56.95,-50.84,-2.13,-16.22,-8.71
2026-06-11 05:00:00,jueves,-20.22,-39.69,-43.87,-29.12,-26.54,-8.18,-23.48,-23.16,-48.7,-42.57,-6.22,-16.97,-8.85
2026-06-11 06:00:00,jueves,-20.24,-38.35,-44.03,-29.0,-23.96,-8.15,-26.1,-22.76,-47.94,-41.89,-8.05,-14.18,-8.47
2026-06-11 07:00:00,jueves,-20.25,-40.48,-43.91,-28.9,-21.88,-8.17,-26.96,-19.81,-44.17,-38.19,-5.28,-12.31,-10.64
2026-06-11 08:00:00,jueves,-20.24,-39.89,-43.64,-29.02,-24.18,-8.13,-28.04,-17.39,-37.71,-31.84,-3.8,-15.01,-9.08
2026-06-11 09:00:00,jueves,-20.18,-40.03,-43.8,-28.68,-25.59,-8.14,-28.69,-17.98,-48.45,-42.44,-5.88,-16.15,-9.78
2026-06-11 10:00:00,jueves,-20.18,-40.94,-43.78,-28.8,-23.28,-8.13,-29.08,-16.54,-47.73,-41.67,-3.62,-13.66,-10.32
2026-06-11 11:00:00,jueves,-20.21,-41.07,-43.98,-29.2,-27.04,-8.15,-27.34,-16.49,-44.01,-37.93,-1.13,-17.71,-11.44
2026-06-11 12:00:00,jueves,-20.18,-41.07,-43.84,-31.91,-29.67,-8.09,-18.62,-21.99,-40.88,-34.79,0.86,-22.7,-10.58
2026-06-11 13:00:00,jueves,-20.19,-41.06,-43.91,-36.12,-25.35,-8.13,-14.02,-22.14,-40.76,-34.35,3.84,-22.41,-9.1
2026-06-11 14:00:00,jueves,-20.19,-41.1,-43.68,-36.08,-25.04,-8.15,-13.46,-18.87,-38.87,-32.68,7.94,-22.43,-8.37
2026-06-11 15:00:00,jueves,-20.2,-40.68,-43.3,-33.92,-27.23,-8.08,-12.61,-14.63,-30.03,-23.89,11.98,-22.04,-6.41
2026-06-11 16:00:00,jueves,-20.16,-41.04,-43.71,-33.2,-30.3,-8.15,-14.92,-12.12,-35.49,-29.4,11.86,-24.75,-7.66
2026-06-11 17:00:00,jueves,-20.16,-40.94,-43.08,-31.79,-31.25,-8.18,-19.77,-8.08,-26.45,-20.34,10.87,-24.43,-8.14
2026-06-11 18:00:00,jueves,-20.15,-41.08,-42.66,-31.86,-33.31,-7.34,-20.39,-8.39,-28.23,-21.96,10.41,-25.65,-7.79
2026-06-11 19:00:00,jueves,-20.08,-41.09,-42.94,-30.15,-33.22,-7.39,-21.45,-9.56,-25.72,-19.52,7.43,-24.04,-6.29
2026-06-11 20:00:00,jueves,-20.18,-41.61,-43.57,-29.99,-32.05,-8.32,-22.52,-7.74,-25.92,-19.74,7.43,-24.17,-7.08
2026-06-11 21:00:00,jueves,-20.19,-41.58,-43.58,-30.01,-27.63,-8.16,-19.62,-13.68,-27.23,-21.18,3.38,-20.34,-7.21
2026-06-11 22:00:00,jueves,-20.18,-41.62,-43.92,-30.02,-25.52,-8.45,-19.11,-14.09,-32.14,-26.13,3.48,-18.51,-8.24
2026-06-11 23:00:00,jueves,-20.19,-41.6,-43.76,-29.27,-23.51,-8.67,-17.97,-16.95,-26.36,-20.38,0.88,-14.38,-8.62
2026-06-12 00:00:00,viernes,-20.19,-41.15,-43.12,-29.89,-23.25,-8.65,-16.2,-19.97,-35.99,-29.75,-0.93,-14.55,-7.08
2026-06-12 01:00:00,viernes,-20.18,-41.11,-42.91,-30.13,-22.78,-8.64,-16.64,-18.16,-30.82,-24.55,1.25,-14.12,-5.97
2026-06-12 02:00:00,viernes,-20.13,-40.91,-40.23,-30.11,-26.32,-8.68,-17.05,-19.34,-18.69,-14.11,-0.04,-17.5,-4.77
2026-06-12 03:00:00,viernes,-20.08,-41.12,-39.47,-29.96,-25.63,-8.66,-18.29,-15.38,0.0,3.92,5.19,-16.63,-5.81
2026-06-12 04:00:00,viernes,-20.07,-40.15,-40.02,-30.1,-24.68,-8.69,-18.19,-14.47,0.0,4.88,6.47,-15.47,-4.15
2026-06-12 05:00:00,viernes,-19.92,-41.03,-38.56,-30.08,-26.3,-8.62,-18.76,-20.32,0.0,5.0,-0.32,-17.59,-0.54
2026-06-12 06:00:00,viernes,-20.02,-41.09,-42.09,-29.96,-25.84,-8.72,-20.75,-26.03,0.0,5.3,-7.62,-17.2,-4.04
2026-06-12 07:00:00,viernes,-19.91,-41.13,-44.87,-30.12,-24.4,-8.64,-24.23,-20.76,0.0,6.01,-4.89,-16.07,-7.27
2026-06-12 08:00:00,viernes,-20.18,-41.08,-44.72,-29.89,-24.56,-8.69,-24.89,-18.69,-12.3,-6.45,-3.53,-16.42,-9.27
2026-06-12 09:00:00,viernes,-18.82,-41.16,-41.99,-29.86,-20.48,-8.64,-25.06,-17.06,-42.43,-36.35,-1.45,-12.48,-8.49
2026-06-12 10:00:00,viernes,-18.24,-41.11,-40.3,-29.9,-25.03,-8.7,-26.3,-17.11,-38.11,-32.22,-0.93,-16.5,-7.16
2026-06-12 11:00:00,viernes,-18.24,-40.86,-36.88,-29.64,-25.53,-8.66,-28.24,-13.48,-14.03,-9.69,2.24,-16.71,-4.78
2026-06-12 12:00:00,viernes,-18.24,-41.13,-31.84,-28.15,-26.77,-8.94,-28.85,-13.47,-4.24,-1.61,1.09,-17.23,1.18
2026-06-12 13:00:00,viernes,-18.24,-41.07,-33.32,-26.03,-29.32,-8.84,-28.62,-17.69,-3.74,-1.03,-2.88,-17.13,-2.94
2026-06-12 14:00:00,viernes,-18.24,-41.08,-35.5,-24.97,-30.86,-8.65,-29.24,-18.33,-3.76,-0.37,-4.22,-17.5,-3.4
2026-06-12 15:00:00,viernes,-18.24,-41.1,-31.54,-27.74,-28.5,-8.67,-28.37,-18.16,-3.65,0.18,-2.95,-17.85,2.35
2026-06-12 16:00:00,viernes,-18.95,-41.09,-36.41,-31.64,-26.94,-8.69,-27.78,-18.71,-3.18,1.64,-2.86,-20.35,0.25
2026-06-12 17:00:00,viernes,-20.03,-41.14,-36.49,-34.19,-25.85,-8.69,-27.0,-18.52,0.0,2.84,-1.88,-22.16,-0.57
2026-06-12 18:00:00,viernes,-20.18,-41.09,-31.12,-32.57,-25.82,-8.67,-28.26,-17.66,0.0,4.27,-2.08,-20.05,4.46
2026-06-12 19:00:00,viernes,-20.13,-41.12,-28.3,-32.11,-23.78,-8.66,-27.96,-17.96,0.0,2.74,-3.6,-19.01,7.22
2026-06-12 20:00:00,viernes,-20.15,-42.21,-36.6,-30.68,-27.08,-8.63,-28.44,-17.7,0.0,2.14,-4.54,-21.26,-2.61
2026-06-12 21:00:00,viernes,-20.17,-42.48,-32.75,-29.93,-27.17,-8.9,-28.53,-18.01,0.0,2.16,-4.8,-20.7,0.71
2026-06-12 22:00:00,viernes,-20.13,-42.65,-32.57,-30.13,-26.22,-9.19,-29.59,-18.13,0.0,2.25,-5.83,-18.97,2.15
2026-06-12 23:00:00,viernes,-20.15,-42.41,-35.99,-30.15,-24.6,-9.22,-31.94,-13.37,0.0,2.45,-1.7,-17.22,-2.7
2026-06-13 00:00:00,sábado,-20.08,-42.07,-38.53,-30.28,-22.66,-9.13,-29.58,-10.82,0.0,2.39,3.38,-15.39,-5.25
2026-06-13 01:00:00,sábado,-20.16,-41.7,-38.46,-29.93,-23.7,-9.17,-28.28,-9.35,0.0,2.61,4.35,-15.29,-3.72
2026-06-13 02:00:00,sábado,-20.26,-40.77,-38.5,-29.99,-23.67,-9.22,-32.96,-13.4,0.0,3.84,-2.14,-14.99,-0.18
2026-06-13 03:00:00,sábado,-20.23,-40.97,-38.49,-30.19,-20.8,-9.16,-32.11,-13.06,0.0,3.85,-0.54,-12.98,-0.97
2026-06-13 04:00:00,sábado,-20.19,-38.03,-38.02,-30.1,-23.36,-9.16,-33.38,-12.8,0.0,3.9,-1.29,-15.83,1.6
2026-06-13 05:00:00,sábado,-20.21,-37.28,-35.98,-29.97,-25.36,-9.2,-32.69,-10.13,0.0,4.34,2.09,-17.89,4.33
2026-06-13 06:00:00,sábado,-20.1,-36.69,-36.11,-30.26,-25.96,-9.15,-32.76,-11.48,0.0,4.68,0.68,-19.08,4.93
2026-06-13 07:00:00,sábado,-20.2,-41.79,-41.92,-29.85,-24.16,-9.22,-32.27,-15.05,0.0,4.84,-2.37,-16.29,-6.02
2026-06-13 08:00:00,sábado,-20.24,-41.4,-43.76,-29.74,-24.88,-9.17,-32.93,-17.7,0.0,4.94,-5.81,-16.91,-7.47
2026-06-13 09:00:00,sábado,-20.22,-41.67,-44.25,-30.09,-23.6,-9.18,-32.53,-18.04,0.0,5.27,-7.05,-16.22,-8.72
2026-06-13 10:00:00,sábado,-20.23,-41.59,-44.34,-29.96,-24.35,-9.14,-31.96,-17.21,0.0,5.1,-6.0,-16.76,-8.23
2026-06-13 11:00:00,sábado,-20.24,-41.64,-44.34,-29.84,-28.5,-9.17,-32.41,-14.04,0.0,4.6,-1.6,-22.54,-6.9
2026-06-13 12:00:00,sábado,-20.13,-41.56,-44.23,-30.01,-31.27,-9.2,-32.19,-13.25,0.0,4.59,0.71,-26.42,-7.34
2026-06-13 13:00:00,sábado,-20.11,-41.65,-44.89,-30.05,-29.25,-9.22,-33.79,-13.62,0.0,4.65,-1.38,-24.28,-8.23
2026-06-13 14:00:00,sábado,-20.14,-41.61,-44.81,-29.91,-28.53,-9.16,-32.74,-16.49,0.0,4.74,-3.51,-23.25,-8.59
2026-06-13 15:00:00,sábado,-20.11,-41.59,-44.49,-29.8,-30.09,-9.19,-33.97,-14.05,0.0,4.71,-2.2,-23.62,-7.54
2026-06-13 16:00:00,sábado,-20.09,-41.57,-44.47,-30.07,-32.08,-9.15,-33.51,-15.41,0.0,4.99,-3.36,-29.88,-7.5
2026-06-13 17:00:00,sábado,-20.09,-41.61,-44.56,-30.09,-30.32,-9.18,-32.89,-15.16,0.0,4.9,-3.27,-29.56,-7.91
2026-06-13 18:00:00,sábado,-20.15,-41.6,-43.64,-30.08,-30.18,-9.16,-32.91,-12.82,-7.56,-2.48,-0.07,-27.79,-6.12
2026-06-13 19:00:00,sábado,-20.21,-41.54,-42.4,-30.24,-23.68,-8.86,-31.97,-13.12,-24.05,-18.68,1.04,-23.17,-4.64
2026-06-13 20:00:00,sábado,-20.15,-41.52,-42.48,-26.44,-20.21,-8.15,-31.96,-12.46,-34.18,-28.32,1.24,-16.5,-4.51
2026-06-13 21:00:00,sábado,-20.21,-41.65,-42.74,-25.15,-22.75,-8.15,-31.97,-13.29,-39.36,-33.37,0.18,-17.67,-5.8
2026-06-13 22:00:00,sábado,-20.21,-41.58,-43.51,-24.93,-18.55,-8.16,-31.53,-14.29,-42.2,-36.02,-0.66,-13.98,-6.79
2026-06-13 23:00:00,sábado,-20.22,-41.59,-43.24,-22.1,-15.2,-8.16,-32.35,-14.29,-42.92,-36.77,-1.21,-6.5,-6.51
2026-06-14 00:00:00,domingo,-20.2,-41.55,-43.41,-22.1,-13.59,-8.59,-32.36,-14.43,-43.17,-37.03,-1.55,-3.03,-7.07
2026-06-14 01:00:00,domingo,-20.22,-41.65,-43.46,-31.18,-17.99,-8.58,-31.75,-14.22,-43.02,-36.35,-0.39,-14.24,-6.86
2026-06-14 02:00:00,domingo,-20.22,-41.6,-43.43,-32.61,-12.06,-8.68,-32.12,-13.98,-44.91,-38.24,-0.38,-8.98,-6.3
2026-06-14 03:00:00,domingo,-20.21,-41.6,-43.41,-29.68,-14.0,-8.69,-33.03,-14.4,-42.29,-35.49,-2.09,-7.34,-6.43
2026-06-14 04:00:00,domingo,-20.21,-41.57,-43.38,-27.33,-20.0,-8.65,-33.27,-13.24,-45.97,-39.08,-1.1,-9.95,-6.19
2026-06-14 05:00:00,domingo,-20.18,-41.57,-43.33,-27.98,-16.78,-8.67,-32.7,-17.8,-41.61,-34.96,-5.07,-7.39,-7.06
2026-06-14 06:00:00,domingo,-20.21,-41.63,-43.01,-20.25,-22.0,-8.88,-32.89,-17.68,-31.69,-25.35,-5.2,-4.86,-6.6
2026-06-14 07:00:00,domingo,-20.17,-41.55,-43.17,0.0,-32.25,-9.36,-33.11,-15.11,-34.32,-28.04,-2.84,4.91,-6.56
2026-06-14 08:00:00,domingo,-20.2,-41.64,-43.13,0.0,-33.69,-9.68,-32.2,-17.67,-33.67,-27.62,-4.66,3.09,-6.01
2026-06-14 09:00:00,domingo,-20.24,-41.59,-43.7,0.0,-35.83,-9.66,-30.41,-17.61,-37.03,-30.97,-4.15,0.92,-7.23
2026-06-14 10:00:00,domingo,-20.24,-41.58,-43.87,0.0,-32.1,-9.72,-29.26,-18.73,-35.5,-29.41,-2.96,4.06,-8.45
2026-06-14 11:00:00,domingo,-20.23,-41.61,-43.64,0.0,-33.06,-9.68,-29.69,-13.17,-40.73,-34.64,1.71,3.21,-11.53
2026-06-14 12:00:00,domingo,-20.23,-41.3,-43.71,0.0,-35.58,-9.7,-28.86,-17.09,-41.88,-35.42,-3.18,0.79,-11.15
2026-06-14 13:00:00,domingo,-20.2,-40.56,-43.14,0.0,-34.25,-9.73,-29.53,-15.38,-41.85,-35.38,-2.23,1.89,-10.47
2026-06-14 14:00:00,domingo,-20.21,-40.42,-43.83,0.0,-34.85,-9.64,-29.13,-14.19,-42.32,-35.96,-0.13,1.37,-9.3
2026-06-14 15:00:00,domingo,-20.18,-40.37,-42.87,0.0,-32.86,-9.76,-28.61,-13.84,-44.6,-38.48,2.39,3.75,-7.73
2026-06-14 16:00:00,domingo,-20.17,-40.39,-41.95,0.0,-35.92,-9.69,-28.26,-15.58,-37.87,-31.88,-0.77,1.11,-7.75
2026-06-14 17:00:00,domingo,-20.15,-40.95,-41.97,0.0,-33.56,-9.63,-28.62,-17.75,-30.06,-23.84,-3.32,3.29,-9.19
2026-06-14 18:00:00,domingo,-20.16,-40.36,-41.3,0.0,-33.23,-9.72,-29.87,-17.63,-30.47,-23.9,-3.28,4.04,-7.81
2026-06-14 19:00:00,domingo,-20.17,-40.41,-41.31,0.0,-30.51,-9.66,-28.6,-19.39,-21.13,-14.96,-3.99,6.91,-6.61
2026-06-14 20:00:00,domingo,-20.15,-40.79,-41.86,0.0,-32.2,-9.71,-27.84,-17.97,-26.39,-20.49,-2.17,5.15,-6.56
2026-06-14 21:00:00,domingo,-20.15,-41.03,-42.53,0.0,-32.2,-9.73,-27.75,-16.83,-25.67,-19.76,-1.23,4.63,-6.14
2026-06-14 22:00:00,domingo,-20.12,-41.13,-43.63,0.0,-30.24,-9.7,-27.77,-16.16,-23.24,-17.45,0.65,6.37,-7.55
2026-06-14 23:00:00,domingo,-20.09,-41.06,-43.83,0.0,-32.96,-9.7,-29.5,-10.08,-26.75,-21.02,6.12,3.77,-7.65
2026-06-15 00:00:00,lunes,-19.82,-41.1,-44.06,0.0,-33.08,-9.67,-30.37,-13.19,-34.75,-28.75,2.03,4.0,-7.64
2026-06-15 01:00:00,lunes,-19.43,-41.06,-43.73,0.0,-33.92,-9.61,-31.41,-11.68,-33.68,-27.17,2.7,3.3,-6.92
2026-06-15 02:00:00,lunes,-19.43,-41.11,-43.43,0.0,-32.0,-9.75,-31.21,-14.46,-28.92,-22.63,0.34,5.32,-6.03
2026-06-15 03:00:00,lunes,-18.65,-41.08,-43.6,0.0,-31.82,-9.62,-31.59,-14.12,-29.08,-22.7,0.22,5.87,-4.12
2026-06-15 04:00:00,lunes,-17.9,-41.11,-43.55,0.0,-32.56,-9.72,-30.62,-14.81,-25.05,-18.78,0.35,4.44,-3.48
2026-06-15 05:00:00,lunes,-17.91,-41.09,-43.67,0.0,-31.49,-9.72,-31.05,-18.35,-28.41,-22.08,-3.92,5.34,-4.58
2026-06-15 06:00:00,lunes,-17.9,-41.09,-43.67,0.0,-30.85,-9.69,-31.18,-16.84,-28.67,-22.77,-2.21,5.78,-4.36
2026-06-15 07:00:00,lunes,-19.53,-41.08,-43.41,0.0,-29.95,-9.64,-31.03,-17.44,-24.39,-18.5,-2.49,7.37,-6.13
2026-06-15 08:00:00,lunes,-20.19,-41.08,-43.67,0.0,-33.3,-9.69,-29.85,-19.46,-29.1,-22.91,-4.55,3.84,-7.03
2026-06-15 09:00:00,lunes,-19.84,-41.15,-43.58,0.0,-33.65,-9.67,-30.07,-17.58,-26.46,-20.47,-3.99,2.72,-6.93
2026-06-15 10:00:00,lunes,-20.22,-41.01,-43.52,0.0,-30.32,-9.75,-29.95,-16.18,-29.72,-24.01,-2.17,5.56,-6.26
2026-06-15 11:00:00,lunes,-20.18,-41.07,-43.41,0.0,-29.82,-9.68,-29.99,-24.94,-25.48,-19.73,-10.39,6.77,-6.02
2026-06-15 12:00:00,lunes,-20.21,-41.14,-43.57,0.0,-32.35,-9.62,-30.78,-30.0,-27.54,-21.42,-14.3,4.98,-7.19
2026-06-15 13:00:00,lunes,-20.2,-41.06,-43.54,0.0,-31.34,-9.77,-29.79,-19.33,-26.97,-20.88,-3.49,6.13,-6.61
2026-06-15 14:00:00,lunes,-20.17,-40.82,-40.15,0.0,-32.35,-9.62,-29.09,-20.35,-39.82,-33.88,-3.99,4.9,-3.18
2026-06-15 15:00:00,lunes,-20.18,-41.68,-43.65,0.0,-32.68,-9.76,-28.67,-27.5,-26.25,-20.27,-12.61,4.22,-7.49
2026-06-15 16:00:00,lunes,-20.17,-41.74,-43.85,0.0,-34.02,-9.58,-28.28,-25.5,-35.02,-28.88,-10.6,3.16,-7.85
2026-06-15 17:00:00,lunes,-20.15,-41.67,-43.84,0.0,-33.38,-10.0,-27.43,-30.26,-32.48,-26.23,-14.64,3.99,-7.82
2026-06-15 18:00:00,lunes,-20.14,-41.74,-43.79,0.0,-36.24,-9.65,-27.8,-26.75,-31.09,-24.79,-10.9,0.89,-7.29
2026-06-15 19:00:00,lunes,-20.1,-41.77,-43.87,0.0,-36.44,-9.63,-26.89,-30.08,-32.12,-26.05,-12.11,-0.62,-7.16
2026-06-15 20:00:00,lunes,-20.12,-41.77,-43.72,0.0,-36.36,-9.71,-28.28,-27.82,-27.93,-21.8,-11.77,-0.79,-6.97
2026-06-15 21:00:00,lunes,-20.12,-41.79,-43.62,0.0,-36.43,-9.66,-26.94,-26.16,-25.99,-19.98,-10.8,-1.01,-7.43
2026-06-15 22:00:00,lunes,-20.15,-41.77,-43.72,0.0,-36.47,-9.69,-26.37,-27.5,-28.8,-22.99,-11.83,-1.19,-7.52
2026-06-15 23:00:00,lunes,-20.18,-41.79,-43.71,0.0,-34.76,-9.7,-27.74,-23.76,-28.78,-22.97,-8.69,0.85,-7.35
2026-06-16 00:00:00,martes,-20.18,-41.21,-43.64,0.0,-36.11,-9.68,-28.25,-22.61,-26.43,-20.76,-6.0,0.41,-6.76
2026-06-16 01:00:00,martes,-20.22,-41.05,-43.59,0.0,-33.74,-9.72,-28.57,-21.21,-24.89,-18.95,-6.86,3.3,-6.12
2026-06-16 02:00:00,martes,-20.23,-41.14,-43.59,0.0,-33.36,-9.69,-28.47,-22.24,-26.83,-20.73,-8.06,4.29,-6.1
2026-06-16 03:00:00,martes,-20.25,-41.06,-43.34,0.0,-31.8,-9.69,-29.43,-19.86,-22.57,-16.54,-5.65,6.08,-6.14
2026-06-16 04:00:00,martes,-20.26,-41.07,-43.66,0.0,-34.33,-9.68,-29.06,-18.81,-28.64,-22.42,-4.41,3.42,-6.76
2026-06-16 05:00:00,martes,-20.25,-41.11,-43.64,0.0,-35.33,-9.66,-25.35,-29.88,-27.25,-21.15,-13.42,2.48,-6.85
2026-06-16 06:00:00,martes,-20.26,-41.06,-43.27,-2.45,-35.06,-9.65,-24.89,-25.04,-21.22,-15.09,-7.43,0.01,-6.56
2026-06-16 07:00:00,martes,-20.28,-40.64,-43.45,-24.63,-28.74,-9.78,-27.27,-13.36,-23.88,-18.15,3.07,-16.48,-6.41
2026-06-16 08:00:00,martes,-20.26,-41.04,-43.23,-34.14,-25.86,-9.58,-27.64,-22.71,-18.93,-13.24,-6.93,-23.13,-7.71
2026-06-16 09:00:00,martes,-20.27,-38.08,-43.06,-36.24,-21.21,-9.16,-29.22,-20.23,-18.24,-12.37,-7.05,-20.12,-3.47
2026-06-16 10:00:00,martes,-20.26,-40.79,-43.2,-37.4,-23.78,-9.09,-29.22,-22.66,-18.79,-12.98,-9.71,-24.16,-6.6
2026-06-16 11:00:00,martes,-20.26,-39.19,-43.52,-37.96,-23.94,-9.17,-29.56,-19.66,-17.82,-12.01,-7.24,-23.65,-4.17
2026-06-16 12:00:00,martes,-20.25,-41.67,-43.56,-38.23,-24.61,-9.2,-28.18,-22.08,-20.85,-14.76,-9.51,-24.64,-7.98
2026-06-16 13:00:00,martes,-20.03,-41.65,-43.6,-37.96,-27.04,-9.15,-27.97,-24.21,-17.34,-11.45,-10.65,-26.81,-8.33
2026-06-16 14:00:00,martes,-20.2,-41.68,-43.92,-38.07,-23.19,-9.25,-25.42,-30.8,-20.38,-14.75,-17.56,-23.04,-8.83
2026-06-16 15:00:00,martes,-20.18,-41.77,-44.01,-38.25,-20.67,-8.96,-20.03,-28.78,-21.49,-15.71,-11.62,-20.38,-8.68
2026-06-16 16:00:00,martes,-20.1,-41.55,-44.09,-38.13,-22.0,-8.66,-17.37,-31.51,-22.85,-16.97,-12.31,-21.4,-8.66
2026-06-16 17:00:00,martes,-20.02,-41.71,-44.31,-37.83,-24.67,-8.66,-16.87,-33.38,-28.41,-22.27,-13.1,-23.92,-9.09
2026-06-16 18:00:00,martes,-20.13,-41.64,-44.2,-38.07,-21.46,-8.67,-21.0,-24.15,-35.25,-28.84,-6.92,-21.02,-7.62
2026-06-16 19:00:00,martes,-20.15,-41.71,-43.99,-38.22,-24.26,-8.65,-21.4,-21.13,-30.5,-24.36,-5.31,-24.91,-7.52
2026-06-16 20:00:00,martes,-20.12,-41.68,-43.92,-38.2,-23.24,-8.67,-20.78,-25.82,-28.26,-22.14,-8.88,-24.7,-7.21
2026-06-16 21:00:00,martes,-20.17,-41.71,-43.86,-38.28,-24.63,-8.66,-21.49,-26.36,-26.87,-20.66,-10.3,-26.27,-6.28
2026-06-16 22:00:00,martes,-20.17,-41.67,-43.88,-38.05,-24.32,-8.66,-25.26,-20.84,-27.48,-21.61,-7.48,-25.8,-6.44
2026-06-16 23:00:00,martes,-20.17,-41.68,-44.0,-38.16,-25.6,-8.62,-26.06,-18.36,-28.96,-22.77,-3.66,-27.06,-7.03
2026-06-17 00:00:00,miércoles,-20.19,-41.72,-43.87,-38.24,-26.62,-8.65,-26.55,-16.82,-26.34,-20.14,-0.15,-27.64,-7.15
2026-06-17 01:00:00,miércoles,-20.19,-41.66,-43.86,-38.18,-24.6,-8.67,-26.19,-17.28,-23.87,-17.78,-1.81,-25.79,-7.76
2026-06-17 02:00:00,miércoles,-20.2,-41.72,-43.81,-38.17,-23.76,-8.65,-28.19,-13.04,-25.37,-19.1,0.92,-24.92,-7.3
2026-06-17 03:00:00,miércoles,-20.19,-41.7,-43.69,-38.08,-23.11,-8.68,-28.14,-13.74,-25.27,-18.67,1.26,-24.15,-6.91
2026-06-17 04:00:00,miércoles,-20.19,-41.7,-43.79,-38.24,-24.67,-8.66,-27.71,-18.75,-27.74,-21.24,-2.75,-26.04,-7.89
2026-06-17 05:00:00,miércoles,-20.17,-41.7,-43.96,-38.06,-24.9,-8.67,-26.91,-18.5,-31.1,-24.98,-2.44,-25.88,-10.81
2026-06-17 06:00:00,miércoles,-20.18,-41.7,-44.09,-38.25,-26.09,-8.67,-28.34,-16.46,-33.27,-27.13,-0.33,-27.39,-8.83
2026-06-17 07:00:00,miércoles,-20.2,-41.72,-44.07,-38.11,-25.02,-8.63,-30.17,-12.02,-32.64,-26.3,2.43,-26.03,-6.78
2026-06-17 08:00:00,miércoles,-20.18,-41.65,-43.94,-38.04,-25.31,-8.71,-29.39,-18.27,-32.92,-26.51,-3.05,-26.37,-6.86
2026-06-17 09:00:00,miércoles,-20.2,-41.7,-44.03,-38.06,-25.76,-8.65,-27.86,-20.6,-34.34,-27.96,-3.0,-26.67,-6.71
2026-06-17 10:00:00,miércoles,-20.14,-41.67,-43.94,-37.62,-26.65,-8.61,-25.86,-20.46,-34.99,-28.71,-1.71,-27.24,-6.63
2026-06-17 11:00:00,miércoles,-20.2,-41.69,-44.19,-37.23,-25.98,-8.67,-26.86,-20.98,-38.54,-32.27,-4.62,-25.91,-7.19
2026-06-17 12:00:00,miércoles,-19.98,-41.71,-44.14,-37.69,-25.54,-8.7,-26.92,-23.12,-40.96,-34.64,-6.39,-25.77,-7.12
2026-06-17 13:00:00,miércoles,-19.89,-41.67,-44.3,-37.79,-20.85,-8.66,-27.96,-13.83,-43.82,-37.39,1.24,-21.58,-7.77
2026-06-17 14:00:00,miércoles,-20.18,-41.68,-44.28,-38.26,-21.69,-8.65,-25.68,-26.71,-40.95,-34.56,-8.9,-22.97,-7.3
2026-06-17 15:00:00,miércoles,-20.17,-41.68,-44.32,-38.08,-20.29,-8.69,-28.46,-18.63,-42.01,-35.55,-4.46,-21.42,-6.97
2026-06-17 16:00:00,miércoles,-20.13,-41.71,-44.44,-38.13,-24.62,-8.7,-26.87,-27.14,-44.29,-37.72,-12.61,-25.65,-7.86
2026-06-17 17:00:00,miércoles,-20.12,-41.3,-44.32,-38.13,-28.59,-8.63,-27.49,-23.45,-40.61,-33.69,-9.95,-29.4,-6.18
2026-06-17 18:00:00,miércoles,-20.12,-41.7,-44.38,-38.13,-27.26,-8.73,-26.77,-17.68,-42.44,-35.56,-2.53,-27.8,-6.64
2026-06-17 19:00:00,miércoles,-20.11,-41.68,-44.4,-38.06,-22.16,-8.65,-26.1,-17.8,-40.07,-33.94,-1.57,-22.61,-6.45
2026-06-17 20:00:00,miércoles,-20.11,-41.69,-44.45,-38.15,-22.8,-8.71,-25.94,-19.1,-43.71,-37.35,-2.76,-23.16,-7.06
2026-06-17 21:00:00,miércoles,-20.11,-41.75,-44.29,-38.28,-22.01,-8.64,-26.35,-16.99,-41.97,-35.57,-1.68,-23.05,-7.39
2026-06-17 22:00:00,miércoles,-20.09,-41.67,-44.26,-38.14,-23.81,-8.69,-26.34,-19.03,-40.64,-34.12,-3.65,-24.88,-6.48
2026-06-17 23:00:00,miércoles,-20.11,-41.7,-44.28,-38.13,-23.61,-8.62,-25.74,-19.59,-40.28,-33.94,-3.52,-24.89,-7.8
2026-06-18 00:00:00,jueves,-20.09,-41.7,-44.01,-38.19,-23.92,-8.67,-26.02,-19.44,-36.16,-29.82,-1.2,-24.58,-6.93
2026-06-18 01:00:00,jueves,-20.04,-41.65,-44.19,-38.12,-23.56,-8.71,-27.71,-24.04,-40.4,-33.88,-6.76,-24.29,-6.46
2026-06-18 02:00:00,jueves,-20.09,-41.74,-44.2,-38.32,-24.46,-8.67,-28.59,-16.14,-40.05,-33.73,0.47,-25.05,-7.04
2026-06-18 03:00:00,jueves,-20.01,-41.68,-44.19,-38.05,-22.99,-8.63,-27.4,-17.75,-38.89,-32.72,-1.16,-22.88,-5.98
2026-06-18 04:00:00,jueves,-20.12,-41.73,-44.09,-38.22,-22.72,-8.68,-22.55,-22.88,-34.45,-28.46,-3.07,-22.99,-6.04
2026-06-18 05:00:00,jueves,-20.04,-41.69,-44.38,-38.13,-21.94,-8.62,-19.43,-17.28,-43.43,-37.08,4.11,-21.83,-5.55
2026-06-18 06:00:00,jueves,-20.1,-41.7,-42.76,-38.1,-15.67,-8.7,-17.32,-13.56,-43.04,-36.62,6.71,-16.23,-4.07
2026-06-18 07:00:00,jueves,-20.02,-41.71,-42.94,-38.17,-12.46,-8.67,-16.47,-11.61,-44.97,-38.66,7.99,-13.12,-4.43
2026-06-18 08:00:00,jueves,-20.08,-41.64,-42.88,-38.12,-15.03,-8.63,-15.93,-13.49,-41.52,-35.06,6.25,-15.64,-4.63
2026-06-18 09:00:00,jueves,-20.11,-41.45,-42.76,-38.19,-15.42,-8.66,-15.02,-14.7,-43.82,-37.46,6.07,-16.83,-4.8
2026-06-18 10:00:00,jueves,-20.12,-41.64,-42.98,-38.28,-16.41,-8.67,-14.14,-14.7,-41.7,-35.29,7.21,-17.6,-5.86
2026-06-18 11:00:00,jueves,-20.11,-41.31,-42.97,-38.11,-17.71,-8.6,-14.97,-25.48,-45.68,-39.12,-4.08,-18.59,-4.21
2026-06-18 12:00:00,jueves,-20.08,-40.87,-42.89,-37.97,-17.52,-8.65,-16.69,-22.63,-41.71,-35.07,-2.48,-18.12,-3.86
2026-06-18 13:00:00,jueves,-20.08,-40.76,-44.17,-38.02,-22.02,-8.69,-18.21,-23.84,-42.8,-36.09,-5.87,-22.35,-4.22
2026-06-18 14:00:00,jueves,-20.09,-40.77,-44.33,-37.83,-21.44,-8.62,-21.39,-26.14,-42.67,-36.13,-9.79,-22.43,-4.66
2026-06-18 15:00:00,jueves,-20.09,-40.75,-44.24,-37.99,-19.29,-8.69,-24.99,-16.96,-40.87,-34.33,-1.33,-20.28,-5.67
2026-06-18 16:00:00,jueves,-20.08,-40.9,-44.28,-37.36,-21.06,-8.68,-27.02,-11.37,-39.64,-33.37,2.12,-22.51,-5.58
2026-06-18 17:00:00,jueves,-20.09,-40.91,-44.26,-37.77,-22.55,-8.64,-25.13,-23.15,-37.99,-31.61,-8.36,-24.6,-5.29
2026-06-18 18:00:00,jueves,-20.07,-40.82,-44.24,-37.48,-23.64,-8.67,-25.64,-22.81,-36.88,-30.46,-8.26,-24.98,-5.89
2026-06-18 19:00:00,jueves,-20.07,-40.95,-44.38,-38.1,-15.48,-8.73,-26.21,-22.26,-39.4,-33.12,-7.17,-17.64,-6.1
2026-06-18 20:00:00,jueves,-20.09,-40.91,-44.28,-37.74,-18.64,-8.68,-27.1,-18.76,-39.84,-33.42,-3.95,-20.41,-5.37
2026-06-18 21:00:00,jueves,-20.08,-40.87,-44.18,-38.14,-22.43,-8.68,-25.56,-20.72,-36.73,-30.34,-6.94,-24.76,-5.85
2026-06-18 22:00:00,jueves,-20.09,-40.88,-44.16,-38.11,-22.16,-8.67,-25.19,-24.17,-37.12,-30.74,-9.65,-24.2,-5.49
2026-06-18 23:00:00,jueves,-20.1,-40.9,-44.3,-38.14,-24.77,-8.65,-25.03,-21.99,-40.99,-34.5,-7.15,-26.29,-5.4
2026-06-19 00:00:00,viernes,-20.11,-40.96,-44.17,-38.27,-26.9,-8.67,-26.1,-18.48,-37.95,-31.34,-4.51,-28.23,-6.03
2026-06-19 01:00:00,viernes,-19.67,-40.82,-44.21,-38.05,-27.56,-8.66,-26.13,-17.49,-39.99,-33.21,-2.88,-28.78,-5.44
2026-06-19 02:00:00,viernes,-20.13,-40.9,-44.12,-38.2,-27.44,-8.67,-27.45,-15.95,-44.16,-37.74,-1.87,-29.08,-6.14
2026-06-19 03:00:00,viernes,-20.13,-40.93,-44.12,-38.19,-27.16,-8.67,-27.73,-15.65,-40.92,-34.65,0.3,-28.68,-6.1
2026-06-19 04:00:00,viernes,-20.14,-40.9,-44.24,-38.2,-29.17,-8.62,-29.24,-13.52,-46.83,-40.31,0.54,-30.47,-6.45
2026-06-19 05:00:00,viernes,-20.16,-40.84,-44.18,-38.05,-27.99,-8.73,-28.78,-15.38,-46.27,-39.44,-1.83,-29.31,-6.61
2026-06-19 06:00:00,viernes,-20.14,-40.93,-44.14,-38.28,-25.51,-8.64,-28.9,-14.37,-45.36,-38.58,-0.81,-26.4,-6.05
2026-06-19 07:00:00,viernes,-20.16,-40.95,-44.25,-38.3,-22.59,-8.68,-29.86,-12.62,-45.43,-38.89,0.82,-24.12,-6.05
2026-06-19 08:00:00,viernes,-20.13,-40.8,-44.17,-37.95,-26.59,-8.65,-30.11,-14.09,-44.0,-37.46,0.14,-28.3,-5.16
2026-06-19 09:00:00,viernes,-20.13,-40.86,-43.8,-38.23,-21.26,-8.64,-29.62,-13.55,-42.91,-36.45,1.04,-23.41,-4.88
2026-06-19 10:00:00,viernes,-20.13,-40.9,-44.26,-38.15,-13.9,-8.65,-31.22,-10.06,-48.37,-41.52,4.65,-16.28,-6.63
2026-06-19 11:00:00,viernes,-20.15,-40.76,-44.1,-37.95,-16.12,-8.71,-32.0,-9.37,-46.15,-39.69,4.34,-17.49,-7.49
2026-06-19 12:00:00,viernes,-20.11,-40.74,-44.15,-38.1,-23.43,-8.63,-31.27,-13.64,-45.91,-39.53,1.1,-24.14,-6.35
2026-06-19 13:00:00,viernes,-20.1,-40.52,-44.23,-38.29,-25.79,-8.62,-26.92,-20.27,-46.01,-39.64,-5.75,-26.97,-5.31
2026-06-19 14:00:00,viernes,-20.11,-40.68,-44.12,-38.08,-22.07,-8.68,-24.62,-23.24,-45.96,-39.63,-8.02,-23.34,-5.69
2026-06-19 15:00:00,viernes,-20.11,-40.92,-44.28,-38.07,-18.56,-8.63,-25.45,-19.05,-40.6,-34.58,-4.33,-20.19,-7.04
2026-06-19 16:00:00,viernes,-20.12,-40.88,-44.23,-37.66,-18.86,-8.66,-25.9,-22.45,-33.74,-27.97,-7.23,-20.38,-6.52
2026-06-19 17:00:00,viernes,-20.05,-40.87,-44.27,-38.01,-21.47,-8.68,-21.82,-27.24,-34.61,-28.72,-11.16,-23.07,-5.75
2026-06-19 18:00:00,viernes,-20.08,-40.67,-44.17,-37.71,-24.21,-8.68,-18.01,-24.32,-41.34,-34.85,-5.8,-25.16,-4.84
2026-06-19 19:00:00,viernes,-20.07,-40.86,-44.22,-37.71,-26.61,-8.67,-18.91,-22.69,-44.47,-37.75,-5.83,-26.62,-5.24
2026-06-19 20:00:00,viernes,-20.04,-40.88,-44.35,-38.09,-28.57,-8.67,-16.93,-24.11,-47.73,-41.07,-6.63,-29.48,-6.17
2026-06-19 21:00:00,viernes,-20.0,-40.89,-44.3,-35.93,-29.22,-8.66,-13.1,-29.6,-46.71,-39.9,-9.69,-28.84,-6.38
2026-06-19 22:00:00,viernes,-20.02,-40.9,-44.32,-34.19,-26.97,-8.67,-12.92,-27.15,-46.54,-39.71,-8.4,-24.78,-5.34
2026-06-19 23:00:00,viernes,-20.04,-40.94,-44.31,-35.97,-17.82,-8.69,-14.48,-27.25,-45.76,-39.03,-9.14,-17.74,-6.26
2026-06-20 00:00:00,sábado,-20.05,-40.83,-44.33,-37.6,-23.33,-8.67,-19.93,-16.72,-48.69,-41.89,-0.39,-23.99,-6.14
2026-06-20 01:00:00,sábado,-20.03,-41.23,-44.11,-38.09,-20.55,-8.68,-22.89,-11.57,-43.81,-37.32,3.26,-20.78,-4.61
2026-06-20 02:00:00,sábado,-20.1,-41.47,-44.41,-38.01,-25.6,-8.66,-25.21,-8.41,-48.9,-42.51,5.19,-25.25,-5.37
2026-06-20 03:00:00,sábado,-20.08,-41.53,-44.3,-38.11,-21.33,-8.66,-27.87,-9.03,-45.19,-38.67,2.79,-21.32,-5.97
2026-06-20 04:00:00,sábado,-20.1,-41.46,-44.23,-37.79,-23.47,-8.68,-26.92,-9.17,-47.7,-40.99,3.45,-23.33,-6.75
2026-06-20 05:00:00,sábado,-20.11,-41.52,-44.15,-38.27,-26.76,-8.67,-28.48,-10.02,-42.81,-36.21,1.31,-27.02,-6.24
2026-06-20 06:00:00,sábado,-20.1,-41.5,-44.23,-38.13,-26.12,-8.66,-29.3,-8.92,-41.62,-35.17,2.05,-26.25,-5.82
2026-06-20 07:00:00,sábado,-20.08,-41.52,-44.14,-38.17,-25.97,-8.65,-28.06,-11.04,-40.67,-33.94,1.67,-26.21,-6.18
2026-06-20 08:00:00,sábado,-20.12,-41.27,-43.93,-38.11,-25.43,-8.69,-28.42,-13.86,-40.41,-33.89,-1.97,-26.09,-5.49
2026-06-20 09:00:00,sábado,-20.12,-41.46,-44.17,-38.17,-19.79,-8.63,-29.29,-8.25,-36.63,-30.77,2.17,-21.14,-7.63
2026-06-20 10:00:00,sábado,-19.84,-41.53,-44.22,-38.05,-15.11,-8.71,-30.02,-11.56,-33.95,-28.35,-2.01,-16.28,-6.99
2026-06-20 11:00:00,sábado,-20.19,-41.45,-44.21,-36.71,-12.9,-8.55,-29.38,-12.69,-34.66,-29.04,-2.04,-13.15,-7.56
2026-06-20 12:00:00,sábado,-20.06,-41.41,-44.15,-35.63,-8.34,-6.97,-28.27,-16.75,-33.33,-27.76,-5.48,-6.49,-6.09
2026-06-20 13:00:00,sábado,-20.08,-41.52,-44.12,-38.21,-19.03,-8.38,-26.64,-24.84,-38.0,-31.72,-13.25,-19.35,-6.58
2026-06-20 14:00:00,sábado,-20.0,-41.56,-44.34,-38.27,-24.01,-8.67,-26.72,-23.36,-38.72,-32.45,-12.14,-24.43,-6.88
2026-06-20 15:00:00,sábado,-19.96,-41.53,-44.15,-37.91,-15.36,-8.67,-25.98,-22.01,-34.56,-28.67,-10.77,-16.1,-7.1
2026-06-20 16:00:00,sábado,-20.09,-41.42,-44.17,-37.8,-18.73,-8.67,-24.89,-23.42,-30.63,-24.83,-10.32,-19.18,-7.12
2026-06-20 17:00:00,sábado,-20.09,-41.47,-44.25,-38.11,-23.97,-8.63,-26.25,-17.85,-34.82,-29.29,-4.87,-24.12,-8.26
2026-06-20 18:00:00,sábado,-20.09,-41.58,-44.21,-38.08,-23.76,-8.71,-25.91,-21.88,-33.41,-27.97,-9.64,-23.98,-6.71
2026-06-20 19:00:00,sábado,-20.09,-41.47,-44.27,-38.03,-20.97,-8.63,-21.96,-28.42,-32.26,-26.82,-14.75,-20.45,-6.51
2026-06-20 20:00:00,sábado,-20.11,-41.48,-44.2,-38.03,-23.54,-8.68,-15.26,-27.9,-33.31,-27.52,-11.26,-23.79,-6.61
2026-06-20 21:00:00,sábado,-20.09,-41.51,-44.31,-38.09,-21.44,-8.65,-14.21,-22.9,-35.9,-30.13,-6.43,-22.34,-6.63
2026-06-20 22:00:00,sábado,-20.08,-41.47,-44.15,-34.47,-22.6,-8.99,-15.69,-22.7,-32.65,-26.81,-4.2,-20.03,-6.56
2026-06-20 23:00:00,sábado,-20.07,-41.19,-43.65,-27.32,-24.18,-9.24,-18.48,-19.26,-20.7,-15.09,-3.01,-14.7,-6.57
2026-06-21 00:00:00,domingo,-20.09,-41.21,-41.12,-24.05,-23.2,-9.15,-16.63,-17.01,-5.24,0.0,-0.6,-10.14,-4.95
2026-06-21 01:00:00,domingo,-20.09,-41.77,-40.88,-24.12,-23.14,-9.19,-17.34,-17.55,-5.13,0.0,-0.6,-10.45,-4.98
2026-06-21 02:00:00,domingo,-20.1,-41.69,-40.68,-24.16,-23.94,-9.18,-18.75,-17.22,-5.1,0.0,-0.6,-10.57,-4.89
2026-06-21 03:00:00,domingo,-20.02,-42.03,-40.84,-24.99,-25.45,-9.09,-19.78,-15.89,-5.0,0.03,-0.6,-11.82,-5.42
2026-06-21 04:00:00,domingo,-20.09,-41.47,-43.64,-33.69,-24.88,-8.68,-25.49,-18.31,-35.68,-29.84,-7.7,-19.98,-7.97
2026-06-21 05:00:00,domingo,-20.1,-41.62,-43.78,-37.81,-24.0,-8.64,-25.63,-19.39,-38.46,-32.09,-7.17,-23.73,-7.3
2026-06-21 06:00:00,domingo,-20.08,-41.55,-43.79,-38.14,-25.75,-8.66,-27.48,-15.0,-37.01,-30.78,-3.71,-25.74,-5.98
2026-06-21 07:00:00,domingo,-20.11,-41.57,-43.69,-38.02,-24.88,-8.6,-27.35,-12.78,-36.48,-30.0,-2.82,-24.8,-4.6
2026-06-21 08:00:00,domingo,-20.1,-41.63,-43.68,-37.93,-27.35,-8.68,-28.44,-16.49,-34.37,-27.96,-6.47,-27.33,-5.57
2026-06-21 09:00:00,domingo,-20.1,-41.57,-43.68,-36.61,-28.48,-8.65,-28.35,-18.49,-39.31,-33.15,-8.19,-27.68,-6.82
2026-06-21 10:00:00,domingo,-20.08,-41.63,-43.82,-36.26,-21.42,-8.74,-29.25,-13.07,-43.12,-36.65,-3.51,-21.39,-7.2
2026-06-21 11:00:00,domingo,-20.12,-41.57,-43.82,-36.71,-16.02,-8.67,-29.56,-10.22,-36.44,-30.32,-0.52,-16.38,-6.6
2026-06-21 12:00:00,domingo,-20.09,-41.53,-43.89,-36.46,-23.05,-8.63,-26.3,-18.59,-42.27,-36.14,-6.85,-21.84,-6.48
2026-06-21 13:00:00,domingo,-20.08,-41.61,-43.8,-34.02,-27.76,-8.72,-19.75,-25.0,-41.47,-35.13,-8.61,-24.1,-6.83
2026-06-21 14:00:00,domingo,-20.06,-41.6,-43.82,-34.71,-21.18,-8.63,-17.21,-24.29,-41.2,-34.76,-6.04,-18.55,-6.85
2026-06-21 15:00:00,domingo,-20.06,-40.98,-43.45,-33.9,-23.76,-8.69,-15.6,-22.78,-41.48,-34.84,-3.57,-19.69,-5.41
2026-06-21 16:00:00,domingo,-20.05,-41.59,-43.72,-36.4,-19.63,-8.65,-12.68,-16.12,-38.33,-31.66,6.34,-18.43,-6.87
2026-06-21 17:00:00,domingo,-20.06,-41.69,-43.78,-37.9,-18.93,-8.64,-14.1,-13.94,-38.65,-32.09,6.83,-19.41,-7.11
2026-06-21 18:00:00,domingo,-20.05,-41.46,-43.85,-37.78,-20.48,-8.69,-13.95,-15.05,-41.38,-34.88,5.37,-20.43,-7.26
2026-06-21 19:00:00,domingo,-20.07,-41.22,-43.8,-37.86,-19.94,-8.67,-12.95,-11.82,-38.93,-32.42,10.23,-19.79,-5.55
2026-06-21 20:00:00,domingo,-20.05,-40.95,-43.72,-37.96,-22.63,-8.66,-12.47,-16.49,-39.69,-33.24,4.83,-22.66,-4.85
2026-06-21 21:00:00,domingo,-20.07,-41.0,-43.76,-38.12,-23.36,-8.65,-12.11,-17.03,-39.67,-33.19,2.98,-23.52,-6.25
2026-06-21 22:00:00,domingo,-20.06,-41.01,-43.88,-38.09,-23.7,-8.64,-13.2,-18.25,-43.17,-36.48,0.8,-23.75,-6.18
2026-06-21 23:00:00,domingo,-20.08,-40.94,-43.72,-37.72,-22.56,-8.67,-14.11,-19.41,-40.01,-33.46,-1.49,-22.24,-5.49
2026-06-22 00:00:00,lunes,-20.08,-40.96,-43.67,-38.09,-24.4,-8.69,-13.08,-12.45,-40.85,-34.53,5.42,-24.6,-5.13
2026-06-22 01:00:00,lunes,-20.09,-41.02,-43.64,-38.05,-23.65,-8.65,-11.98,-9.77,-40.33,-33.69,7.66,-24.23,-5.5
2026-06-22 02:00:00,lunes,-20.09,-41.03,-43.97,-38.26,-27.11,-8.62,-11.99,-8.94,-43.28,-36.53,8.67,-27.36,-6.09
2026-06-22 03:00:00,lunes,-20.09,-40.98,-44.0,-38.08,-23.82,-8.69,-11.97,-6.94,-39.64,-32.95,12.21,-23.34,-5.51
2026-06-22 04:00:00,lunes,-20.1,-40.95,-43.85,-38.03,-24.16,-8.67,-12.12,-9.29,-38.24,-31.8,12.14,-23.82,-5.45
2026-06-22 05:00:00,lunes,-20.1,-41.01,-43.7,-38.19,-23.72,-8.68,-16.14,-7.4,-39.67,-33.35,12.72,-23.65,-4.97
2026-06-22 06:00:00,lunes,-20.08,-40.99,-43.8,-38.19,-24.69,-8.68,-17.34,-10.43,-45.3,-38.5,8.37,-24.83,-5.13
2026-06-22 07:00:00,lunes,-20.1,-40.99,-43.62,-38.19,-24.99,-8.67,-20.57,-10.5,-39.38,-32.78,6.92,-24.72,-4.69
2026-06-22 08:00:00,lunes,-20.1,-40.95,-43.69,-38.12,-25.32,-8.58,-25.79,-10.74,-39.51,-32.99,1.72,-25.27,-4.97
2026-06-22 09:00:00,lunes,-20.12,-41.01,-43.57,-38.14,-25.33,-8.72,-25.94,-13.66,-37.23,-30.94,-2.34,-25.84,-5.12
2026-06-22 10:00:00,lunes,-20.11,-40.72,-43.59,-38.14,-25.31,-8.63,-28.47,-9.14,-39.81,-33.4,0.49,-25.57,-5.49
2026-06-22 11:00:00,lunes,-20.1,-40.93,-43.64,-38.02,-20.41,-8.7,-30.15,-12.23,-37.36,-30.85,-3.92,-20.84,-5.18
2026-06-22 12:00:00,lunes,-20.09,-41.11,-43.69,-38.23,-20.96,-8.67,-31.06,-10.59,-37.75,-31.35,-2.24,-20.91,-6.42
2026-06-22 13:00:00,lunes,-20.1,-41.14,-43.76,-38.25,-18.61,-8.08,-30.15,-8.83,-41.02,-34.4,3.45,-18.23,-6.88
2026-06-22 14:00:00,lunes,-20.07,-40.2,-43.71,-38.14,-21.36,-7.66,-30.41,-8.33,-37.82,-31.61,4.51,-20.31,-5.89
2026-06-22 15:00:00,lunes,-20.02,-41.07,-43.81,-38.13,-21.68,-7.57,-28.66,-9.95,-40.47,-34.06,3.74,-20.44,-6.88
2026-06-22 16:00:00,lunes,-20.07,-41.13,-43.76,-38.19,-20.38,-7.14,-28.65,-10.65,-38.29,-31.89,2.54,-19.19,-7.17
2026-06-22 17:00:00,lunes,-20.07,-40.77,-43.69,-38.13,-19.03,-8.08,-28.55,-9.75,-35.66,-29.35,3.1,-18.77,-6.5
2026-06-22 18:00:00,lunes,-20.04,-40.83,-43.7,-37.54,-22.8,-8.71,-27.6,-11.04,-35.77,-29.37,2.66,-21.88,-6.13
2026-06-22 19:00:00,lunes,-20.05,-41.1,-43.69,-38.12,-24.69,-8.65,-27.91,-9.46,-31.86,-25.66,2.4,-24.46,-5.38
2026-06-22 20:00:00,lunes,-20.05,-41.1,-43.77,-38.16,-25.29,-8.67,-28.82,-10.32,-33.24,-27.07,0.52,-25.69,-5.52
2026-06-22 21:00:00,lunes,-20.07,-40.89,-41.95,-38.14,-26.62,-8.68,-27.61,-11.13,-45.78,-39.44,0.87,-27.1,-5.24
2026-06-22 22:00:00,lunes,-20.02,-39.21,-33.65,-38.1,-25.49,-8.64,-28.27,-9.53,-67.55,-60.91,1.79,-25.62,-8.27
2026-06-22 23:00:00,lunes,-20.05,-39.99,-35.32,-38.25,-24.77,-8.65,-27.75,-13.27,-58.64,-52.58,-0.29,-24.56,-5.59
2026-06-23 00:00:00,martes,-20.04,-40.66,-38.4,-38.2,-25.13,-8.69,-28.54,-14.1,-54.44,-48.41,-1.56,-25.01,-4.84
2026-06-23 01:00:00,martes,-20.04,-40.57,-39.48,-38.05,-24.69,-8.69,-28.81,-16.61,-49.91,-43.41,-4.17,-24.61,-1.2
2026-06-23 02:00:00,martes,-20.04,-41.04,-43.68,-38.33,-22.55,-8.65,-29.56,-16.55,-40.35,-34.17,-4.72,-22.65,-5.73
2026-06-23 03:00:00,martes,-20.06,-40.39,-38.52,-38.11,-20.2,-8.59,-30.16,-13.61,-57.3,-50.91,-2.62,-20.12,-2.51
2026-06-23 04:00:00,martes,-20.06,-39.05,-34.01,-38.18,-20.48,-8.74,-29.15,-17.55,-57.33,-50.9,-5.12,-20.73,-2.22
2026-06-23 05:00:00,martes,-20.05,-38.84,-34.45,-36.86,-21.06,-8.61,-30.44,-13.61,-54.14,-47.76,-2.23,-19.81,-0.52
2026-06-23 06:00:00,martes,-20.05,-38.84,-39.3,-37.74,-22.78,-8.67,-30.13,-12.49,-33.14,-26.72,-0.42,-22.54,-5.94
2026-06-23 07:00:00,martes,-20.07,-38.87,-39.37,-38.15,-21.7,-8.7,-29.86,-18.6,-35.83,-29.67,-5.68,-22.08,-6.34
2026-06-23 08:00:00,martes,-19.96,-39.16,-39.95,-37.92,-23.06,-8.67,-30.86,-11.61,-40.89,-34.34,-0.12,-22.87,-6.7
2026-06-23 09:00:00,martes,-18.71,-40.12,-39.28,-37.35,-28.12,-6.64,-29.61,-13.59,-36.83,-30.58,-1.16,-25.77,-6.01
2026-06-23 10:00:00,martes,-18.0,-40.06,-39.84,-37.38,-24.73,-6.63,-27.85,-17.11,-36.5,-30.51,-3.68,-23.04,-6.52
2026-06-23 11:00:00,martes,-17.58,-40.03,-40.34,-37.57,-23.54,-6.61,-28.5,-13.34,-32.69,-26.66,-0.35,-21.53,-6.89
2026-06-23 12:00:00,martes,-17.45,-39.86,-40.33,-37.85,-21.87,-6.63,-28.11,-14.01,-25.98,-19.78,0.36,-20.58,-7.75
2026-06-23 13:00:00,martes,-17.78,-39.92,-40.35,-37.27,-25.68,-6.61,-27.88,-15.16,-16.81,-10.77,0.27,-23.69,-8.94
2026-06-23 14:00:00,martes,-18.38,-40.1,-40.08,-37.87,-21.86,-6.62,-28.19,-15.37,-16.49,-10.77,-1.3,-19.83,-8.92
2026-06-23 15:00:00,martes,-18.38,-40.0,-39.91,-37.97,-21.92,-6.59,-25.36,-19.75,-12.59,-7.02,-5.38,-19.29,-8.49
2026-06-23 16:00:00,martes,-18.1,-40.13,-40.01,-37.14,-24.38,-6.66,-16.95,-22.46,-27.73,-22.2,-2.0,-20.95,-7.91
2026-06-23 17:00:00,martes,-17.44,-40.02,-39.94,-37.35,-24.59,-6.6,-16.05,-7.63,-14.96,-9.17,13.02,-21.08,-6.84
2026-06-23 18:00:00,martes,-17.44,-40.24,-40.65,-37.47,-23.02,-6.66,-23.89,-9.12,-22.42,-16.51,6.64,-20.19,-5.47
2026-06-23 19:00:00,martes,-17.44,-39.79,-43.38,-37.81,-30.64,-7.46,-26.78,-9.5,-20.25,-14.53,3.46,-29.98,-4.91
2026-06-23 20:00:00,martes,-17.44,-40.64,-43.43,-37.97,-28.66,-8.27,-30.8,-8.66,-16.84,-10.93,1.75,-29.07,-5.9
2026-06-23 21:00:00,martes,-17.44,-40.56,-43.55,-37.81,-28.41,-8.68,-28.59,-16.45,-21.7,-15.73,-3.14,-29.0,-5.15
2026-06-23 22:00:00,martes,-17.44,-41.02,-43.57,-38.18,-24.46,-8.69,-26.3,-17.17,-19.78,-13.93,-2.86,-25.13,-4.37
2026-06-23 23:00:00,martes,-17.44,-41.05,-43.38,-37.85,-23.23,-8.67,-26.27,-18.51,-16.88,-10.96,-3.11,-23.32,-4.07
2026-06-24 00:00:00,miércoles,-17.93,-41.1,-43.62,-38.22,-24.48,-8.21,-27.13,-15.97,-22.18,-16.05,-1.09,-24.13,-4.13
2026-06-24 01:00:00,miércoles,-18.39,-41.06,-43.53,-38.07,-23.88,-8.15,-27.96,-10.63,-22.23,-16.13,4.65,-23.03,-2.67
2026-06-24 02:00:00,miércoles,-18.71,-41.07,-43.39,-38.13,-25.54,-8.11,-28.22,-10.05,-17.92,-12.13,5.09,-24.67,-4.37
2026-06-24 03:00:00,miércoles,-18.95,-41.11,-43.6,-37.98,-25.17,-8.18,-27.59,-10.78,-20.61,-14.52,5.36,-24.12,-5.07
2026-06-24 04:00:00,miércoles,-18.94,-41.06,-43.48,-38.04,-23.52,-8.16,-27.4,-10.32,-19.92,-14.15,5.66,-22.76,-4.41
2026-06-24 05:00:00,miércoles,-19.26,-41.1,-43.56,-38.19,-24.47,-8.15,-27.76,-10.16,-21.28,-15.55,5.08,-23.9,-4.96
2026-06-24 06:00:00,miércoles,-19.57,-41.08,-43.74,-38.06,-24.48,-8.14,-27.91,-9.42,-25.12,-19.36,4.99,-23.8,-5.55
2026-06-24 07:00:00,miércoles,-20.09,-41.09,-43.73,-38.11,-22.79,-8.16,-28.24,-9.98,-25.26,-19.49,4.47,-22.18,-6.81
2026-06-24 08:00:00,miércoles,-20.06,-41.1,-43.8,-38.17,-22.87,-8.15,-28.72,-10.32,-27.53,-21.46,2.29,-22.27,-7.42
2026-06-24 09:00:00,miércoles,-20.14,-41.09,-43.85,-38.19,-23.54,-8.16,-28.18,-10.96,-28.76,-22.91,2.02,-23.44,-7.98
2026-06-24 10:00:00,miércoles,-20.1,-41.09,-43.73,-38.14,-24.9,-8.13,-27.95,-14.61,-25.97,-19.89,-1.54,-24.03,-7.35
2026-06-24 11:00:00,miércoles,-20.1,-41.06,-43.81,-33.33,-29.23,-8.16,-27.7,-18.49,-29.88,-23.79,-5.0,-25.68,-6.22
2026-06-24 12:00:00,miércoles,-19.99,-41.14,-43.8,-25.91,-23.44,-7.52,-28.16,-16.53,-27.68,-21.73,-4.87,-14.02,-6.34
2026-06-24 13:00:00,miércoles,-20.13,-41.09,-43.6,-22.53,-28.32,-7.4,-24.79,-24.41,-19.75,-14.05,-9.33,-16.04,-6.67
2026-06-24 14:00:00,miércoles,-20.14,-41.1,-44.12,-24.92,-24.01,-7.62,-23.68,-15.33,-33.65,-27.81,0.75,-15.09,-7.04
2026-06-24 15:00:00,miércoles,-20.14,-41.09,-43.84,-15.91,-29.55,-8.11,-24.0,-12.22,-27.91,-21.81,4.08,-13.97,-6.65
2026-06-24 16:00:00,miércoles,-20.16,-41.04,-43.81,-14.25,-31.99,-8.66,-24.79,-10.92,-26.08,-19.88,4.86,-15.62,-5.31
2026-06-24 17:00:00,miércoles,-20.08,-41.14,-43.81,-16.73,-30.86,-8.65,-24.97,-8.1,-27.92,-21.8,7.34,-18.77,-5.59
2026-06-24 18:00:00,miércoles,-20.08,-41.02,-43.74,-17.27,-27.93,-8.72,-24.73,-9.25,-25.29,-19.17,6.23,-15.52,-5.66
2026-06-24 19:00:00,miércoles,-20.08,-41.14,-43.65,-30.88,-17.64,-8.22,-24.32,-11.12,-21.47,-15.33,3.7,-15.14,-5.71
2026-06-24 20:00:00,miércoles,-20.06,-41.15,-43.54,-36.95,-15.6,-7.64,-23.98,-14.11,-20.93,-14.88,0.72,-16.57,-5.96
2026-06-24 21:00:00,miércoles,-20.1,-41.03,-43.66,-35.92,-16.58,-7.61,-25.56,-20.45,-22.3,-16.58,-6.36,-16.03,-4.93
2026-06-24 22:00:00,miércoles,-20.11,-41.09,-43.81,-36.24,-18.0,-7.64,-25.89,-20.27,-24.73,-19.03,-6.67,-17.27,-5.36
2026-06-24 23:00:00,miércoles,-20.12,-41.09,-43.72,-35.48,-15.36,-7.66,-25.96,-22.02,-24.15,-18.28,-8.17,-13.82,-5.08
2026-06-25 00:00:00,jueves,-20.11,-41.08,-43.84,-33.57,-18.9,-7.63,-26.41,-23.13,-26.76,-20.68,-9.63,-15.35,-5.25
2026-06-25 01:00:00,jueves,-20.11,-41.08,-43.93,-37.73,-19.38,-8.43,-26.65,-18.97,-28.64,-22.42,-5.55,-20.87,-5.17
2026-06-25 02:00:00,jueves,-20.08,-41.12,-43.99,-38.23,-21.05,-8.59,-26.59,-21.79,-29.35,-23.14,-8.27,-23.08,-5.54
2026-06-25 03:00:00,jueves,-20.04,-41.07,-43.99,-37.94,-19.82,-8.66,-26.31,-20.97,-32.63,-26.39,-9.29,-21.16,-4.03
2026-06-25 04:00:00,jueves,-20.05,-41.13,-44.02,-38.23,-22.9,-8.66,-26.29,-22.21,-32.8,-26.66,-10.32,-23.6,-3.99
2026-06-25 05:00:00,jueves,-20.08,-41.06,-43.93,-38.17,-24.84,-8.65,-26.68,-21.84,-27.05,-21.0,-9.96,-25.38,-5.51
2026-06-25 06:00:00,jueves,-20.1,-41.09,-44.04,-37.93,-27.08,-8.66,-27.58,-16.13,-32.2,-26.24,-4.65,-26.8,-5.6
2026-06-25 07:00:00,jueves,-20.08,-41.1,-44.13,-38.13,-26.81,-8.67,-27.39,-19.61,-37.3,-30.95,-6.17,-26.15,-5.81
2026-06-25 08:00:00,jueves,-20.11,-41.06,-44.08,-38.02,-27.25,-8.69,-26.67,-21.78,-38.13,-31.8,-8.93,-26.36,-6.29
2026-06-25 09:00:00,jueves,-20.09,-39.86,-43.96,-37.99,-19.72,-8.69,-26.27,-21.98,-34.56,-28.18,-10.08,-18.86,-5.72
2026-06-25 10:00:00,jueves,-20.1,-40.72,-43.98,-38.2,-17.28,-8.65,-23.87,-25.12,-33.41,-27.01,-9.12,-16.7,-6.53
2026-06-25 11:00:00,jueves,-20.04,-41.1,-44.01,-37.88,-17.11,-8.71,-24.49,-17.87,-35.31,-28.87,-2.15,-16.68,-6.69
2026-06-25 12:00:00,jueves,-20.06,-41.04,-43.91,-37.4,-17.24,-8.61,-23.69,-18.01,-29.93,-23.58,-1.95,-15.73,-6.28
2026-06-25 13:00:00,jueves,-20.05,-40.13,-43.89,-37.46,-18.57,-8.7,-25.61,-16.6,-30.3,-24.4,-1.6,-17.06,-6.05
2026-06-25 14:00:00,jueves,-20.03,-41.05,-43.85,-37.56,-17.99,-8.66,-25.32,-21.68,-26.76,-20.86,-6.61,-16.88,-5.81
2026-06-25 15:00:00,jueves,-20.03,-40.33,-43.84,-36.23,-18.51,-8.67,-25.85,-16.61,-28.29,-22.34,-1.46,-16.17,-7.43
2026-06-25 16:00:00,jueves,-20.01,-40.85,-44.01,-31.95,-18.34,-8.64,-25.97,-13.4,-29.56,-23.44,1.22,-12.08,-6.67
2026-06-25 17:00:00,jueves,-20.01,-41.08,-44.03,-29.77,-19.79,-8.65,-26.54,-16.3,-30.72,-24.54,-2.08,-11.24,-6.35
2026-06-25 18:00:00,jueves,-20.01,-40.79,-43.85,-32.05,-24.03,-8.69,-25.04,-23.71,-28.85,-22.55,-8.36,-17.5,-5.5
2026-06-25 19:00:00,jueves,-20.01,-41.02,-43.72,-31.98,-20.96,-8.68,-28.18,-20.62,-25.72,-19.39,-8.91,-15.34,-5.15
2026-06-25 20:00:00,jueves,-20.02,-41.18,-43.81,-30.91,-21.62,-8.74,-26.69,-22.25,-26.58,-20.26,-8.7,-15.28,-5.05
2026-06-25 21:00:00,jueves,-20.02,-41.07,-44.02,-30.8,-22.59,-8.63,-26.4,-19.41,-32.18,-26.08,-5.5,-15.41,-5.19
2026-06-25 22:00:00,jueves,-20.02,-41.14,-44.08,-32.41,-21.53,-8.67,-26.45,-20.82,-30.99,-25.0,-7.58,-16.15,-5.78
2026-06-25 23:00:00,jueves,-19.97,-41.09,-43.97,-31.98,-19.19,-8.61,-25.66,-22.68,-28.19,-22.19,-8.97,-12.46,-6.6
2026-06-26 00:00:00,viernes,-19.99,-40.12,-43.93,-31.59,-20.83,-8.69,-26.33,-22.64,-29.53,-23.27,-8.42,-12.84,-4.7
2026-06-26 01:00:00,viernes,-20.01,-41.13,-43.97,-31.37,-21.04,-8.63,-27.43,-16.02,-33.34,-26.9,-2.96,-13.69,-5.77
2026-06-26 02:00:00,viernes,-20.0,-41.04,-43.98,-31.76,-19.24,-8.72,-26.93,-17.71,-33.39,-27.0,-3.71,-12.46,-5.7
2026-06-26 03:00:00,viernes,-20.01,-40.99,-44.11,-32.47,-15.36,-8.64,-27.41,-18.46,-35.31,-28.76,-4.93,-9.35,-4.48
2026-06-26 04:00:00,viernes,-19.99,-41.08,-43.92,-31.71,-15.92,-8.69,-27.52,-15.6,-31.91,-25.57,-2.53,-9.04,-4.62
2026-06-26 05:00:00,viernes,-20.0,-41.13,-43.78,-32.15,-16.3,-8.68,-26.93,-17.55,-25.41,-19.43,-4.13,-10.05,-5.52
2026-06-26 06:00:00,viernes,-20.01,-41.06,-44.12,-31.51,-16.75,-8.64,-27.34,-19.11,-34.62,-28.47,-5.82,-9.34,-5.55
2026-06-26 07:00:00,viernes,-20.02,-41.11,-44.08,-32.07,-14.61,-8.67,-27.57,-22.45,-34.88,-28.88,-9.4,-8.2,-5.23
2026-06-26 08:00:00,viernes,-19.97,-41.08,-44.02,-31.62,-19.07,-8.68,-27.72,-21.91,-33.14,-27.25,-8.6,-12.72,-5.71
2026-06-26 09:00:00,viernes,-19.99,-40.85,-44.15,-31.35,-21.47,-8.62,-27.07,-23.9,-36.74,-30.92,-9.18,-14.45,-5.52
2026-06-26 10:00:00,viernes,-20.03,-40.7,-44.13,-31.34,-20.99,-8.68,-28.17,-19.44,-36.64,-30.7,-5.9,-14.03,-5.85
2026-06-26 11:00:00,viernes,-20.03,-40.6,-44.02,-30.33,-22.08,-8.36,-29.54,-17.13,-35.7,-29.72,-4.22,-13.42,-4.64
2026-06-26 12:00:00,viernes,-20.01,-40.69,-43.82,-22.51,-28.37,-8.67,-29.89,-15.0,-36.36,-30.04,-2.9,-11.62,-4.1
2026-06-26 13:00:00,viernes,-20.05,-41.07,-44.01,-20.05,-28.03,-8.66,-29.7,-18.54,-34.18,-27.78,-6.75,-9.08,-5.03
2026-06-26 14:00:00,viernes,-20.04,-41.11,-43.84,-19.32,-28.69,-8.64,-30.74,-10.38,-30.3,-24.02,0.21,-8.95,-4.82
2026-06-26 15:00:00,viernes,-20.03,-40.87,-44.03,-20.11,-30.73,-8.68,-29.84,-20.07,-38.21,-31.75,-9.65,-11.87,-5.66
2026-06-26 16:00:00,viernes,-20.02,-40.4,-43.82,-26.43,-25.04,-8.67,-29.48,-21.67,-29.37,-22.89,-11.62,-13.46,-4.58
2026-06-26 17:00:00,viernes,-20.02,-41.16,-44.05,-37.28,-22.26,-8.64,-30.64,-18.11,-33.02,-26.72,-7.45,-21.9,-5.89
2026-06-26 18:00:00,viernes,-20.0,-40.93,-44.16,-34.37,-23.61,-8.67,-30.06,-18.39,-38.91,-32.33,-6.73,-20.32,-6.32
2026-06-26 19:00:00,viernes,-20.0,-41.04,-44.03,-31.41,-24.1,-8.66,-29.25,-20.32,-35.85,-29.68,-9.86,-17.84,-6.18
2026-06-26 20:00:00,viernes,-20.0,-41.11,-43.93,-31.86,-23.62,-8.68,-29.36,-19.35,-33.8,-27.67,-7.69,-17.37,-6.2
2026-06-26 21:00:00,viernes,-20.01,-41.14,-43.98,-31.62,-24.33,-8.63,-27.53,-25.22,-33.38,-27.09,-10.98,-17.63,-6.01
2026-06-26 22:00:00,viernes,-20.02,-41.03,-44.02,-31.03,-24.4,-8.71,-28.6,-21.32,-34.93,-28.71,-8.42,-17.16,-6.62
2026-06-26 23:00:00,viernes,-20.05,-41.09,-43.83,-31.8,-23.15,-8.69,-29.28,-16.56,-31.22,-24.93,-3.39,-16.61,-6.55
2026-06-27 00:00:00,sábado,-20.02,-41.09,-43.66,-31.5,-25.27,-8.66,-29.1,-15.86,-27.08,-20.87,-1.76,-18.32,-6.03
2026-06-27 01:00:00,sábado,-20.04,-41.07,-43.83,-31.38,-28.12,-8.59,-29.75,-12.39,-30.13,-23.86,1.19,-21.6,-5.87
2026-06-27 02:00:00,sábado,-20.06,-41.09,-43.77,-30.7,-29.75,-8.67,-28.79,-16.57,-28.96,-22.69,-1.81,-21.96,-5.69
2026-06-27 03:00:00,sábado,-20.03,-41.12,-43.69,-31.6,-24.1,-8.73,-29.17,-17.27,-26.23,-19.96,-3.59,-17.21,-5.19
2026-06-27 04:00:00,sábado,-20.07,-41.07,-43.9,-32.16,-25.11,-8.65,-29.15,-16.69,-33.25,-27.08,-3.45,-18.42,-4.79
2026-06-27 05:00:00,sábado,-20.06,-41.06,-43.72,-33.31,-24.07,-8.67,-29.06,-13.23,-27.97,-22.06,-0.14,-18.88,-4.47
2026-06-27 06:00:00,sábado,-20.07,-41.11,-43.77,-34.37,-24.34,-8.68,-28.55,-16.71,-29.41,-23.55,-2.86,-19.79,-5.35
2026-06-27 07:00:00,sábado,-20.05,-40.55,-43.86,-34.25,-24.45,-8.63,-28.2,-16.42,-31.06,-24.77,-2.03,-20.14,-5.12
2026-06-27 08:00:00,sábado,-20.05,-41.05,-43.8,-28.87,-24.96,-8.7,-28.26,-16.58,-29.5,-23.38,-2.48,-15.46,-6.0
2026-06-27 09:00:00,sábado,-20.02,-40.57,-43.87,-28.92,-24.45,-8.63,-29.24,-13.82,-32.98,-26.89,-1.02,-15.64,-5.77
2026-06-27 10:00:00,sábado,-20.02,-40.28,-43.71,-34.34,-18.36,-8.67,-29.51,-10.59,-30.78,-24.68,1.02,-15.68,-5.77
2026-06-27 11:00:00,sábado,-20.04,-40.61,-43.98,-34.56,-19.62,-8.64,-29.51,-14.89,-36.98,-30.47,-3.39,-16.56,-7.15
2026-06-27 12:00:00,sábado,-20.04,-41.14,-43.91,-34.46,-26.17,-8.62,-28.63,-15.31,-34.9,-28.35,-3.06,-21.92,-7.02
2026-06-27 13:00:00,sábado,-20.03,-41.57,-43.86,-34.0,-22.89,-8.68,-29.86,-13.66,-33.82,-27.65,-2.56,-18.73,-7.04
2026-06-27 14:00:00,sábado,-20.03,-40.45,-43.95,-34.29,-26.07,-8.68,-29.92,-17.23,-33.18,-26.79,-6.0,-22.06,-5.42
2026-06-27 15:00:00,sábado,-20.01,-41.53,-43.95,-32.14,-25.49,-8.64,-29.93,-16.69,-30.08,-23.89,-5.39,-19.47,-6.27
2026-06-27 16:00:00,sábado,-20.04,-41.05,-44.0,-31.09,-27.42,-8.64,-29.93,-15.52,-34.72,-28.22,-4.26,-20.42,-6.77
2026-06-27 17:00:00,sábado,-20.03,-40.34,-43.9,-32.67,-28.27,-8.66,-31.05,-13.85,-34.84,-28.65,-3.53,-22.68,-5.11
2026-06-27 18:00:00,sábado,-20.02,-41.14,-44.01,-33.97,-28.18,-8.64,-29.12,-17.43,-31.65,-25.62,-4.75,-23.96,-5.93
2026-06-27 19:00:00,sábado,-19.97,-41.1,-44.02,-33.53,-26.68,-8.7,-28.11,-19.6,-32.72,-26.53,-5.28,-21.86,-5.19
2026-06-27 20:00:00,sábado,-20.04,-41.01,-43.86,-34.78,-24.47,-8.71,-28.91,-19.1,-31.17,-24.83,-6.47,-20.92,-5.62
2026-06-27 21:00:00,sábado,-20.02,-41.14,-43.97,-35.11,-27.13,-8.62,-27.68,-15.81,-30.5,-24.29,-2.55,-24.43,-5.91
2026-06-27 22:00:00,sábado,-19.97,-41.05,-42.37,-35.74,-28.9,-8.66,-26.33,-16.46,-41.36,-35.01,-1.99,-27.19,-4.56
2026-06-27 23:00:00,sábado,-19.9,-41.06,-42.91,-35.78,-28.77,-8.66,-25.16,-19.21,-36.75,-30.24,-3.65,-26.32,-4.5
2026-06-28 00:00:00,domingo,-19.98,-40.53,-42.9,-35.6,-26.85,-8.66,-24.13,-18.03,-30.55,-24.2,-1.96,-24.02,-5.23
2026-06-28 01:00:00,domingo,-19.99,-39.98,-42.89,-35.64,-25.28,-8.68,-23.12,-11.59,-35.28,-28.78,5.08,-22.64,-4.08
2026-06-28 02:00:00,domingo,-19.97,-41.12,-42.97,-36.17,-24.57,-8.69,-22.88,-11.55,-38.36,-31.75,4.8,-22.2,-5.51
2026-06-28 03:00:00,domingo,-19.94,-41.07,-42.92,-35.93,-26.01,-8.63,-23.67,-12.23,-36.38,-29.9,3.05,-23.36,-4.17
2026-06-28 04:00:00,domingo,-19.93,-41.05,-42.83,-35.81,-23.51,-8.7,-24.6,-8.89,-38.02,-31.46,6.36,-20.94,-3.42
2026-06-28 05:00:00,domingo,-20.02,-41.13,-42.96,-36.23,-25.18,-8.66,-25.78,-9.79,-34.76,-28.62,4.85,-23.3,-4.06
2026-06-28 06:00:00,domingo,-20.05,-41.08,-42.95,-36.03,-23.27,-8.64,-26.88,-12.22,-29.55,-23.12,1.57,-21.48,-4.65
2026-06-28 07:00:00,domingo,-20.05,-41.07,-42.86,-36.0,-25.06,-8.7,-26.62,-13.13,-32.07,-25.81,1.54,-23.36,-4.6
2026-06-28 08:00:00,domingo,-20.07,-40.43,-42.8,-36.06,-21.22,-8.65,-28.1,-10.16,-29.49,-23.23,3.02,-19.84,-4.53
2026-06-28 09:00:00,domingo,-20.08,-39.61,-42.87,-35.76,-17.11,-8.64,-27.65,-9.1,-29.01,-22.84,4.34,-15.52,-4.62
2026-06-28 10:00:00,domingo,-20.08,-40.93,-42.92,-36.06,-15.67,-8.7,-27.16,-10.13,-41.63,-35.21,4.4,-14.11,-5.45
2026-06-28 11:00:00,domingo,-20.07,-39.74,-42.72,-34.21,-15.95,-8.65,-27.9,-7.6,-37.57,-30.98,6.44,-12.56,-3.95
2026-06-28 12:00:00,domingo,-20.07,-40.6,-42.98,-35.12,-18.4,-8.64,-27.81,-9.43,-38.06,-31.36,3.55,-15.94,-5.5
2026-06-28 13:00:00,domingo,-20.07,-40.14,-42.89,-35.75,-17.33,-8.68,-26.83,-11.82,-39.02,-32.3,2.04,-15.86,-6.06
2026-06-28 14:00:00,domingo,-20.08,-40.49,-42.91,-35.31,-15.52,-8.67,-27.36,-11.81,-32.56,-26.11,2.69,-13.57,-5.04
2026-06-28 15:00:00,domingo,-20.04,-40.59,-42.93,-34.46,-18.72,-8.64,-27.17,-11.67,-35.81,-29.19,2.7,-15.39,-4.49
2026-06-28 16:00:00,domingo,-20.05,-40.64,-43.02,-34.31,-20.31,-8.68,-28.48,-11.95,-36.92,-30.38,1.3,-17.52,-4.24
2026-06-28 17:00:00,domingo,-20.04,-40.52,-42.92,-33.74,-17.82,-8.63,-28.52,-13.61,-35.01,-28.47,1.11,-14.93,-4.16
2026-06-28 18:00:00,domingo,-20.07,-40.54,-42.91,-33.74,-22.07,-8.71,-28.03,-14.66,-36.63,-30.49,1.5,-18.39,-3.67
2026-06-28 19:00:00,domingo,-20.06,-39.76,-42.6,-34.6,-25.61,-8.67,-28.87,-14.75,-34.51,-28.4,0.97,-21.63,-1.21
2026-06-28 20:00:00,domingo,-20.06,-40.57,-42.91,-34.92,-25.72,-8.67,-29.64,-10.8,-38.07,-31.84,3.86,-22.5,-3.09
2026-06-28 21:00:00,domingo,-20.03,-40.58,-42.95,-35.04,-27.04,-8.63,-30.16,-9.4,-35.27,-28.82,4.97,-24.24,-2.91
2026-06-28 22:00:00,domingo,-20.05,-40.37,-42.73,-35.0,-25.83,-8.7,-31.04,-10.15,-38.37,-32.04,4.0,-23.21,-3.83
2026-06-28 23:00:00,domingo,-20.05,-39.85,-42.84,-34.61,-25.61,-8.68,-31.48,-10.5,-34.17,-28.07,3.69,-21.94,-4.09
2026-06-29 00:00:00,lunes,-20.05,-40.31,-42.87,-35.01,-24.78,-8.64,-32.26,-9.65,-36.04,-29.9,2.86,-21.23,-3.96
2026-06-29 01:00:00,lunes,-20.06,-40.24,-42.88,-35.17,-26.62,-8.66,-31.02,-9.59,-36.37,-30.34,3.98,-23.61,-4.12
2026-06-29 02:00:00,lunes,-20.09,-40.33,-42.89,-34.84,-28.4,-8.69,-31.62,-10.02,-33.49,-27.43,2.33,-25.03,-3.68
2026-06-29 03:00:00,lunes,-20.06,-40.0,-42.82,-34.86,-26.04,-8.65,-32.26,-9.29,-31.59,-25.52,1.41,-22.44,-3.06
2026-06-29 04:00:00,lunes,-20.08,-40.52,-42.92,-35.36,-26.1,-8.66,-32.37,-10.88,-34.85,-28.85,-0.26,-23.06,-3.67
2026-06-29 05:00:00,lunes,-20.1,-40.61,-42.85,-35.63,-27.0,-8.65,-31.92,-15.58,-31.94,-25.92,-4.53,-24.31,-4.39
2026-06-29 06:00:00,lunes,-20.11,-40.6,-42.94,-35.64,-25.32,-8.67,-32.03,-15.76,-31.82,-25.83,-4.31,-22.27,-5.04
2026-06-29 07:00:00,lunes,-20.1,-39.42,-42.8,-34.86,-23.46,-8.66,-32.27,-16.06,-30.93,-25.02,-5.45,-19.97,-3.46
2026-06-29 08:00:00,lunes,-20.07,-40.16,-42.77,-34.63,-22.87,-8.63,-32.71,-12.33,-40.57,-34.53,-2.69,-19.35,-4.47
2026-06-29 09:00:00,lunes,-20.08,-39.52,-42.76,-34.41,-24.24,-8.65,-32.07,-16.38,-37.29,-30.79,-5.79,-20.49,-3.77
2026-06-29 10:00:00,lunes,-20.1,-40.26,-42.92,-34.54,-18.59,-8.67,-31.49,-19.47,-39.11,-32.59,-8.45,-16.09,-4.87
2026-06-29 11:00:00,lunes,-20.07,-40.46,-42.87,-34.18,-13.88,-8.67,-29.78,-16.76,-39.38,-32.88,-5.13,-11.11,-4.77
2026-06-29 12:00:00,lunes,-20.03,-40.47,-42.85,-34.59,-14.06,-8.67,-29.93,-20.75,-37.78,-31.31,-9.14,-12.68,-5.17
2026-06-29 13:00:00,lunes,-20.05,-40.88,-42.93,-34.53,-12.59,-8.68,-29.32,-22.18,-42.6,-35.9,-9.62,-11.38,-8.01
2026-06-29 14:00:00,lunes,-20.06,-40.58,-42.79,-33.72,-13.16,-8.7,-28.27,-24.74,-37.98,-31.63,-10.43,-10.66,-7.39
2026-06-29 15:00:00,lunes,-20.05,-40.43,-42.63,-34.78,-13.2,-8.69,-29.83,-20.04,-39.19,-32.41,-6.99,-10.4,-4.09
2026-06-29 16:00:00,lunes,-20.04,-41.08,-42.82,-35.35,-12.99,-8.66,-29.39,-19.6,-38.89,-31.94,-6.53,-10.95,-4.88
2026-06-29 17:00:00,lunes,-20.04,-41.13,-42.98,-35.12,-14.7,-8.64,-29.62,-18.29,-36.56,-30.24,-4.91,-12.36,-5.42
2026-06-29 18:00:00,lunes,-20.05,-41.04,-42.91,-35.27,-18.0,-8.68,-29.3,-19.7,-32.29,-26.47,-6.07,-15.5,-4.77
2026-06-29 19:00:00,lunes,-20.06,-41.08,-42.9,-34.89,-22.63,-8.67,-29.99,-16.64,-32.5,-26.2,-3.71,-19.49,-4.53
2026-06-29 20:00:00,lunes,-20.04,-41.08,-42.93,-35.27,-26.3,-8.57,-31.21,-14.13,-33.88,-27.58,-1.91,-23.89,-4.85
2026-06-29 21:00:00,lunes,-19.92,-41.12,-42.96,-35.41,-28.59,-8.68,-30.39,-14.65,-32.04,-26.24,-1.82,-25.85,-5.67
2026-06-29 22:00:00,lunes,-20.03,-40.98,-42.61,-35.68,-24.5,-8.66,-30.03,-13.45,-29.8,-24.02,-0.87,-21.86,-4.86
2026-06-29 23:00:00,lunes,-20.04,-41.16,-42.88,-35.88,-22.4,-8.67,-29.35,-16.52,-35.04,-29.2,-3.36,-19.79,-5.57
2026-06-30 00:00:00,martes,-20.03,-41.04,-42.71,-35.74,-24.61,-8.66,-29.66,-16.42,-31.48,-25.68,-3.66,-21.53,-3.92
2026-06-30 01:00:00,martes,-20.04,-41.09,-42.92,-35.92,-23.07,-8.7,-30.09,-14.6,-31.97,-25.71,-2.62,-20.86,-4.43
2026-06-30 02:00:00,martes,-20.04,-41.14,-42.88,-35.91,-25.09,-8.67,-29.77,-17.53,-40.01,-33.59,-4.66,-22.05,-4.29
2026-06-30 03:00:00,martes,-20.07,-41.07,-42.9,-35.78,-24.0,-8.62,-30.1,-16.1,-34.05,-27.71,-3.94,-20.78,-4.03
2026-06-30 04:00:00,martes,-20.05,-41.05,-42.84,-35.61,-25.95,-8.65,-30.93,-15.9,-34.35,-28.02,-4.46,-23.31,-3.92
2026-06-30 05:00:00,martes,-20.07,-41.1,-42.94,-36.03,-25.76,-8.67,-29.65,-15.2,-37.72,-31.51,-2.58,-23.81,-5.03
2026-06-30 06:00:00,martes,-20.09,-41.13,-42.99,-35.72,-24.41,-8.64,-28.95,-17.28,-35.75,-29.23,-4.21,-21.64,-4.95
2026-06-30 07:00:00,martes,-20.09,-41.1,-42.99,-35.0,-23.95,-8.64,-29.93,-17.38,-35.7,-29.24,-5.24,-20.2,-4.16
2026-06-30 08:00:00,martes,-20.1,-41.02,-42.83,-35.19,-27.49,-8.69,-30.14,-18.98,-34.27,-27.77,-7.23,-24.13,-3.81
2026-06-30 09:00:00,martes,-20.08,-41.07,-42.77,-35.27,-28.43,-8.67,-32.34,-12.59,-35.22,-29.22,-2.4,-25.39,-4.4
2026-06-30 10:00:00,martes,-20.07,-40.68,-43.56,-34.75,-30.77,-8.66,-30.29,-12.97,-31.24,-25.46,-0.76,-27.21,-4.58
2026-06-30 11:00:00,martes,-20.07,-41.07,-43.66,-35.1,-25.39,-8.7,-29.1,-16.83,-27.56,-21.83,-4.11,-22.46,-4.95
2026-06-30 12:00:00,martes,-20.05,-41.08,-43.73,-35.41,-25.85,-8.67,-29.78,-16.64,-30.44,-24.53,-5.17,-22.49,-5.55
2026-06-30 13:00:00,martes,-20.04,-41.15,-43.98,-35.9,-27.48,-8.61,-27.03,-22.73,-32.66,-26.59,-9.52,-24.72,-6.08
2026-06-30 14:00:00,martes,-20.03,-41.04,-43.97,-35.22,-28.55,-8.73,-29.09,-18.72,-31.59,-25.43,-6.37,-25.36,-6.09
2026-06-30 15:00:00,martes,-20.04,-41.08,-43.84,-35.09,-27.49,-8.62,-30.36,-14.82,-29.71,-23.58,-3.63,-23.97,-6.07
2026-06-30 16:00:00,martes,-20.02,-41.14,-43.71,-35.62,-28.45,-8.71,-29.35,-20.35,-28.65,-22.66,-8.01,-25.71,-6.12
2026-06-30 17:00:00,martes,-20.03,-41.09,-43.61,-35.46,-28.87,-8.65,-29.38,-21.94,-26.64,-20.43,-11.41,-26.07,-6.33
2026-06-30 18:00:00,martes,-20.03,-40.98,-43.82,-34.76,-25.77,-8.74,-29.44,-23.0,-29.32,-23.42,-10.66,-22.27,-5.71
2026-06-30 19:00:00,martes,-20.04,-41.01,-43.66,-34.81,-26.55,-8.59,-31.48,-15.38,-25.82,-20.16,-4.6,-23.33,-4.53
2026-06-30 20:00:00,martes,-20.01,-41.15,-43.75,-35.69,-28.45,-8.66,-30.29,-21.57,-22.28,-16.74,-10.97,-26.44,-5.54
2026-06-30 21:00:00,martes,-20.05,-41.12,-43.71,-35.93,-26.01,-8.68,-31.13,-20.32,-22.99,-17.26,-10.4,-24.3,-5.62
2026-06-30 22:00:00,martes,-20.02,-41.03,-43.88,-35.36,-27.74,-8.64,-30.95,-19.29,-26.51,-20.58,-8.02,-25.38,-5.4
2026-06-30 23:00:00,martes,-20.04,-41.12,-43.84,-35.22,-27.99,-8.44,-29.78,-17.3,-27.76,-21.82,-6.14,-24.92,-5.78
2026-07-01 00:00:00,miércoles,-20.06,-40.88,-43.78,-35.19,-30.26,-7.65,-30.17,-18.02,-28.81,-22.84,-5.84,-25.88,-5.15
2026-07-01 01:00:00,miércoles,-20.03,-40.67,-43.56,-35.2,-30.13,-7.58,-29.74,-22.75,-25.69,-19.89,-10.31,-25.91,-5.38
2026-07-01 02:00:00,miércoles,-20.06,-41.09,-43.89,-34.91,-29.56,-7.69,-29.99,-23.1,-23.55,-17.92,-10.54,-24.66,-5.21
2026-07-01 03:00:00,miércoles,-20.03,-41.1,-43.38,-35.72,-25.08,-7.93,-30.48,-18.33,-21.58,-16.03,-7.01,-21.48,-2.78
2026-07-01 04:00:00,miércoles,-19.72,-41.04,-43.57,-35.86,-24.18,-8.13,-30.28,-21.39,-17.71,-12.21,-11.65,-21.65,-4.25
2026-07-01 05:00:00,miércoles,-20.12,-41.11,-43.55,-36.05,-22.77,-8.13,-30.57,-18.06,-19.99,-14.27,-8.79,-19.59,-5.88
2026-07-01 06:00:00,miércoles,-20.1,-41.09,-43.75,-36.06,-25.52,-8.21,-31.08,-15.47,-22.24,-16.35,-6.89,-22.21,-6.55
2026-07-01 07:00:00,miércoles,-20.11,-41.07,-43.53,-36.01,-23.59,-8.09,-30.7,-15.16,-25.92,-20.09,-4.05,-20.18,-5.46
2026-07-01 08:00:00,miércoles,-20.09,-41.08,-43.78,-36.03,-23.82,-8.34,-30.85,-12.29,-25.06,-19.01,-0.39,-21.04,-7.03
2026-07-01 09:00:00,miércoles,-20.1,-41.13,-43.83,-36.03,-26.14,-8.61,-31.27,-12.22,-27.38,-21.52,-1.14,-23.67,-6.41
2026-07-01 10:00:00,miércoles,-20.08,-41.05,-43.74,-35.87,-27.66,-8.63,-31.7,-10.31,-24.41,-18.61,0.12,-24.91,-8.06
2026-07-01 11:00:00,miércoles,-20.06,-41.17,-44.02,-36.07,-28.91,-8.66,-31.27,-14.08,-30.47,-24.59,-2.64,-26.32,-8.35
2026-07-01 12:00:00,miércoles,-20.02,-41.08,-44.11,-35.6,-29.9,-8.66,-31.75,-13.62,-29.81,-23.98,-4.29,-26.92,-7.91
2026-07-01 13:00:00,miércoles,-20.04,-41.03,-43.89,-35.56,-32.03,-8.59,-31.49,-14.81,-27.78,-22.03,-6.64,-29.41,-8.64
2026-07-01 14:00:00,miércoles,-20.01,-40.55,-43.34,-35.84,-32.27,-8.73,-30.7,-15.03,-12.0,-6.62,-4.46,-29.67,-9.01
2026-07-01 15:00:00,miércoles,-19.98,-40.93,-44.14,-35.08,-31.1,-8.65,-30.47,-5.11,-26.53,-20.99,7.06,-27.78,-10.43
2026-07-01 16:00:00,miércoles,-20.03,-40.92,-44.27,-35.33,-30.91,-8.64,-32.62,-3.88,-32.44,-26.64,7.93,-27.78,-8.33
2026-07-01 17:00:00,miércoles,-19.95,-40.98,-44.0,-35.4,-31.78,-8.7,-32.89,-4.3,-27.09,-21.24,7.22,-28.91,-7.1
2026-07-01 18:00:00,miércoles,-19.84,-41.12,-44.08,-35.85,-31.66,-8.76,-32.27,-3.82,-31.92,-26.04,8.21,-29.63,-7.02
2026-07-01 19:00:00,miércoles,-19.99,-41.08,-43.94,-35.18,-28.47,-8.62,-33.29,-8.67,-29.75,-24.03,2.35,-26.37,-6.51
2026-07-01 20:00:00,miércoles,-20.0,-41.02,-44.05,-35.92,-28.16,-8.65,-33.46,-9.36,-26.84,-21.05,1.41,-26.87,-6.2
2026-07-01 21:00:00,miércoles,-19.94,-40.85,-43.65,-35.83,-26.45,-8.7,-34.02,-13.01,-25.35,-19.63,-3.18,-25.27,-4.18
2026-07-01 22:00:00,miércoles,-19.99,-41.08,-44.01,-36.07,-25.16,-8.63,-34.25,-12.07,-29.21,-23.14,-2.55,-24.51,-5.57
2026-07-01 23:00:00,miércoles,-20.04,-41.1,-43.56,-35.35,-28.84,-8.68,-34.58,-8.8,-27.43,-21.61,1.51,-27.3,-5.64
2026-07-02 00:00:00,jueves,-20.05,-41.07,-43.8,-35.99,-27.83,-8.67,-33.3,-11.25,-30.11,-24.01,0.57,-26.98,-5.24
2026-07-02 01:00:00,jueves,-20.04,-41.09,-43.91,-35.9,-29.04,-8.64,-33.83,-8.85,-29.14,-22.98,2.47,-28.34,-6.03
2026-07-02 02:00:00,jueves,-20.06,-40.77,-43.29,-36.07,-26.87,-8.69,-34.38,-18.45,-30.09,-24.02,-6.8,-25.9,-4.59
2026-07-02 03:00:00,jueves,-20.06,-41.04,-43.72,-35.82,-25.87,-8.67,-34.43,-12.53,-33.06,-27.3,-1.5,-23.3,-6.01
2026-07-02 04:00:00,jueves,-20.08,-41.13,-43.78,-36.15,-26.1,-8.68,-34.16,-13.62,-29.17,-23.46,-2.72,-24.15,-6.03
2026-07-02 05:00:00,jueves,-20.06,-41.1,-43.97,-36.02,-25.9,-8.66,-32.6,-15.48,-30.6,-24.6,-3.27,-23.92,-6.75
2026-07-02 06:00:00,jueves,-20.05,-41.09,-44.0,-36.06,-25.25,-8.68,-31.74,-18.71,-35.01,-28.77,-5.26,-22.91,-6.8
2026-07-02 07:00:00,jueves,-20.08,-41.08,-43.89,-35.91,-24.76,-8.68,-32.96,-18.03,-32.71,-26.59,-5.76,-22.34,-5.7
2026-07-02 08:00:00,jueves,-20.06,-40.85,-43.72,-34.76,-23.58,-8.65,-33.97,-16.37,-35.08,-29.24,-5.62,-20.26,-4.74
2026-07-02 09:00:00,jueves,-20.08,-41.12,-43.58,-35.51,-25.88,-8.67,-33.12,-17.11,-23.49,-18.16,-5.06,-23.2,-6.45
2026-07-02 10:00:00,jueves,-20.08,-41.07,-43.76,-35.68,-27.13,-8.65,-33.48,-18.27,-30.21,-24.82,-6.53,-24.6,-6.14
2026-07-02 11:00:00,jueves,-20.02,-40.71,-43.8,-35.2,-24.54,-8.67,-31.59,-22.1,-31.43,-25.83,-11.8,-20.95,-5.3
2026-07-02 12:00:00,jueves,-20.09,-40.9,-43.51,-35.29,-24.61,-8.66,-32.07,-26.83,-33.0,-27.31,-16.44,-20.98,-6.23
2026-07-02 13:00:00,jueves,-20.06,-41.18,-43.95,-35.75,-24.59,-8.69,-32.74,-19.72,-33.91,-28.12,-10.8,-21.46,-7.22
2026-07-02 14:00:00,jueves,-20.05,-40.71,-43.78,-35.15,-26.96,-8.64,-32.26,-18.45,-31.32,-25.53,-9.55,-23.32,-5.27
2026-07-02 15:00:00,jueves,-20.05,-41.11,-43.78,-35.47,-26.44,-8.67,-31.34,-17.98,-32.6,-26.86,-9.82,-23.16,-6.68
2026-07-02 16:00:00,jueves,-20.05,-41.11,-43.98,-35.1,-26.95,-8.67,-30.79,-18.38,-27.98,-22.37,-9.69,-23.33,-7.88
2026-07-02 17:00:00,jueves,-20.06,-40.76,-43.8,-34.9,-28.9,-8.62,-30.25,-16.2,-30.07,-24.39,-2.75,-25.19,-7.21
2026-07-02 18:00:00,jueves,-20.01,-41.07,-44.17,-34.54,-29.38,-8.7,-32.69,-12.68,-33.29,-27.56,0.05,-25.42,-6.67
2026-07-02 19:00:00,jueves,-20.07,-41.07,-44.13,-34.73,-23.7,-8.67,-32.41,-17.26,-32.63,-26.89,-4.04,-19.7,-6.31
2026-07-02 20:00:00,jueves,-20.14,-41.09,-44.0,-35.8,-26.32,-8.62,-33.06,-18.11,-31.06,-25.35,-7.26,-24.05,-6.39
2026-07-02 21:00:00,jueves,-20.13,-40.88,-43.98,-36.03,-30.14,-8.63,-33.01,-14.46,-36.07,-30.41,-4.23,-27.69,-4.11
2026-07-02 22:00:00,jueves,-20.18,-41.09,-43.86,-36.09,-30.76,-8.66,-33.88,-15.36,-34.54,-28.75,-5.81,-28.66,-5.68
2026-07-02 23:00:00,jueves,-20.19,-41.08,-43.94,-35.84,-28.9,-8.67,-34.8,-11.42,-34.43,-28.62,-1.03,-27.23,-5.72
2026-07-03 00:00:00,viernes,-20.19,-41.08,-43.85,-36.02,-27.94,-8.66,-33.76,-15.26,-29.55,-23.81,-3.67,-26.24,-5.01
2026-07-03 01:00:00,viernes,-20.2,-41.07,-43.84,-35.98,-27.83,-8.71,-33.39,-16.34,-31.75,-26.06,-5.16,-25.43,-5.13
2026-07-03 02:00:00,viernes,-20.19,-41.08,-43.93,-36.0,-23.92,-8.71,-31.56,-16.54,-32.77,-27.05,-6.48,-21.67,-6.98
2026-07-03 03:00:00,viernes,-20.22,-41.09,-43.72,-35.84,-20.31,-8.62,-33.73,-12.11,-33.43,-27.69,-3.18,-17.52,-5.74
2026-07-03 04:00:00,viernes,-20.21,-41.1,-44.05,-36.13,-25.36,-8.66,-33.08,-12.83,-36.11,-30.33,-2.59,-23.34,-6.91
2026-07-03 05:00:00,viernes,-20.2,-41.14,-43.96,-36.25,-24.57,-8.71,-32.94,-15.44,-32.43,-26.65,-5.01,-22.44,-6.95
2026-07-03 06:00:00,viernes,-20.2,-41.11,-44.13,-36.14,-22.14,-8.7,-34.08,-11.53,-39.24,-33.43,-0.78,-19.82,-7.3
2026-07-03 07:00:00,viernes,-20.21,-40.75,-43.9,-35.82,-21.12,-8.68,-34.18,-10.71,-39.02,-33.17,0.28,-18.47,-5.05
2026-07-03 08:00:00,viernes,-20.22,-41.16,-43.88,-34.8,-21.9,-8.65,-33.44,-13.68,-33.52,-27.64,-2.01,-18.48,-6.81
2026-07-03 09:00:00,viernes,-20.21,-40.68,-43.83,-33.42,-22.25,-8.68,-33.37,-15.13,-37.33,-31.5,-3.56,-17.32,-5.77
2026-07-03 10:00:00,viernes,-20.04,-41.15,-44.0,-32.98,-25.42,-8.6,-32.69,-13.56,-45.34,-39.54,-2.83,-19.89,-8.99
2026-07-03 11:00:00,viernes,-18.73,-41.05,-44.23,-32.89,-25.94,-8.17,-32.86,-12.49,-46.66,-40.85,-3.39,-19.73,-10.03
2026-07-03 12:00:00,viernes,-18.37,-41.12,-44.27,-32.9,-24.86,-8.13,-31.46,-17.75,-49.63,-43.73,-8.17,-18.49,-9.74
2026-07-03 13:00:00,viernes,-18.23,-41.15,-44.29,-33.75,-24.83,-8.15,-29.5,-22.87,-49.57,-43.73,-11.46,-19.64,-9.23
2026-07-03 14:00:00,viernes,-17.85,-41.09,-44.33,-33.24,-26.18,-8.14,-31.38,-19.68,-49.42,-43.42,-9.42,-21.16,-8.68
2026-07-03 15:00:00,viernes,-17.86,-41.04,-44.36,-33.6,-24.69,-8.16,-31.13,-19.46,-48.37,-42.16,-8.6,-20.25,-5.32
2026-07-03 16:00:00,viernes,-19.39,-41.01,-44.07,-33.56,-23.71,-8.15,-31.42,-15.11,-37.75,-31.55,-4.72,-19.43,-6.51
2026-07-03 17:00:00,viernes,-20.05,-41.09,-44.0,-32.55,-24.15,-8.16,-30.96,-16.94,-31.53,-25.4,-6.14,-18.55,-8.13
2026-07-03 18:00:00,viernes,-20.01,-41.12,-44.03,-33.61,-24.27,-8.1,-30.14,-19.58,-32.27,-26.13,-8.73,-18.72,-7.72
2026-07-03 19:00:00,viernes,-19.97,-41.13,-43.96,-33.76,-26.52,-8.19,-31.22,-18.43,-29.47,-23.72,-7.13,-21.01,-5.6
2026-07-03 20:00:00,viernes,-20.01,-41.01,-44.06,-33.53,-25.49,-8.16,-31.11,-19.87,-32.78,-27.15,-7.29,-20.23,-6.01
2026-07-03 21:00:00,viernes,-20.01,-41.16,-44.06,-34.03,-26.03,-8.12,-32.47,-17.61,-31.78,-26.2,-6.77,-22.38,-6.03
2026-07-03 22:00:00,viernes,-20.05,-41.07,-44.16,-33.81,-25.23,-8.2,-32.49,-19.32,-34.55,-28.64,-9.13,-21.77,-7.05
2026-07-03 23:00:00,viernes,-20.04,-41.05,-43.97,-33.72,-23.64,-8.13,-32.84,-23.14,-28.94,-22.95,-13.08,-19.86,-7.55
2026-07-04 00:00:00,sábado,-20.07,-41.1,-43.84,-33.94,-22.31,-8.16,-32.85,-21.29,-35.57,-29.41,-10.61,-17.61,-7.86
2026-07-04 01:00:00,sábado,-20.05,-41.11,-43.89,-34.05,-22.38,-8.11,-34.09,-17.96,-37.15,-31.09,-6.61,-17.49,-6.77
2026-07-04 02:00:00,sábado,-20.06,-40.82,-43.78,-33.89,-27.45,-8.13,-34.0,-16.66,-36.42,-30.2,-4.72,-22.07,-5.82
2026-07-04 03:00:00,sábado,-20.03,-41.12,-43.88,-34.03,-28.67,-8.17,-33.99,-15.96,-30.87,-25.06,-4.12,-22.89,-6.61
2026-07-04 04:00:00,sábado,-20.05,-41.03,-43.63,-33.83,-27.62,-8.16,-34.16,-16.51,-29.31,-23.33,-4.76,-22.01,-6.03
2026-07-04 05:00:00,sábado,-20.09,-41.08,-43.83,-34.06,-26.05,-8.18,-34.32,-15.69,-31.05,-24.94,-4.2,-21.2,-6.2
2026-07-04 06:00:00,sábado,-20.08,-40.91,-43.68,-34.11,-25.3,-8.15,-33.75,-11.47,-31.16,-25.33,0.95,-21.06,-5.45
2026-07-04 07:00:00,sábado,-20.09,-40.9,-43.67,-34.11,-24.12,-8.15,-34.0,-12.33,-36.71,-31.0,-1.19,-19.39,-5.87
2026-07-04 08:00:00,sábado,-20.07,-40.54,-43.96,-34.67,-23.43,-8.15,-33.11,-15.42,-33.36,-27.52,-4.93,-19.72,-6.56
2026-07-04 09:00:00,sábado,-20.06,-40.18,-43.45,-33.84,-24.8,-8.19,-34.35,-12.87,-30.0,-24.24,-3.81,-20.02,-5.11
2026-07-04 10:00:00,sábado,-20.07,-40.52,-43.73,-33.04,-21.32,-8.7,-34.83,-14.3,-29.2,-23.36,-4.99,-16.82,-5.99
2026-07-04 11:00:00,sábado,-20.06,-40.57,-43.78,-32.93,-22.44,-8.67,-35.9,-13.05,-28.49,-22.64,-2.81,-17.27,-6.32
2026-07-04 12:00:00,sábado,-20.07,-39.98,-43.02,-32.63,-23.74,-8.68,-25.0,-11.37,-28.98,-23.15,9.15,-17.86,-4.86
2026-07-04 13:00:00,sábado,-20.08,-40.49,-43.63,-32.92,-24.62,-8.66,0.0,0.0,-29.53,-23.6,43.98,-19.41,-5.6
2026-07-04 14:00:00,sábado,-20.04,-40.54,-43.67,-33.34,-25.01,-8.67,0.0,0.0,-31.54,-25.58,44.5,-20.3,-5.38
2026-07-04 15:00:00,sábado,-20.06,-40.62,-43.74,-33.51,-28.18,-8.6,0.0,-14.07,-31.28,-25.28,30.67,-23.94,-5.31
2026-07-04 16:00:00,sábado,-20.06,-40.49,-43.69,-33.42,-28.61,-8.7,0.0,-18.92,-32.09,-26.18,24.72,-24.66,-4.73
2026-07-04 17:00:00,sábado,-20.04,-40.78,-43.79,-33.84,-28.43,-8.63,0.0,-19.03,-34.35,-28.52,26.24,-25.0,-5.52
2026-07-04 18:00:00,sábado,-20.03,-40.52,-43.59,-33.77,-28.68,-8.68,0.0,-24.11,-30.46,-24.63,21.56,-24.83,-4.99
2026-07-04 19:00:00,sábado,-19.76,-40.53,-43.38,-34.24,-27.38,-8.65,0.0,-24.03,-35.2,-29.25,22.18,-23.95,-3.51
2026-07-04 20:00:00,sábado,-20.02,-41.06,-43.47,-35.38,-30.7,-8.67,0.0,-23.89,-32.33,-26.27,22.13,-28.7,-5.36
2026-07-04 21:00:00,sábado,-20.02,-41.13,-43.62,-34.12,-32.84,-8.22,0.0,-23.21,-30.12,-24.21,22.66,-29.45,-6.71
2026-07-04 22:00:00,sábado,-20.03,-41.13,-43.75,-33.25,-32.79,-8.11,0.0,-21.33,-32.75,-26.87,24.65,-28.59,-6.82
2026-07-04 23:00:00,sábado,-20.03,-40.97,-43.73,-32.22,-31.71,-8.18,0.0,-20.14,-31.64,-25.77,25.46,-25.87,-5.95
2026-07-05 00:00:00,domingo,-20.04,-40.45,-43.21,-32.16,-31.74,-8.22,0.0,-24.28,-25.99,-20.3,20.0,-25.21,-5.33
2026-07-05 01:00:00,domingo,-20.03,-41.05,-43.83,-32.09,-32.96,-8.15,0.0,-20.84,-32.41,-26.33,21.81,-27.27,-6.07
2026-07-05 02:00:00,domingo,-20.02,-41.1,-43.81,-32.17,-33.81,-8.16,0.0,-22.09,-30.61,-24.4,20.4,-28.38,-6.43
2026-07-05 03:00:00,domingo,-20.04,-41.05,-43.81,-32.11,-32.4,-8.17,0.0,-20.24,-33.5,-27.12,22.27,-24.83,-5.36
2026-07-05 04:00:00,domingo,-20.04,-41.09,-43.72,-32.21,-34.11,-8.49,0.0,-22.69,-30.47,-24.11,19.66,-26.73,-5.49
2026-07-05 05:00:00,domingo,-20.02,-41.14,-43.78,-32.26,-32.77,-8.66,0.0,-23.58,-31.1,-24.83,18.77,-26.56,-5.63
2026-07-05 06:00:00,domingo,-20.07,-41.02,-43.74,-32.05,-31.6,-8.68,0.0,-24.71,-33.41,-27.04,17.79,-25.12,-4.91
2026-07-05 07:00:00,domingo,-20.06,-41.08,-43.34,-32.12,-29.55,-8.5,0.0,-21.66,-25.04,-18.68,20.76,-23.17,-3.77
2026-07-05 08:00:00,domingo,-20.06,-41.11,-43.18,-32.23,-29.71,-8.13,0.0,-21.83,-27.47,-21.44,20.46,-22.97,-4.5
2026-07-05 09:00:00,domingo,-20.05,-41.07,-43.54,-31.94,-24.82,-8.14,0.0,-25.49,-30.9,-24.84,16.65,-18.36,-6.27
2026-07-05 10:00:00,domingo,-20.04,-41.13,-43.75,-31.93,-21.3,-8.63,0.0,-25.92,-30.88,-24.79,16.31,-15.35,-6.34
2026-07-05 11:00:00,domingo,-19.99,-41.05,-43.25,-31.55,-25.22,-8.65,0.0,-24.09,-24.93,-19.08,18.09,-18.73,-6.16
2026-07-05 12:00:00,domingo,-19.85,-41.09,-43.16,-30.76,-26.29,-8.7,0.0,-26.75,-22.97,-17.23,15.37,-18.98,-5.15
2026-07-05 13:00:00,domingo,-19.57,-41.09,-43.54,-31.35,-23.5,-8.66,0.0,-23.09,-24.27,-18.45,19.36,-17.38,-5.81
2026-07-05 14:00:00,domingo,-20.04,-41.03,-43.82,-31.04,-23.34,-8.68,0.0,-29.69,-21.54,-15.58,12.36,-16.78,-6.91
2026-07-05 15:00:00,domingo,-19.5,-41.13,-43.79,-31.37,-23.02,-8.65,0.0,-29.7,-19.44,-13.4,12.09,-16.35,-6.6
2026-07-05 16:00:00,domingo,-19.1,-41.09,-43.58,-31.78,-21.78,-8.66,0.0,-27.81,-18.79,-12.82,14.78,-15.89,-5.73
2026-07-05 17:00:00,domingo,-18.34,-41.12,-43.53,-33.38,-21.92,-8.68,0.0,-23.62,-15.14,-9.23,18.76,-17.7,-4.44
2026-07-05 18:00:00,domingo,-18.46,-41.08,-43.47,-34.38,-23.58,-8.64,0.0,-29.59,-20.28,-14.27,13.36,-19.8,-4.83
2026-07-05 19:00:00,domingo,-18.46,-41.05,-43.15,-32.61,-23.42,-8.67,0.0,-28.63,-17.34,-11.12,14.52,-17.91,-4.38
2026-07-05 20:00:00,domingo,-18.46,-40.59,-43.56,-32.08,-31.24,-8.14,0.0,-27.29,-20.19,-14.04,18.49,-25.56,-3.63
2026-07-05 21:00:00,domingo,-18.46,-40.56,-43.53,-32.29,-32.24,-8.16,0.0,-24.0,-18.39,-12.61,22.01,-26.38,-3.97
2026-07-05 22:00:00,domingo,-18.46,-41.07,-43.75,-32.1,-33.35,-8.12,0.0,-23.0,-21.05,-15.24,23.52,-27.28,-4.33
2026-07-05 23:00:00,domingo,-18.46,-41.09,-43.72,-32.1,-36.3,-8.14,0.0,-22.32,-24.04,-17.94,24.2,-29.95,-4.11
2026-07-06 00:00:00,lunes,-18.46,-41.16,-43.81,-32.36,-36.02,-9.08,0.0,-22.24,-27.26,-21.12,24.22,-30.56,-3.99
2026-07-06 01:00:00,lunes,-18.46,-41.02,-43.62,-31.97,-36.09,-8.71,0.0,-20.59,-22.7,-16.47,25.67,-30.66,-3.82
2026-07-06 02:00:00,lunes,-18.46,-41.08,-43.57,-32.16,-36.2,-8.97,0.0,-21.83,-24.09,-17.94,24.42,-29.95,-4.28
2026-07-06 03:00:00,lunes,-18.64,-41.17,-43.91,-32.28,-35.89,-9.16,0.0,-24.8,-28.11,-21.85,21.03,-29.65,-3.65
2026-07-06 04:00:00,lunes,-20.07,-41.02,-43.86,-32.04,-35.42,-9.09,0.0,-25.19,-28.72,-22.46,20.35,-28.95,-4.79
2026-07-06 05:00:00,lunes,-20.01,-41.14,-43.61,-32.28,-35.68,-9.16,0.0,-25.16,-22.23,-16.09,20.31,-29.38,-5.87
2026-07-06 06:00:00,lunes,-19.99,-41.09,-43.68,-32.11,-36.0,-9.25,0.0,-24.71,-22.76,-16.76,20.77,-29.36,-5.71
2026-07-06 07:00:00,lunes,-20.01,-41.03,-43.92,-32.0,-30.76,-9.23,0.0,-19.8,-29.28,-23.01,25.76,-23.98,-5.14
2026-07-06 08:00:00,lunes,-20.01,-41.1,-43.91,-32.19,-33.86,-8.93,0.0,-21.15,-28.38,-22.18,24.49,-27.69,-5.68
2026-07-06 09:00:00,lunes,-20.01,-41.11,-43.75,-31.87,-32.56,-8.65,0.0,-18.43,-25.77,-19.88,26.84,-25.94,-5.88
2026-07-06 10:00:00,lunes,-20.05,-41.04,-43.3,-31.62,-28.51,-8.68,0.0,-26.63,-21.53,-15.69,17.9,-21.27,-5.37
2026-07-06 11:00:00,lunes,-20.04,-41.07,-43.53,-31.58,-27.99,-8.63,0.0,-24.63,-20.1,-14.53,18.95,-21.73,-4.05
2026-07-06 12:00:00,lunes,-20.04,-41.11,-43.82,-32.54,-28.5,-8.71,0.0,-23.72,-23.93,-18.17,20.26,-23.37,-4.47
2026-07-06 13:00:00,lunes,-20.05,-41.11,-43.86,-34.53,-34.64,-8.64,0.0,-25.0,-27.39,-21.59,20.25,-30.87,-4.06
2026-07-06 14:00:00,lunes,-20.01,-41.1,-44.01,-35.53,-35.62,-8.51,0.0,-24.33,-25.32,-19.53,20.69,-32.38,-4.92
2026-07-06 15:00:00,lunes,-20.0,-41.12,-44.37,-36.31,-31.68,-8.4,0.0,-22.7,-30.77,-24.79,22.94,-29.11,-5.98
2026-07-06 16:00:00,lunes,-20.0,-41.05,-43.83,-35.88,-26.59,-8.69,0.0,-24.06,-33.89,-27.86,21.83,-23.9,-5.22
2026-07-06 17:00:00,lunes,-19.98,-41.13,-43.94,-34.06,-30.89,-8.27,0.0,-19.23,-37.11,-30.77,26.02,-26.04,-6.57
2026-07-06 18:00:00,lunes,-19.96,-41.06,-43.91,-32.93,-34.32,-8.18,0.0,-22.85,-35.44,-29.2,22.67,-28.4,-4.57
2026-07-06 19:00:00,lunes,-19.95,-41.08,-43.93,-32.03,-33.4,-8.11,0.0,-31.46,-35.71,-29.53,14.1,-27.04,-5.96
2026-07-06 20:00:00,lunes,-19.97,-41.11,-44.0,-32.17,-34.16,-8.17,0.0,-31.27,-36.88,-30.53,14.47,-28.02,-5.49
2026-07-06 21:00:00,lunes,-19.96,-41.15,-43.97,-32.28,-35.31,-8.17,0.0,-31.37,-34.07,-27.91,13.99,-29.51,-5.55
2026-07-06 22:00:00,lunes,-19.97,-41.03,-44.0,-31.97,-32.45,-8.14,0.0,-32.37,-33.72,-27.59,13.23,-26.17,-5.12
2026-07-06 23:00:00,lunes,-19.97,-41.15,-44.03,-31.89,-33.05,-8.17,0.0,-31.95,-36.66,-30.13,14.21,-26.97,-6.28
2026-07-07 00:00:00,martes,-19.96,-40.98,-43.41,-31.84,-30.69,-8.13,0.0,-27.99,-33.91,-27.65,18.38,-23.52,-4.65
2026-07-07 01:00:00,martes,-19.98,-41.08,-43.67,-32.68,-34.23,-8.13,0.0,-22.17,-33.58,-27.7,23.73,-27.28,-5.28
2026-07-07 02:00:00,martes,-19.97,-41.13,-43.54,-34.06,-33.4,-8.18,0.0,-29.05,-31.39,-25.63,16.72,-27.52,-5.05
2026-07-07 03:00:00,martes,-19.98,-41.06,-42.87,-33.93,-31.99,-8.14,0.0,-23.85,-29.87,-24.15,21.61,-25.84,-3.65
2026-07-07 04:00:00,martes,-19.95,-41.08,-43.93,-33.81,-32.81,-8.16,0.0,-23.48,-32.45,-26.72,22.51,-26.3,-4.94
2026-07-07 05:00:00,martes,-19.96,-41.11,-43.92,-34.39,-32.01,-8.17,0.0,-24.86,-31.84,-25.74,20.83,-26.97,-5.87
2026-07-07 06:00:00,martes,-19.98,-41.1,-43.82,-35.23,-32.72,-8.16,0.0,-22.35,-27.44,-21.37,23.73,-28.37,-5.7
2026-07-07 07:00:00,martes,-19.94,-41.07,-43.87,-35.37,-31.33,-8.17,0.0,-23.21,-29.06,-23.02,22.71,-27.1,-5.75
2026-07-07 08:00:00,martes,-19.96,-41.08,-43.88,-36.0,-29.52,-8.12,0.0,-30.17,-32.55,-26.56,14.44,-26.12,-6.31
2026-07-07 09:00:00,martes,-19.96,-41.12,-43.72,-35.98,-30.59,-7.85,0.0,-36.2,-29.31,-23.66,7.34,-27.24,-5.8
2026-07-07 10:00:00,martes,-19.96,-41.02,-43.35,-36.2,-26.3,-8.04,0.0,-30.16,-32.35,-26.37,11.54,-23.48,-5.14
2026-07-07 11:00:00,martes,-19.53,-41.16,-43.59,-36.28,-21.45,-8.19,0.0,-28.25,-25.26,-19.25,12.7,-18.46,-5.78
2026-07-07 12:00:00,martes,-20.43,-41.09,-43.77,-35.68,-23.34,-8.14,0.0,-31.46,-33.22,-27.28,4.49,-19.67,-6.93
2026-07-07 13:00:00,martes,-20.4,-41.1,-43.86,-36.1,-25.03,-8.13,0.0,-34.38,-35.63,-29.5,-2.67,-21.5,-6.62
2026-07-07 14:00:00,martes,-19.94,-41.04,-43.59,-35.07,-25.9,-8.17,0.0,-27.12,-31.07,-25.01,3.63,-21.23,-5.04
2026-07-07 15:00:00,martes,-19.92,-41.15,-43.94,-34.98,-24.41,-8.17,0.0,-28.58,-36.84,-30.5,2.68,-19.75,-5.37
2026-07-07 16:00:00,martes,-19.89,-41.04,-43.91,-34.55,-25.47,-8.15,0.0,-23.5,-35.05,-28.74,7.52,-20.65,-6.09
2026-07-07 17:00:00,martes,-19.89,-41.17,-43.92,-33.66,-25.66,-8.16,0.0,-20.81,-35.58,-29.03,9.94,-19.82,-6.51
2026-07-07 18:00:00,martes,-19.9,-41.07,-43.93,-32.57,-24.39,-8.14,0.0,-18.38,-37.59,-31.29,12.81,-17.26,-6.81
2026-07-07 19:00:00,martes,-19.88,-40.96,-43.91,-32.42,-27.44,-8.13,0.0,-33.79,-38.47,-31.86,-7.27,-21.12,-5.48
2026-07-07 20:00:00,martes,-19.9,-41.08,-43.96,-33.36,-26.04,-8.16,0.0,-27.92,-38.73,-32.15,1.41,-21.53,-5.61
2026-07-07 21:00:00,martes,-19.89,-41.11,-43.9,-33.32,-22.66,-8.19,0.0,-18.51,-38.17,-31.64,11.59,-18.11,-6.01
2026-07-07 22:00:00,martes,-19.89,-41.09,-43.93,-33.54,-22.11,-8.16,0.0,-23.34,-38.21,-31.42,7.6,-17.25,-6.83
2026-07-07 23:00:00,martes,-19.91,-41.09,-44.06,-33.29,-23.38,-8.15,0.0,-23.52,-38.67,-31.93,9.58,-18.29,-6.92
2026-07-08 00:00:00,miércoles,-19.93,-41.05,-44.01,-33.55,-22.16,-8.13,0.0,-23.09,-41.09,-34.28,11.84,-17.27,-5.82
2026-07-08 01:00:00,miércoles,-19.9,-41.1,-43.93,-33.63,-21.92,-8.14,0.0,-28.77,-35.4,-29.0,9.63,-16.37,-5.42
2026-07-08 02:00:00,miércoles,-19.9,-41.1,-43.91,-33.69,-21.44,-8.16,0.0,-30.56,-34.65,-27.97,9.44,-15.42,-5.17
2026-07-08 03:00:00,miércoles,-19.91,-41.07,-43.98,-33.67,-21.5,-8.14,0.0,-34.23,-38.69,-31.99,4.3,-15.57,-4.99
2026-07-08 04:00:00,miércoles,-19.91,-41.09,-43.85,-34.51,-22.25,-8.17,0.0,-34.63,-34.22,-27.63,2.61,-17.27,-5.46
2026-07-08 05:00:00,miércoles,-19.92,-41.13,-44.06,-34.64,-22.59,-8.16,0.0,-36.44,-38.61,-32.09,2.05,-18.33,-5.81
2026-07-08 06:00:00,miércoles,-19.91,-41.06,-43.75,-34.69,-22.54,-8.14,0.0,-29.36,-35.19,-28.79,12.41,-18.23,-4.62
2026-07-08 07:00:00,miércoles,-19.93,-41.14,-43.81,-34.16,-21.59,-8.13,0.0,-17.81,-29.83,-23.65,25.12,-16.92,-5.98
2026-07-08 08:00:00,miércoles,-19.78,-41.03,-44.16,-33.96,-22.46,-8.19,0.0,-16.66,-41.78,-35.54,25.53,-17.85,-6.39
2026-07-08 09:00:00,miércoles,-19.81,-41.14,-44.1,-33.95,-21.37,-8.45,0.0,-16.44,-38.63,-32.27,26.02,-17.05,-6.3
2026-07-08 10:00:00,miércoles,-19.81,-41.05,-44.01,-33.75,-19.87,-8.87,0.0,-12.17,-36.41,-30.08,29.72,-15.57,-5.37
2026-07-08 11:00:00,miércoles,-19.75,-41.13,-43.99,-35.69,-18.89,-8.88,0.0,-12.26,-36.84,-30.63,30.63,-16.75,-5.55
2026-07-08 12:00:00,miércoles,-19.79,-41.07,-44.26,-35.14,-23.2,-8.97,0.0,-13.58,-43.62,-37.27,28.98,-20.45,-7.01
2026-07-08 13:00:00,miércoles,-19.72,-41.07,-44.23,-34.74,-22.06,-8.91,0.0,-11.21,-44.96,-38.41,32.34,-18.45,-7.28
2026-07-08 14:00:00,miércoles,-19.75,-41.15,-44.34,-34.8,-20.24,-8.85,0.0,-14.18,-46.22,-39.67,28.76,-16.85,-7.22
2026-07-08 15:00:00,miércoles,-19.81,-41.04,-44.23,-33.7,-18.82,-9.01,0.0,-15.88,-48.05,-41.5,27.24,-14.31,-5.72
2026-07-08 16:00:00,miércoles,-19.91,-41.13,-44.02,-33.56,-19.71,-8.9,0.0,-9.85,-38.55,-31.9,33.68,-15.28,-6.92
2026-07-08 17:00:00,miércoles,-19.88,-41.12,-44.02,-33.69,-14.76,-8.7,0.0,-10.13,-38.47,-31.98,33.84,-10.25,-6.02
2026-07-08 18:00:00,miércoles,-19.88,-41.09,-44.08,-32.83,-18.19,-8.59,0.0,-9.36,-42.56,-36.1,34.83,-13.02,-5.45
2026-07-08 19:00:00,miércoles,-19.85,-41.06,-44.01,-34.07,-18.85,-8.67,0.0,-9.59,-37.47,-30.86,33.9,-16.12,-5.3
2026-07-08 20:00:00,miércoles,-19.8,-41.05,-43.96,-34.78,-17.95,-8.25,0.0,-10.15,-37.44,-30.94,33.21,-14.96,-4.96
2026-07-08 21:00:00,miércoles,-19.89,-41.08,-43.86,-35.09,-16.33,-8.15,0.0,-19.33,-34.34,-27.87,24.08,-13.58,-4.8
2026-07-08 22:00:00,miércoles,-19.88,-41.05,-43.93,-34.84,-14.0,-8.17,0.0,-27.79,-37.16,-30.6,15.04,-11.37,-5.13
2026-07-08 23:00:00,miércoles,-14.4,-41.1,-43.78,-34.47,-10.01,-8.15,0.0,-21.51,-34.17,-27.49,21.28,-6.99,-0.89
2026-07-09 00:00:00,jueves,0.0,-41.11,-43.33,-35.19,-14.61,-8.15,0.0,-17.0,-22.12,-15.61,26.43,-11.25,14.36
2026-07-09 01:00:00,jueves,0.0,-41.11,-43.84,-35.16,-14.29,-8.15,0.0,-21.87,-35.93,-29.23,22.27,-11.01,14.63
2026-07-09 02:00:00,jueves,0.0,-41.11,-43.87,-35.16,-14.86,-8.15,0.0,-20.6,-35.88,-29.12,24.43,-11.65,14.26
2026-07-09 03:00:00,jueves,0.0,-41.05,-43.65,-35.03,-13.71,-8.16,0.0,-16.56,-34.56,-27.97,28.64,-10.24,14.59
2026-07-09 04:00:00,jueves,-0.48,-41.12,-43.93,-35.2,-14.31,-8.14,0.0,-16.37,-38.58,-32.12,28.69,-11.0,14.19
2026-07-09 05:00:00,jueves,-11.86,-41.07,-43.87,-35.05,-13.75,-8.16,0.0,-17.52,-37.13,-30.38,27.04,-10.4,3.1
2026-07-09 06:00:00,jueves,-15.0,-41.11,-43.82,-35.06,-15.22,-8.13,0.0,-16.74,-35.76,-28.84,27.5,-11.96,-0.64
2026-07-09 07:00:00,jueves,-15.01,-41.09,-43.68,-35.15,-14.96,-8.19,0.0,-17.57,-32.93,-26.18,27.12,-11.79,-0.78
2026-07-09 08:00:00,jueves,-15.01,-41.07,-43.9,-34.82,-13.05,-8.13,0.0,-18.62,-37.76,-31.07,24.87,-9.99,-1.63
2026-07-09 09:00:00,jueves,-15.01,-41.15,-43.81,-35.17,-12.86,-8.15,0.0,-16.35,-37.18,-30.55,27.15,-9.99,-1.01
2026-07-09 10:00:00,jueves,-15.01,-41.11,-43.88,-34.82,-16.42,-8.19,0.0,-25.82,-36.45,-29.85,18.0,-13.25,-1.66
2026-07-09 11:00:00,jueves,-15.01,-40.99,-43.58,-34.93,-11.02,-8.13,0.0,-25.85,-30.84,-24.18,17.97,-8.07,-1.7
2026-07-09 12:00:00,jueves,-15.01,-41.15,-43.31,-35.18,-14.47,-8.18,0.0,-23.45,-22.38,-15.93,20.21,-11.02,-1.84
2026-07-09 13:00:00,jueves,-15.0,-41.09,-43.26,-35.13,-14.3,-8.13,0.0,-25.16,-21.69,-15.45,17.49,-11.51,-1.06
2026-07-09 14:00:00,jueves,-15.01,-41.12,-43.15,-35.02,-16.04,-8.15,0.0,-24.91,-20.69,-14.36,18.65,-13.16,-1.64
2026-07-09 15:00:00,jueves,-15.01,-41.05,-43.61,-35.07,-12.97,-8.16,0.0,-23.69,-29.73,-23.33,20.46,-9.85,-3.51
2026-07-09 16:00:00,jueves,-15.01,-41.16,-43.74,-35.24,-13.96,-8.16,0.0,-22.03,-31.58,-25.38,21.74,-10.95,-2.59
2026-07-09 17:00:00,jueves,-15.01,-41.04,-43.78,-34.99,-15.08,-8.14,0.0,-27.74,-31.12,-25.03,15.76,-12.08,-2.89
2026-07-09 18:00:00,jueves,-15.01,-41.11,-43.76,-35.18,-15.1,-8.15,0.0,-27.05,-31.84,-25.48,16.51,-11.84,-1.77
2026-07-09 19:00:00,jueves,-16.33,-41.15,-43.69,-35.22,-18.91,-8.15,0.0,-23.7,-29.69,-23.22,19.94,-16.65,-2.66
2026-07-09 20:00:00,jueves,-19.73,-41.05,-43.75,-35.03,-24.64,-8.16,0.0,-30.53,-31.59,-25.22,13.26,-21.49,-5.69
2026-07-09 21:00:00,jueves,-19.76,-41.13,-43.78,-35.21,-27.23,-8.16,0.0,-33.07,-28.71,-22.33,8.75,-24.29,-5.52
2026-07-09 22:00:00,jueves,-19.76,-41.03,-43.67,-34.97,-27.32,-8.13,0.0,-33.69,-27.8,-21.37,9.53,-23.97,-5.49
2026-07-09 23:00:00,jueves,-19.77,-41.12,-43.77,-35.17,-24.41,-8.18,0.0,-30.84,-28.41,-22.04,14.26,-20.93,-6.07
2026-07-10 00:00:00,viernes,-19.77,-41.04,-43.19,-35.07,-20.99,-8.14,0.0,-28.33,-29.18,-22.7,16.72,-17.03,-4.57
2026-07-10 01:00:00,viernes,-19.78,-41.22,-43.36,-35.45,-20.39,-8.15,0.0,-23.88,-31.59,-25.21,20.8,-17.21,-5.32
2026-07-10 02:00:00,viernes,-19.77,-41.07,-43.45,-35.05,-20.47,-8.16,0.0,-25.9,-34.64,-27.94,18.79,-16.91,-4.73
2026-07-10 03:00:00,viernes,-19.78,-41.03,-43.41,-34.99,-16.8,-8.13,0.0,-25.82,-37.38,-30.6,18.28,-13.67,-5.29
2026-07-10 04:00:00,viernes,-19.8,-41.15,-43.49,-35.27,-16.01,-8.17,0.0,-23.36,-36.29,-29.38,20.82,-12.68,-5.32
2026-07-10 05:00:00,viernes,-19.8,-41.08,-43.51,-35.04,-19.99,-8.16,0.0,-26.25,-34.8,-28.28,17.22,-17.05,-4.93
2026-07-10 06:00:00,viernes,-19.79,-41.11,-43.33,-35.19,-22.38,-8.13,0.0,-26.11,-30.33,-23.7,17.62,-18.82,-5.5
2026-07-10 07:00:00,viernes,-19.79,-41.09,-43.43,-35.07,-21.18,-8.18,0.0,-21.88,-34.21,-27.38,22.64,-17.59,-5.17
2026-07-10 08:00:00,viernes,-19.8,-41.04,-43.34,-34.93,-19.83,-8.18,0.0,-23.7,-34.29,-27.88,21.33,-15.66,-3.89
2026-07-10 09:00:00,viernes,-19.8,-41.18,-43.47,-35.28,-18.91,-8.15,0.0,-24.55,-34.46,-28.27,20.78,-14.85,-5.75
2026-07-10 10:00:00,viernes,-19.79,-41.06,-43.37,-35.0,-18.83,-8.14,0.0,-26.17,-33.6,-27.31,18.82,-14.35,-5.24
2026-07-10 11:00:00,viernes,-19.8,-41.11,-43.47,-35.16,-17.45,-8.16,0.0,-28.67,-34.46,-28.25,15.68,-14.62,-5.82
2026-07-10 12:00:00,viernes,-19.72,-41.08,-43.25,-35.07,-18.08,-8.15,0.0,-28.02,-28.77,-22.48,16.75,-15.9,-7.05
2026-07-10 13:00:00,viernes,-19.69,-41.1,-43.35,-35.09,-18.62,-8.15,0.0,-25.25,-28.77,-22.58,19.51,-16.7,-6.9
2026-07-10 14:00:00,viernes,-19.74,-41.12,-43.48,-35.2,-23.3,-8.09,0.0,-27.76,-31.0,-24.71,17.68,-21.18,-6.16
2026-07-10 15:00:00,viernes,-19.74,-41.09,-43.52,-35.11,-26.33,-8.2,0.0,-29.4,-34.32,-27.83,16.4,-23.99,-6.32
2026-07-10 16:00:00,viernes,-19.75,-41.07,-43.51,-34.81,-24.87,-8.16,0.0,-29.57,-37.44,-30.81,16.93,-21.12,-5.67
2026-07-10 17:00:00,viernes,-19.74,-41.1,-43.49,-34.99,-26.78,-8.35,0.0,-28.04,-37.78,-31.24,18.05,-22.95,-4.47
2026-07-10 18:00:00,viernes,-19.75,-41.14,-43.3,-34.03,-26.12,-8.66,0.0,-30.25,-35.48,-29.01,15.62,-21.53,-3.86
2026-07-10 19:00:00,viernes,-19.75,-41.11,-43.47,-34.95,-23.55,-8.36,0.0,-35.48,-35.35,-28.93,10.27,-19.99,-3.65
2026-07-10 20:00:00,viernes,-19.78,-41.03,-43.43,-34.92,-24.19,-8.17,0.0,-35.07,-30.57,-24.2,10.29,-20.65,-5.02
2026-07-10 21:00:00,viernes,-19.74,-41.14,-43.44,-35.35,-23.44,-8.14,0.0,-34.06,-31.15,-24.94,10.84,-20.52,-4.88
2026-07-10 22:00:00,viernes,-19.72,-41.12,-43.43,-36.2,-21.8,-8.16,0.0,-34.3,-32.17,-25.63,11.07,-19.85,-4.72
2026-07-10 23:00:00,viernes,-19.77,-41.05,-43.37,-35.82,-23.5,-8.13,0.0,-34.15,-33.31,-27.16,11.55,-21.85,-5.14
2026-07-11 00:00:00,sábado,-19.76,-41.11,-43.37,-36.04,-20.68,-8.16,0.0,-35.91,-33.32,-27.28,9.17,-19.28,-5.18
2026-07-11 01:00:00,sábado,-19.76,-41.1,-43.44,-35.98,-17.92,-8.12,0.0,-32.39,-33.41,-27.32,11.51,-16.6,-4.77
2026-07-11 02:00:00,sábado,-19.78,-41.09,-43.3,-35.99,-17.34,-7.78,0.0,-30.49,-34.93,-28.6,13.32,-15.89,-4.59
2026-07-11 03:00:00,sábado,-19.75,-41.08,-43.23,-36.02,-14.93,-7.64,0.0,-31.69,-30.68,-24.45,13.17,-13.06,-3.66
2026-07-11 04:00:00,sábado,-19.78,-41.15,-43.22,-36.2,-16.18,-7.64,0.0,-30.61,-30.56,-24.44,15.48,-14.63,-3.95
2026-07-11 05:00:00,sábado,-19.79,-41.05,-43.2,-35.86,-13.87,-7.65,0.0,-30.09,-32.3,-25.96,16.0,-12.13,-3.71
2026-07-11 06:00:00,sábado,-19.75,-41.16,-43.09,-36.27,-10.47,-7.62,0.0,-29.31,-31.05,-24.42,16.97,-9.02,-3.64
2026-07-11 07:00:00,sábado,-19.75,-41.08,-43.12,-36.04,-8.6,-7.65,0.0,-29.55,-31.13,-24.73,16.74,-7.07,-3.12
2026-07-11 08:00:00,sábado,-19.81,-41.04,-43.02,-35.89,-11.22,-7.65,0.0,-30.18,-31.27,-25.03,16.02,-9.72,-4.62
2026-07-11 09:00:00,sábado,-19.81,-41.14,-43.05,-36.07,-12.11,-7.59,0.0,-29.28,-28.29,-21.97,16.9,-10.79,-4.9
2026-07-11 10:00:00,sábado,-19.82,-41.07,-42.96,-31.95,-20.27,-7.65,0.0,-31.59,-30.35,-24.04,14.29,-15.93,-5.27
2026-07-11 11:00:00,sábado,-19.75,-41.11,-42.87,-29.78,-19.77,-7.67,0.0,-31.11,-26.46,-20.14,14.91,-17.99,-5.31
2026-07-11 12:00:00,sábado,-19.79,-41.11,-43.17,-25.5,-29.59,-7.62,0.0,-35.33,-31.05,-24.65,9.81,-23.43,-6.62
2026-07-11 13:00:00,sábado,-19.79,-41.03,-43.21,-24.18,-22.19,-7.66,0.0,-29.66,-33.05,-26.63,15.07,-16.86,-6.14
2026-07-11 14:00:00,sábado,-19.78,-41.08,-43.05,-21.24,-22.23,-7.64,0.0,-32.96,-29.35,-22.94,12.28,-19.08,-5.69
2026-07-11 15:00:00,sábado,-19.74,-41.05,-43.07,-19.4,-21.28,-7.63,0.0,-33.14,-29.83,-23.4,12.16,-15.92,-3.75
2026-07-11 16:00:00,sábado,-19.74,-41.14,-43.25,-17.59,-21.74,-7.63,0.0,-32.5,-29.53,-23.15,9.85,-14.81,-4.51
2026-07-11 17:00:00,sábado,-19.76,-41.12,-43.14,-17.63,-20.98,-8.43,0.0,-31.67,-29.51,-23.05,9.06,-15.25,-4.98
2026-07-11 18:00:00,sábado,-19.75,-41.14,-43.34,-16.82,-19.96,-8.64,0.0,-32.08,-32.4,-26.11,9.04,-13.06,-5.14
2026-07-11 19:00:00,sábado,-19.76,-41.02,-43.22,-17.92,-19.11,-8.7,0.0,-28.88,-29.76,-23.7,15.04,-13.26,-3.79
2026-07-11 20:00:00,sábado,-19.75,-41.1,-43.17,-18.91,-20.48,-8.67,0.0,-28.39,-30.17,-24.12,16.74,-13.84,-4.36
2026-07-11 21:00:00,sábado,-19.76,-41.16,-43.07,-19.74,-21.4,-8.6,0.0,-26.58,-26.28,-20.23,17.1,-15.41,-3.99
2026-07-11 22:00:00,sábado,-19.74,-41.12,-43.15,-23.01,-15.42,-8.7,0.0,-26.67,-27.23,-20.85,17.49,-10.33,-4.7
2026-07-11 23:00:00,sábado,-19.75,-41.1,-43.1,-26.28,-10.65,-8.57,0.0,-27.83,-26.87,-20.57,18.32,-7.23,-4.86
2026-07-12 00:00:00,domingo,-19.77,-41.11,-43.11,-32.57,-9.99,-8.15,0.0,-28.41,-27.39,-21.16,17.52,-8.78,-4.49
2026-07-12 01:00:00,domingo,-19.75,-41.02,-43.03,-35.9,-8.92,-8.15,0.0,-22.56,-30.14,-23.68,23.43,-8.87,-3.75
2026-07-12 02:00:00,domingo,-19.78,-41.11,-43.15,-36.1,-16.22,-8.17,0.0,-25.15,-29.24,-22.75,21.08,-16.58,-3.65
2026-07-12 03:00:00,domingo,-19.78,-41.1,-43.15,-35.82,-18.31,-8.11,0.0,-27.18,-29.04,-22.61,18.73,-18.77,-2.81
2026-07-12 04:00:00,domingo,-19.8,-41.14,-43.04,-35.53,-11.85,-8.2,0.0,-24.99,-27.95,-21.37,20.87,-12.1,-2.76
2026-07-12 05:00:00,domingo,-19.81,-40.99,-43.07,-35.74,-9.27,-8.15,0.0,-28.23,-23.34,-17.21,17.89,-9.39,-2.49
2026-07-12 06:00:00,domingo,-19.79,-41.16,-43.24,-35.6,-10.8,-8.15,0.0,-30.4,-23.42,-17.1,13.06,-9.97,-3.25
2026-07-12 07:00:00,domingo,-19.79,-41.11,-43.2,-36.17,-10.96,-8.14,0.0,-32.35,-23.86,-17.47,9.06,-10.4,-2.81
2026-07-12 08:00:00,domingo,-19.78,-41.04,-43.17,-35.95,-8.83,-8.13,0.0,-29.06,-23.47,-17.03,11.78,-8.5,-4.27
2026-07-12 09:00:00,domingo,-19.78,-41.08,-43.21,-35.94,-12.0,-8.13,0.0,-29.24,-27.06,-20.84,9.15,-11.97,-4.18
2026-07-12 10:00:00,domingo,-19.79,-41.14,-43.15,-36.07,-10.56,-8.18,0.0,-33.12,-23.78,-17.81,5.75,-10.66,-4.59
2026-07-12 11:00:00,domingo,-19.8,-41.12,-43.49,-35.63,-8.43,-8.16,0.0,-34.96,-28.26,-22.12,4.22,-8.68,-5.2
2026-07-12 12:00:00,domingo,-19.8,-41.11,-43.41,-35.19,-8.06,-8.16,0.0,-28.66,-25.84,-19.54,10.38,-7.83,-8.42
2026-07-12 13:00:00,domingo,-19.77,-41.07,-43.66,-35.1,-9.72,-8.17,0.0,-32.67,-33.73,-27.57,5.87,-8.22,-7.76
2026-07-12 14:00:00,domingo,-19.74,-41.09,-43.44,-34.6,-11.45,-8.09,0.0,-28.0,-27.92,-21.51,10.53,-9.18,-7.06
2026-07-12 15:00:00,domingo,-19.73,-40.59,-43.46,-34.98,-11.48,-8.13,0.0,-20.06,-34.34,-27.93,18.69,-9.73,-7.2
2026-07-12 16:00:00,domingo,-19.7,-40.09,-43.59,-34.94,-10.48,-8.19,0.0,-21.41,-37.86,-31.31,17.16,-8.88,-7.18
2026-07-12 17:00:00,domingo,-19.67,-40.13,-43.67,-35.15,-10.33,-8.12,0.0,-25.45,-34.22,-27.71,12.81,-8.78,-6.89
2026-07-12 18:00:00,domingo,-19.64,-40.09,-43.75,-34.78,-9.69,-8.16,0.0,-22.59,-31.54,-25.32,15.39,-7.81,-6.48
2026-07-12 19:00:00,domingo,-19.71,-40.37,-43.41,-35.43,-8.46,-8.15,0.0,-28.89,-28.88,-22.66,9.69,-7.28,-5.45
2026-07-12 20:00:00,domingo,-19.66,-40.61,-43.61,-35.3,-9.77,-8.17,0.0,-31.96,-27.48,-21.34,6.31,-8.46,-6.1
2026-07-12 21:00:00,domingo,-19.71,-41.06,-43.71,-35.08,-11.58,-8.16,0.0,-32.81,-27.53,-21.45,4.25,-9.97,-8.3
2026-07-12 22:00:00,domingo,-19.74,-41.09,-43.65,-35.34,-10.68,-8.15,0.0,-29.87,-26.01,-20.02,7.42,-9.24,-7.41
2026-07-12 23:00:00,domingo,-19.73,-41.09,-43.34,-35.5,-5.32,-8.15,0.0,-27.45,-25.07,-18.94,9.51,-3.61,-5.84
2026-07-13 00:00:00,lunes,-19.73,-41.07,-43.25,-35.48,-11.86,-8.15,0.0,-26.23,-18.77,-12.76,10.58,-10.65,-5.42
2026-07-13 01:00:00,lunes,-19.76,-41.07,-43.43,-35.64,-12.41,-8.2,0.0,-24.01,-23.03,-17.14,12.62,-11.39,-6.48
2026-07-13 02:00:00,lunes,-19.76,-41.14,-43.37,-35.45,-11.42,-8.11,0.0,-20.55,-23.27,-16.93,15.79,-9.45,-5.91
2026-07-13 03:00:00,lunes,-19.75,-41.09,-43.33,-35.59,-6.6,-8.15,0.0,-19.16,-18.78,-12.43,16.75,-4.33,-6.18
2026-07-13 04:00:00,lunes,-19.75,-41.14,-43.49,-35.56,-10.7,-8.17,0.0,-19.11,-22.48,-16.15,16.94,-9.11,-6.1
2026-07-13 05:00:00,lunes,-19.75,-41.07,-43.4,-35.41,-8.36,-8.02,0.0,-21.27,-22.14,-16.15,15.16,-6.77,-5.57
2026-07-13 06:00:00,lunes,-19.78,-41.09,-43.41,-34.19,-10.3,-8.14,0.0,-23.8,-21.76,-15.85,12.86,-8.49,-5.29
2026-07-13 07:00:00,lunes,-19.77,-41.12,-43.58,-31.62,-11.14,-8.11,0.0,-26.78,-24.27,-18.45,9.96,-10.3,-5.8
2026-07-13 08:00:00,lunes,-19.71,-41.06,-43.24,-31.17,-6.89,-7.2,0.0,-27.44,-20.52,-14.58,8.97,-5.97,-6.45
2026-07-13 09:00:00,lunes,-19.77,-41.09,-43.02,-30.36,-6.43,-6.95,0.0,-26.4,-21.9,-15.93,10.44,-3.79,-6.33
2026-07-13 10:00:00,lunes,-19.77,-41.09,-43.33,-29.22,-10.76,-7.17,0.0,-26.21,-19.55,-13.58,10.59,-7.79,-6.5
2026-07-13 11:00:00,lunes,-19.76,-41.14,-43.34,-24.95,-4.09,-6.75,0.0,-21.73,-17.31,-11.44,14.65,3.07,-6.0
2026-07-13 12:00:00,lunes,-19.78,-41.11,-43.34,-22.97,-14.32,-6.61,0.0,-21.28,-19.13,-13.01,16.04,-7.19,-5.98
2026-07-13 13:00:00,lunes,-19.74,-41.03,-43.4,-21.64,-18.65,-7.59,0.0,-21.49,-18.17,-11.96,17.84,-13.0,-6.31
2026-07-13 14:00:00,lunes,-19.75,-41.12,-43.35,-22.94,-13.04,-7.63,0.0,-27.95,-17.86,-11.97,11.94,-9.08,-7.27
2026-07-13 15:00:00,lunes,-19.75,-41.13,-43.53,-23.31,-15.25,-7.65,0.0,-14.89,-19.02,-13.18,24.43,-11.37,-7.7
2026-07-13 16:00:00,lunes,-19.77,-41.05,-43.59,-23.84,-14.09,-7.64,0.0,-18.42,-19.55,-13.53,20.53,-11.31,-7.11
2026-07-13 17:00:00,lunes,-19.72,-41.11,-43.62,-26.42,-11.48,-7.16,0.0,-15.66,-21.22,-15.05,23.61,-9.91,-7.64
2026-07-13 18:00:00,lunes,-19.72,-41.09,-43.5,-29.44,-9.32,-7.13,0.0,-23.09,-22.83,-16.56,17.82,-8.7,-7.09
2026-07-13 19:00:00,lunes,-19.72,-41.11,-43.5,-31.31,-9.69,-7.14,0.0,-27.95,-19.28,-13.38,13.24,-9.03,-7.06
2026-07-13 20:00:00,lunes,-19.71,-41.07,-43.48,-29.38,-19.9,-7.43,0.0,-29.36,-23.86,-17.93,11.65,-15.32,-7.58
2026-07-13 21:00:00,lunes,-19.72,-41.14,-43.49,-30.21,-23.18,-8.02,0.0,-29.22,-21.95,-15.89,11.57,-19.75,-7.16
2026-07-13 22:00:00,lunes,-19.69,-41.05,-43.69,-30.31,-22.6,-8.22,0.0,-27.35,-25.24,-19.13,13.24,-19.2,-6.76
2026-07-13 23:00:00,lunes,-19.73,-41.11,-43.49,-28.96,-16.9,-8.18,0.0,-21.38,-17.72,-11.84,20.14,-12.03,-7.39
2026-07-14 00:00:00,martes,-19.72,-41.14,-43.71,-28.74,-11.1,-7.95,0.0,-21.8,-27.14,-21.18,19.3,-6.32,-6.97
2026-07-14 01:00:00,martes,-19.73,-41.04,-43.78,-28.61,-12.66,-7.64,0.0,-23.64,-26.1,-19.91,17.51,-5.88,-6.67
2026-07-14 02:00:00,martes,-19.75,-41.08,-43.6,-29.15,-5.77,-6.49,0.0,-24.71,-25.62,-19.48,16.96,2.45,-6.47
2026-07-14 03:00:00,martes,-19.78,-41.08,-43.3,-29.51,-12.15,-5.06,0.0,-23.64,-25.78,-19.56,17.76,-3.69,-5.48
2026-07-14 04:00:00,martes,-19.77,-41.11,-43.24,-29.71,-14.25,-5.12,0.0,-22.07,-26.24,-20.29,18.43,-6.04,-5.71
2026-07-14 05:00:00,martes,-19.72,-41.12,-43.46,-30.68,-9.27,-5.07,0.0,-26.18,-28.18,-22.13,14.66,-1.87,-6.01
2026-07-14 06:00:00,martes,-19.75,-41.07,-43.34,-31.68,-8.35,-5.97,0.0,-25.75,-26.98,-20.6,15.14,-2.6,-6.42
2026-07-14 07:00:00,martes,-19.77,-41.12,-43.15,-29.93,-7.95,-8.13,0.0,-27.24,-23.84,-17.66,13.35,-1.92,-6.04
2026-07-14 08:00:00,martes,-19.77,-41.04,-43.08,-28.68,-8.8,-8.14,0.0,-24.45,-20.08,-14.2,15.96,-1.38,-7.08
2026-07-14 09:00:00,martes,-19.73,-41.1,-43.1,-28.73,-10.45,-8.15,0.0,-27.3,-23.02,-16.88,13.58,-3.45,-6.94
2026-07-14 10:00:00,martes,-19.72,-41.13,-43.48,-28.89,-10.57,-8.14,0.0,-23.96,-26.37,-20.34,18.33,-3.43,-7.58
2026-07-14 11:00:00,martes,-19.67,-41.12,-43.46,-28.38,-11.0,-8.16,0.0,-27.37,-26.59,-20.62,15.6,-3.16,-7.11
2026-07-14 12:00:00,martes,-19.73,-41.08,-43.43,-28.39,-12.17,-8.1,0.0,-22.76,-26.92,-20.54,21.11,-4.73,-7.5
2026-07-14 13:00:00,martes,-19.72,-41.13,-43.49,-30.27,-12.31,-8.21,0.0,-19.0,-26.34,-20.19,22.64,-6.91,-7.63
2026-07-14 14:00:00,martes,-19.73,-41.04,-43.12,-32.32,-9.84,-7.84,0.0,-21.19,-20.52,-14.63,20.93,-5.18,-7.23
2026-07-14 15:00:00,martes,-19.71,-41.14,-43.13,-33.25,-11.5,-7.58,0.0,-21.04,-20.08,-14.3,22.71,-8.0,-7.93
2026-07-14 16:00:00,martes,-19.72,-41.07,-43.19,-33.74,-18.76,-7.71,0.0,-17.52,-21.88,-16.07,26.23,-15.26,-6.99
2026-07-14 17:00:00,martes,-19.7,-41.09,-43.03,-33.58,-17.57,-7.59,0.0,-12.44,-20.03,-14.17,31.17,-13.81,-7.91
2026-07-14 18:00:00,martes,-19.62,-41.12,-43.22,-33.14,-18.31,-7.72,0.0,-19.48,-22.6,-16.58,21.95,-14.27,-7.72
2026-07-14 19:00:00,martes,-19.69,-41.07,-42.97,-33.29,-14.93,-7.64,0.0,-33.31,-23.73,-17.28,9.21,-10.46,-6.73
2026-07-14 20:00:00,martes,-19.55,-41.1,-43.28,-33.53,-14.16,-7.65,0.0,-35.41,-27.5,-21.28,5.71,-10.34,-7.66
2026-07-14 21:00:00,martes,-19.73,-40.84,-41.81,-32.92,-9.41,-6.56,0.0,-35.26,-29.36,-22.84,5.68,-4.35,-8.41
2026-07-14 22:00:00,martes,-19.68,-40.51,-41.89,-28.12,-5.53,-5.37,0.0,-34.58,-29.96,-23.41,7.9,4.41,-7.39
2026-07-14 23:00:00,martes,-19.72,-40.5,-42.98,-28.76,-14.78,-5.1,0.0,-25.01,-31.11,-24.83,16.24,-6.13,-7.58
2026-07-15 00:00:00,miércoles,-19.46,-40.49,-43.29,-30.05,-10.57,-5.32,0.0,-22.21,-28.13,-22.08,20.59,-3.1,-6.9
2026-07-15 01:00:00,miércoles,-19.2,-40.48,-43.39,-29.86,-7.79,-5.58,0.0,-12.55,-27.04,-21.05,31.78,-0.64,-6.13
2026-07-15 02:00:00,miércoles,-19.14,-40.51,-43.54,-27.15,-3.33,-5.69,0.0,-12.43,-34.34,-28.11,32.19,6.29,-6.42
2026-07-15 03:00:00,miércoles,-19.52,-40.51,-43.25,-30.33,-16.18,-6.09,0.0,-12.89,-31.09,-24.92,32.24,-9.08,-6.1
2026-07-15 04:00:00,miércoles,-19.74,-40.49,-43.82,-32.18,-10.22,-7.62,0.0,-18.33,-38.36,-32.13,26.34,-6.4,-4.02
2026-07-15 05:00:00,miércoles,-19.68,-40.53,-43.59,-33.58,-9.93,-7.64,0.0,-22.04,-37.73,-31.25,23.06,-6.75,-4.3
2026-07-15 06:00:00,miércoles,-19.7,-40.48,-43.58,-33.33,-8.84,-7.66,0.0,-22.52,-34.35,-28.02,22.61,-5.99,-5.92
2026-07-15 07:00:00,miércoles,-19.74,-40.53,-43.73,-33.29,-14.43,-7.61,0.0,-18.09,-40.69,-34.15,27.66,-10.81,-5.95
2026-07-15 08:00:00,miércoles,-19.74,-40.46,-43.54,-32.91,-14.7,-7.69,0.0,-16.2,-37.18,-30.62,29.23,-10.73,-6.05
2026-07-15 09:00:00,miércoles,-19.67,-40.49,-43.44,-33.07,-14.37,-7.64,0.0,-18.56,-30.27,-23.92,26.82,-10.3,-5.95
2026-07-15 10:00:00,miércoles,-19.66,-40.56,-43.46,-31.38,-14.04,-7.66,0.0,-13.51,-30.64,-24.17,32.07,-7.58,-3.97
2026-07-15 11:00:00,miércoles,-19.69,-40.46,-43.27,-31.96,-13.52,-7.62,0.0,-10.05,-27.15,-20.82,35.12,-7.32,-5.71
2026-07-15 12:00:00,miércoles,-19.69,-40.49,-43.17,-31.92,-16.64,-7.64,0.0,-12.97,-24.53,-18.15,31.47,-10.69,-4.87
2026-07-15 13:00:00,miércoles,-19.69,-40.46,-43.14,-30.84,-21.33,-7.64,0.0,-17.16,-26.61,-20.36,25.79,-14.48,-4.87
2026-07-15 14:00:00,miércoles,-19.67,-40.61,-43.38,-30.86,-16.77,-7.65,0.0,-19.21,-24.51,-18.59,24.7,-9.85,-7.09
2026-07-15 15:00:00,miércoles,-19.62,-40.42,-43.3,-32.53,-10.21,-7.65,0.0,-23.05,-27.07,-20.79,22.82,-4.75,-5.63
2026-07-15 16:00:00,miércoles,-19.65,-40.5,-43.2,-31.29,-12.94,-7.66,0.0,-24.88,-24.04,-17.78,18.89,-6.81,-7.07
2026-07-15 17:00:00,miércoles,-19.62,-40.5,-43.15,-33.6,-3.85,-7.64,0.0,-25.8,-23.55,-17.13,16.3,-0.55,-7.01
2026-07-15 18:00:00,miércoles,-19.76,-40.49,-43.02,-33.65,-14.07,-8.04,0.0,-23.5,-20.52,-14.38,20.85,-10.57,-7.18
2026-07-15 19:00:00,miércoles,-19.69,-40.51,-43.28,-31.99,-17.8,-8.14,0.0,-34.88,-25.7,-19.41,8.44,-12.77,-7.1
2026-07-15 20:00:00,miércoles,-19.38,-40.5,-42.61,-32.82,-19.15,-8.18,0.0,-39.02,-22.24,-15.81,2.76,-15.27,-6.43
2026-07-15 21:00:00,miércoles,-19.64,-40.49,-43.08,-33.4,-17.42,-8.11,0.0,-36.93,-18.29,-11.95,2.67,-14.79,-7.61
2026-07-15 22:00:00,miércoles,-19.72,-40.48,-43.33,-33.19,-14.76,-8.18,0.0,-34.04,-23.01,-16.73,6.46,-13.08,-7.84
2026-07-15 23:00:00,miércoles,-19.72,-40.49,-43.44,-32.87,-11.38,-8.15,0.0,-27.51,-23.65,-17.21,13.73,-10.14,-8.08
2026-07-16 00:00:00,jueves,-19.71,-40.55,-43.5,-33.47,-11.75,-8.12,0.0,-21.73,-23.94,-17.47,18.92,-10.74,-8.62
2026-07-16 01:00:00,jueves,-19.71,-40.47,-42.78,-32.99,-8.25,-8.18,0.0,-20.19,-23.65,-17.1,20.96,-6.62,-8.18
2026-07-16 02:00:00,jueves,-19.72,-40.51,-42.34,-33.54,-7.66,-8.15,0.0,-15.72,-25.66,-19.24,25.19,-5.65,-7.65
2026-07-16 03:00:00,jueves,-19.72,-40.5,-42.34,-33.47,-7.54,-8.17,0.0,-16.7,-22.46,-16.36,24.45,-5.02,-6.77
2026-07-16 04:00:00,jueves,-19.7,-40.48,-42.33,-33.1,-10.54,-8.16,0.0,-17.86,-19.12,-13.13,25.33,-8.35,-6.89
2026-07-16 05:00:00,jueves,-19.73,-40.51,-42.35,-33.46,-10.54,-8.12,0.0,-18.77,-21.31,-15.47,26.65,-8.71,-7.56
2026-07-16 06:00:00,jueves,-19.71,-40.53,-42.36,-33.45,-5.64,-8.16,0.0,-20.9,-17.08,-11.14,24.06,-3.77,-5.79
2026-07-16 07:00:00,jueves,-19.72,-40.47,-42.3,-33.54,-5.75,-8.19,0.0,-20.16,-14.61,-8.67,24.05,-3.4,-6.11
2026-07-16 08:00:00,jueves,-19.75,-40.44,-42.28,-33.28,-4.32,-8.16,0.0,-26.58,-18.89,-13.03,16.2,-1.49,-7.42
2026-07-16 09:00:00,jueves,-19.77,-40.55,-42.32,-33.06,-4.12,-8.11,0.0,-24.4,-21.17,-15.14,18.62,-1.17,-8.03
2026-07-16 10:00:00,jueves,-19.75,-40.54,-42.33,-32.42,-9.27,-8.2,0.0,-28.93,-18.65,-12.71,14.91,-5.15,-8.91
2026-07-16 11:00:00,jueves,-19.77,-40.49,-42.33,-33.64,-12.93,-8.49,0.0,-22.61,-22.34,-16.3,22.47,-9.38,-8.86
2026-07-16 12:00:00,jueves,-19.77,-40.5,-42.34,-32.63,-19.59,-8.7,0.0,-22.77,-25.43,-19.44,19.9,-16.25,-7.57
2026-07-16 13:00:00,jueves,-19.75,-40.48,-42.32,-32.9,-15.79,-8.66,0.0,-20.83,-24.78,-18.76,22.23,-12.61,-8.89
2026-07-16 14:00:00,jueves,-19.73,-40.54,-42.39,-34.3,-14.29,-8.67,0.0,-20.69,-25.8,-19.6,22.7,-12.04,-9.01
2026-07-16 15:00:00,jueves,-19.72,-40.51,-42.34,-36.09,-9.2,-8.65,0.0,-20.5,-25.77,-19.81,22.44,-9.02,-9.89
2026-07-16 16:00:00,jueves,-19.71,-40.49,-42.33,-34.8,-14.96,-8.65,0.0,-19.06,-20.31,-14.59,24.28,-12.7,-10.42
2026-07-16 17:00:00,jueves,-19.76,-40.49,-42.32,-33.98,-11.32,-8.67,0.0,-24.38,-24.21,-18.36,19.31,-8.2,-10.72
2026-07-16 18:00:00,jueves,-19.71,-40.24,-42.4,-33.2,-10.85,-8.69,0.0,-23.3,-22.8,-16.9,19.73,-7.13,-9.32
2026-07-16 19:00:00,jueves,-19.67,-40.11,-42.32,-33.07,-11.06,-8.6,0.0,-27.32,-24.32,-18.23,15.9,-7.91,-8.62
2026-07-16 20:00:00,jueves,-19.64,-40.07,-42.31,-33.65,-10.98,-8.68,0.0,-21.3,-22.4,-16.5,21.62,-7.63,-10.9
2026-07-16 21:00:00,jueves,-19.64,-40.12,-42.36,-33.52,-9.3,-8.68,0.0,-25.83,-22.76,-16.88,17.07,-6.29,-9.57
2026-07-16 22:00:00,jueves,-19.72,-40.05,-42.29,-33.43,-9.16,-8.64,0.0,-25.83,-19.96,-13.96,17.59,-6.07,-7.62
2026-07-16 23:00:00,jueves,-19.69,-40.16,-42.4,-33.84,-7.9,-8.66,0.0,-24.64,-14.45,-8.67,18.68,-4.68,-8.41
2026-07-17 00:00:00,viernes,-19.68,-40.11,-42.35,-33.66,-6.99,-8.69,0.0,-29.3,-14.63,-8.9,15.11,-3.01,-6.3
2026-07-17 01:00:00,viernes,-19.71,-40.06,-42.32,-33.77,-11.21,-8.65,0.0,-28.97,-19.06,-13.15,14.34,-6.98,-6.1
2026-07-17 02:00:00,viernes,-19.71,-40.13,-42.37,-34.11,-8.52,-8.62,0.0,-23.74,-17.89,-11.97,19.7,-4.51,-7.29
2026-07-17 03:00:00,viernes,-19.71,-40.12,-42.37,-32.4,-16.52,-8.72,0.0,-27.75,-13.89,-7.93,16.06,-11.72,-7.83
2026-07-17 04:00:00,viernes,-19.73,-40.06,-42.32,-30.5,-15.13,-8.67,0.0,-20.61,-17.07,-11.3,22.75,-11.18,-7.1
2026-07-17 05:00:00,viernes,-19.73,-40.1,-42.35,-32.99,-10.59,-8.61,0.0,-17.58,-14.94,-9.4,25.31,-9.13,-7.24
2026-07-17 06:00:00,viernes,-19.72,-40.16,-42.41,-33.71,-9.94,-8.67,0.0,-20.0,-22.02,-16.44,23.65,-7.32,-7.32
2026-07-17 07:00:00,viernes,-19.72,-40.03,-42.29,-32.3,-11.49,-8.67,0.0,-16.24,-24.48,-18.77,29.01,-8.74,-5.07
2026-07-17 08:00:00,viernes,-19.69,-40.07,-42.29,-30.36,-17.87,-8.65,0.0,-15.21,-19.94,-14.08,30.76,-13.58,-6.07
2026-07-17 09:00:00,viernes,-19.71,-40.13,-36.19,-28.62,-15.18,-8.67,0.0,-17.57,-15.85,-10.0,28.36,-10.36,-2.61
2026-07-17 10:00:00,viernes,-19.68,-40.15,-34.76,-30.17,-9.29,-8.67,0.0,-18.4,-16.62,-10.63,27.49,-8.05,-2.02
2026-07-17 11:00:00,viernes,-19.66,-40.69,-35.6,-31.2,-7.34,-8.68,0.0,-20.75,-15.29,-9.37,23.57,-4.96,-2.74
2026-07-17 12:00:00,viernes,-19.67,-40.7,-38.95,-31.81,-3.23,-8.65,0.0,-23.9,-18.36,-12.24,20.79,0.22,-5.16
2026-07-17 13:00:00,viernes,-19.63,-40.68,-41.08,-33.01,-8.57,-8.65,0.0,-16.84,-24.5,-18.49,28.65,-5.44,-6.29
2026-07-17 14:00:00,viernes,-19.73,-40.75,-41.2,-33.99,-22.56,-8.68,0.0,-21.24,-23.83,-17.92,22.65,-19.82,-7.31
2026-07-17 15:00:00,viernes,-19.7,-40.46,-41.94,-33.15,-11.37,-8.71,0.0,-20.6,-21.48,-15.93,25.62,-8.74,-6.76
2026-07-17 16:00:00,viernes,-19.67,-40.74,-41.78,-32.91,-3.49,-8.67,0.0,-25.22,-23.99,-18.3,20.88,-0.74,-7.56
2026-07-17 17:00:00,viernes,-19.53,-40.68,-41.14,-31.96,-5.14,-8.64,0.0,-23.79,-25.63,-19.64,22.22,-1.04,-7.39
2026-07-17 18:00:00,viernes,-19.73,-40.4,-41.13,-32.97,-9.48,-8.67,0.0,-25.74,-24.66,-18.8,20.57,-5.95,-6.73
2026-07-17 19:00:00,viernes,-19.77,-40.56,-41.14,-33.18,-10.86,-8.67,0.0,-36.17,-25.58,-19.79,9.85,-7.33,-6.86
2026-07-17 20:00:00,viernes,-19.75,-40.63,-41.17,-32.73,-16.89,-8.66,0.0,-39.57,-27.93,-22.01,6.49,-12.9,-6.8
2026-07-17 21:00:00,viernes,-19.76,-40.43,-41.16,-33.64,-21.41,-8.66,0.0,-41.75,-30.06,-23.92,4.02,-18.08,-6.77
2026-07-17 22:00:00,viernes,-19.71,-40.61,-41.2,-33.56,-19.36,-8.68,0.0,-39.09,-33.44,-27.05,6.78,-15.72,-6.98
2026-07-17 23:00:00,viernes,-19.78,-40.57,-41.14,-33.4,-15.39,-8.64,0.0,-32.36,-31.64,-25.4,14.31,-11.93,-7.93
2026-07-18 00:00:00,sábado,-19.75,-40.4,-41.15,-33.43,-17.78,-8.64,0.0,-28.47,-32.38,-26.19,17.8,-13.69,-7.52
2026-07-18 01:00:00,sábado,-19.74,-40.16,-41.14,-33.95,-15.38,-8.69,0.0,-27.77,-26.36,-20.18,18.3,-12.2,-7.12
2026-07-18 02:00:00,sábado,-19.76,-40.4,-41.55,-33.95,-16.51,-8.67,0.0,-27.35,-24.63,-18.89,18.76,-12.91,-7.39
2026-07-18 03:00:00,sábado,-19.74,-40.63,-41.39,-33.78,-15.41,-8.66,0.0,-23.28,-22.95,-17.08,22.79,-11.84,-6.98
2026-07-18 04:00:00,sábado,-19.67,-40.47,-41.28,-33.95,-15.91,-8.68,0.0,-21.89,-24.14,-18.08,24.37,-11.86,-6.76
2026-07-18 05:00:00,sábado,-19.49,-40.56,-42.54,-33.95,-15.67,-8.67,0.0,-21.82,-27.51,-21.38,24.37,-11.59,-7.46
2026-07-18 06:00:00,sábado,-19.75,-40.34,-42.49,-33.68,-13.9,-8.72,0.0,-21.81,-19.22,-13.2,24.3,-10.24,-7.01
2026-07-18 07:00:00,sábado,-19.83,-40.35,-42.37,-32.97,-9.88,-9.2,0.0,-19.67,-15.12,-9.08,26.18,-5.96,-7.3
2026-07-18 08:00:00,sábado,-19.81,-39.5,-42.29,-11.28,-22.74,-9.11,0.0,-23.84,-20.13,-14.35,20.53,2.88,-6.59
2026-07-18 09:00:00,sábado,-19.73,-40.0,-39.39,0.0,-30.13,-9.16,0.0,-18.48,-18.29,-12.54,25.94,7.46,-3.73
2026-07-18 10:00:00,sábado,-19.79,-40.91,-36.98,0.0,-31.58,-9.15,0.0,-17.84,-17.93,-11.95,26.33,6.06,-2.72
2026-07-18 11:00:00,sábado,-19.77,-41.43,-36.94,-5.92,-30.33,-8.97,0.0,-21.0,-16.9,-11.0,22.79,1.71,-3.65
2026-07-18 12:00:00,sábado,-19.78,-41.38,-36.03,-15.71,-29.1,-9.21,0.0,-22.65,-18.33,-12.37,20.11,-6.77,-3.26
2026-07-18 13:00:00,sábado,-19.77,-41.58,-36.75,-23.07,-27.01,-9.17,0.0,-25.3,-30.63,-24.38,18.46,-12.12,-4.42
2026-07-18 14:00:00,sábado,-19.76,-41.55,-37.99,-28.68,-20.93,-9.17,0.0,-24.16,-24.95,-19.14,20.41,-11.58,-5.84
2026-07-18 15:00:00,sábado,-19.73,-42.0,-38.01,-37.86,-13.05,-9.19,0.0,-30.23,-22.66,-16.43,13.67,-13.19,-5.85
2026-07-18 16:00:00,sábado,-19.72,-41.63,-38.33,-35.81,-9.82,-8.55,0.0,-31.16,-17.63,-11.52,12.79,-7.53,-6.02
2026-07-18 17:00:00,sábado,-19.76,-40.94,-39.25,-33.04,-3.82,-7.77,0.0,-26.19,-22.31,-16.16,19.3,1.71,-5.98
2026-07-18 18:00:00,sábado,-19.74,-40.91,-39.23,-32.26,-10.18,-7.65,0.0,-21.36,-19.96,-13.93,24.53,-3.63,-5.82
2026-07-18 19:00:00,sábado,-19.73,-40.83,-39.17,-31.9,-8.48,-7.63,0.0,-23.65,-22.21,-16.25,22.85,-1.35,-5.78
2026-07-18 20:00:00,sábado,-19.75,-40.92,-39.22,-32.68,-7.78,-7.64,0.0,-26.03,-19.31,-13.24,20.02,-1.91,-5.79
2026-07-18 21:00:00,sábado,-19.72,-40.88,-39.2,-31.68,-9.89,-7.61,0.0,-26.55,-16.26,-10.19,18.93,-3.25,-5.53
2026-07-18 22:00:00,sábado,-19.75,-40.9,-39.23,-31.06,-9.8,-7.65,0.0,-26.81,-18.68,-12.54,19.32,-2.33,-5.95
2026-07-18 23:00:00,sábado,-19.76,-40.88,-39.21,-32.64,-6.32,-7.12,0.0,-29.65,-21.47,-15.35,15.19,0.51,-4.84
2026-07-19 00:00:00,domingo,-19.76,-40.85,-39.15,-32.33,-6.35,-7.17,0.0,-24.92,-18.74,-12.79,18.48,0.93,-4.77
2026-07-19 01:00:00,domingo,-19.75,-40.83,-39.23,-33.07,-8.54,-7.11,0.0,-24.55,-15.01,-9.41,19.39,-2.28,-4.83
2026-07-19 02:00:00,domingo,-19.75,-40.72,-39.21,-32.72,-5.29,-7.14,0.0,-28.78,-19.16,-13.25,13.49,1.44,-4.68
2026-07-19 03:00:00,domingo,-19.72,-40.88,-40.13,-32.75,-4.22,-7.14,0.0,-30.48,-13.23,-7.37,11.34,2.2,-4.51
2026-07-19 04:00:00,domingo,-19.81,-40.89,-40.35,-33.15,-4.91,-7.13,0.0,-26.68,-19.52,-13.56,15.06,0.52,-6.22
2026-07-19 05:00:00,domingo,-19.78,-40.88,-42.09,-33.06,-9.9,-7.11,0.0,-26.36,-15.66,-9.72,15.44,-4.16,-6.96
2026-07-19 06:00:00,domingo,-19.8,-40.88,-42.66,-33.05,-9.65,-7.13,0.0,-26.6,-15.43,-9.41,14.83,-3.76,-6.3
2026-07-19 07:00:00,domingo,-19.79,-40.92,-41.84,-32.9,-7.51,-7.16,0.0,-28.72,-10.77,-4.85,13.38,-1.78,-6.79
2026-07-19 08:00:00,domingo,-19.8,-40.83,-40.9,-32.75,-10.57,-7.1,0.0,-25.6,-11.17,-5.59,19.75,-4.73,-6.12
2026-07-19 09:00:00,domingo,-19.78,-41.77,-40.32,-33.98,-10.86,-7.14,0.0,-25.4,-17.14,-11.44,20.35,-6.31,-6.19
2026-07-19 10:00:00,domingo,-19.77,-42.1,-39.98,-37.84,-12.91,-7.13,0.0,-24.13,-16.94,-11.11,21.58,-11.92,-7.23
2026-07-19 11:00:00,domingo,-19.79,-42.18,-39.97,-26.85,-13.9,-7.15,0.0,-27.17,-14.46,-8.49,18.64,-1.36,-7.0
2026-07-19 12:00:00,domingo,-19.72,-42.25,-39.95,-18.94,-15.83,-7.08,0.0,-26.65,-14.32,-8.26,18.03,3.42,-8.0
2026-07-19 13:00:00,domingo,-19.77,-42.31,-39.31,-4.26,-21.45,-7.11,0.0,-30.81,-14.65,-8.77,11.53,11.9,-8.56
2026-07-19 14:00:00,domingo,-19.75,-42.22,-38.03,-3.84,-17.56,-7.14,0.0,-30.79,-18.83,-13.02,12.65,16.78,-5.58
2026-07-19 15:00:00,domingo,-19.76,-42.3,-38.88,-11.08,-16.76,-7.14,0.0,-29.52,-16.36,-10.34,13.47,10.54,-5.98
2026-07-19 16:00:00,domingo,-19.75,-41.35,-40.04,-14.81,-18.58,-7.1,0.0,-29.2,-15.84,-9.66,13.59,5.1,-5.63
2026-07-19 17:00:00,domingo,-19.73,-40.41,-41.75,-23.69,-21.97,-7.11,0.0,-27.11,-15.96,-9.97,15.85,-7.25,-6.9
2026-07-19 18:00:00,domingo,-19.73,-41.1,-39.87,-29.88,-19.73,-7.18,0.0,-27.44,-14.16,-8.72,16.15,-11.23,-6.31
2026-07-19 19:00:00,domingo,-19.77,-40.7,-41.57,-35.1,-14.9,-7.12,0.0,-24.43,-10.46,-4.7,20.99,-10.81,-7.55
2026-07-19 20:00:00,domingo,-19.74,-40.42,-41.85,-38.05,-9.14,-7.12,0.0,-27.96,-10.37,-4.71,15.74,-8.27,-7.02
2026-07-19 21:00:00,domingo,-19.76,-40.52,-41.91,-37.91,-7.77,-7.11,0.0,-28.55,-13.04,-7.47,13.05,-7.25,-7.47
2026-07-19 22:00:00,domingo,-19.77,-40.77,-41.97,-34.01,-11.44,-7.13,0.0,-26.59,-11.32,-5.74,16.46,-7.23,-7.89
2026-07-19 23:00:00,domingo,-19.77,-40.31,-41.88,-32.7,-12.18,-7.13,0.0,-22.58,-11.58,-5.96,22.07,-6.12,-6.41
2026-07-20 00:00:00,lunes,-19.78,-40.84,-41.93,-32.25,-12.41,-7.14,0.0,-22.73,-12.39,-6.68,22.43,-6.02,-7.28
2026-07-20 01:00:00,lunes,-19.78,-41.08,-41.93,-32.86,-13.09,-7.06,0.0,-25.38,-12.14,-6.52,19.63,-7.17,-8.35
2026-07-20 02:00:00,lunes,-19.79,-40.63,-41.93,-32.65,-7.74,-7.22,0.0,-24.86,-12.66,-6.98,20.42,-2.39,-7.16
2026-07-20 03:00:00,lunes,-19.81,-41.12,-41.97,-33.2,-9.99,-7.13,0.0,-20.39,-11.86,-6.41,24.99,-4.19,-6.76
2026-07-20 04:00:00,lunes,-19.82,-41.07,-41.92,-33.09,-9.97,-7.13,0.0,-22.19,-11.78,-6.33,22.81,-4.63,-6.54
2026-07-20 05:00:00,lunes,-19.83,-41.11,-41.96,-34.07,-13.89,-7.14,0.0,-23.32,-15.49,-9.86,21.67,-9.52,-6.8
2026-07-20 06:00:00,lunes,-19.81,-41.08,-41.94,-35.09,-11.18,-7.12,0.0,-22.92,-11.54,-5.87,22.32,-7.62,-6.63
2026-07-20 07:00:00,lunes,-19.83,-41.1,-41.94,-35.18,-7.29,-7.12,0.0,-22.46,-10.88,-5.34,23.03,-3.89,-7.29
2026-07-20 08:00:00,lunes,-19.82,-41.03,-41.89,-34.9,-7.85,-7.14,0.0,-25.2,-13.63,-8.07,20.39,-4.23,-5.83
2026-07-20 09:00:00,lunes,-19.81,-42.32,-37.43,-35.89,-10.65,-7.14,0.0,-24.04,-10.21,-4.56,21.53,-8.52,-4.01
2026-07-20 10:00:00,lunes,-19.79,-42.94,-35.1,-35.89,-12.5,-7.11,0.0,-23.3,-13.88,-8.31,22.53,-9.82,-3.11
2026-07-20 11:00:00,lunes,-19.76,-43.03,-35.64,-35.56,-6.44,-7.11,0.0,-23.3,-21.25,-15.53,20.61,-2.9,-4.3
2026-07-20 12:00:00,lunes,-19.8,-42.94,-35.96,-35.11,-7.0,-7.34,0.0,-25.13,-21.05,-15.03,18.91,-3.02,-4.05
2026-07-20 13:00:00,lunes,-19.79,-42.12,-37.98,-35.63,-16.15,-7.81,0.0,-30.33,-17.09,-11.43,15.2,-12.59,-4.2
2026-07-20 14:00:00,lunes,-19.79,-42.29,-37.65,-34.28,-16.78,-7.97,0.0,-28.91,-18.82,-13.25,16.54,-12.06,-4.57
2026-07-20 15:00:00,lunes,-19.8,-43.13,-36.64,-33.48,-13.87,-8.14,0.0,-26.22,-20.58,-14.67,19.65,-8.89,-4.61
2026-07-20 16:00:00,lunes,-19.78,-41.69,-38.86,-31.05,-17.62,-8.16,0.0,-30.81,-23.1,-17.2,15.01,-10.91,-4.79
2026-07-20 17:00:00,lunes,-19.77,-41.12,-41.78,-31.72,-21.68,-8.11,0.0,-31.68,-19.47,-13.47,13.19,-16.19,-7.21
2026-07-20 18:00:00,lunes,-19.76,-41.14,-41.79,-32.73,-17.5,-8.17,0.0,-33.96,-27.1,-21.06,12.19,-12.51,-6.87
2026-07-20 19:00:00,lunes,-19.79,-40.94,-41.69,-33.5,-17.51,-8.13,0.0,-40.8,-19.13,-13.2,5.58,-13.63,-6.75
2026-07-20 20:00:00,lunes,-19.79,-41.1,-41.75,-35.68,-16.68,-8.13,0.0,-45.2,-16.44,-10.86,1.12,-17.59,-7.03
2026-07-20 21:00:00,lunes,-19.78,-41.11,-41.76,-36.0,-17.82,-8.22,0.0,-41.65,-18.21,-12.64,5.13,-19.06,-5.96
2026-07-20 22:00:00,lunes,-19.73,-41.05,-41.7,-35.86,-18.25,-8.18,0.0,-42.9,-12.53,-6.82,4.43,-18.26,-6.5
2026-07-20 23:00:00,lunes,-19.8,-41.06,-41.77,-35.08,-5.67,-8.84,0.0,-38.86,-19.56,-13.88,8.39,-4.89,-6.89
2026-07-21 00:00:00,martes,-19.78,-41.07,-41.72,-32.39,-5.21,-9.19,0.0,-34.6,-24.4,-18.48,12.16,-2.48,-7.51
2026-07-21 01:00:00,martes,-19.79,-41.09,-42.24,-36.26,-9.53,-9.14,0.0,-31.68,-24.09,-17.98,14.23,-9.21,-8.18
2026-07-21 02:00:00,martes,-19.8,-41.08,-42.58,-36.37,-9.7,-9.17,0.0,-33.57,-27.81,-21.7,12.46,-9.29,-8.9
2026-07-21 03:00:00,martes,-19.77,-41.14,-42.95,-32.45,-4.68,-9.17,0.0,-31.57,-23.89,-17.99,14.27,-0.55,-7.87
2026-07-21 04:00:00,martes,-19.8,-41.07,-42.92,-26.72,-3.9,-9.21,0.0,-31.74,-28.75,-22.55,14.22,6.1,-8.58
2026-07-21 05:00:00,martes,-19.8,-41.11,-42.98,-32.06,-3.37,-9.18,0.0,-27.51,-25.42,-19.1,18.22,0.95,-9.36
2026-07-21 06:00:00,martes,-19.77,-41.1,-42.9,-37.04,-8.51,-9.11,0.0,-29.16,-23.78,-17.3,16.69,-9.59,-8.31
2026-07-21 07:00:00,martes,-19.66,-40.87,-42.77,-36.86,-11.3,-9.23,0.0,-27.13,-24.44,-17.85,18.66,-12.46,-7.74
2026-07-21 08:00:00,martes,-19.8,-40.03,-42.96,-36.94,-13.48,-9.14,0.0,-27.75,-24.53,-18.26,17.9,-14.88,-6.11
2026-07-21 09:00:00,martes,-19.78,-40.76,-42.93,-36.91,-19.19,-9.11,0.0,-27.16,-27.16,-21.01,18.84,-20.62,-7.56
2026-07-21 10:00:00,martes,-19.77,-39.97,-40.96,-36.88,-21.23,-9.21,0.0,-28.74,-36.24,-29.97,15.57,-22.39,-12.93
2026-07-21 11:00:00,martes,-19.6,-40.54,-38.76,-36.66,-20.93,-8.68,0.0,-33.01,-13.96,-7.78,8.37,-21.23,-16.64
2026-07-21 12:00:00,martes,-20.16,-40.09,-39.09,-36.48,-19.19,-8.6,0.0,-32.23,0.0,5.67,9.03,-19.35,-17.93
2026-07-21 13:00:00,martes,-19.53,-39.39,-36.46,-34.01,-10.67,-8.72,0.0,-32.9,0.0,5.47,8.64,-9.45,-15.46
2026-07-21 14:00:00,martes,-19.76,-40.43,-36.47,-35.39,-5.38,-8.58,0.0,-33.36,-6.37,-0.85,8.19,-5.55,-15.88
2026-07-21 15:00:00,martes,-19.83,-40.21,-36.42,-36.64,-4.13,-8.19,0.0,-34.06,-19.85,-14.4,8.0,-4.83,-17.28
2026-07-21 16:00:00,martes,-19.46,-39.35,-33.33,-35.98,-6.22,-8.14,0.0,-39.03,-35.94,-30.01,3.01,-5.7,-14.31
2026-07-21 17:00:00,martes,-19.81,-38.93,-30.65,-37.1,-10.92,-8.12,0.0,-38.98,-39.05,-32.78,3.55,-11.75,-13.09
2026-07-21 18:00:00,martes,-19.76,-39.1,-30.13,-36.76,-15.55,-8.18,0.0,-45.28,-39.38,-33.2,-3.18,-15.87,-12.59
2026-07-21 19:00:00,martes,-19.7,-38.42,-28.4,-34.91,-14.68,-8.36,0.0,-43.81,-39.05,-33.19,-0.98,-13.55,-8.39
2026-07-21 20:00:00,martes,-19.78,-38.13,-27.58,-36.2,-11.76,-8.67,0.0,-45.11,-37.86,-32.06,-1.1,-12.76,-4.93
2026-07-21 21:00:00,martes,-19.78,-38.2,-27.62,-34.88,-15.06,-8.65,0.0,-42.89,-37.36,-31.56,0.58,-14.11,-2.51
2026-07-21 22:00:00,martes,-19.79,-38.13,-29.32,-33.46,-12.07,-8.67,0.0,-37.05,-32.83,-27.09,6.9,-9.46,0.32
2026-07-21 23:00:00,martes,-19.8,-38.19,-32.09,-35.25,-5.89,-8.65,0.0,-31.29,-24.65,-18.86,13.99,-5.22,-2.74
2026-07-22 00:00:00,miércoles,-19.77,-38.12,-32.05,-32.06,-8.24,-8.68,0.0,-25.74,-31.49,-25.39,20.31,-3.86,-2.45
2026-07-22 01:00:00,miércoles,-19.77,-38.17,-32.09,-33.27,-7.93,-8.68,0.0,-28.08,-32.84,-26.42,18.19,-5.12,-2.59
2026-07-22 02:00:00,miércoles,-19.77,-38.15,-32.11,-34.97,-5.5,-8.5,0.0,-32.71,-35.28,-28.82,13.17,-3.4,-1.85
2026-07-22 03:00:00,miércoles,-19.79,-38.15,-28.94,-34.87,-8.39,-8.13,0.0,-32.44,-44.51,-37.84,13.4,-6.18,-10.56
2026-07-22 04:00:00,miércoles,-19.79,-38.13,-27.02,-32.56,-8.44,-8.14,0.0,-23.85,-43.2,-36.75,21.5,-4.26,-9.36
2026-07-22 05:00:00,miércoles,-19.78,-37.82,-27.16,-32.57,-9.45,-8.16,0.0,-19.36,-40.13,-33.61,26.99,-5.36,-10.09
2026-07-22 06:00:00,miércoles,-19.77,-37.86,-27.09,-33.08,-7.4,-8.12,0.0,-21.28,-35.64,-29.18,25.05,-3.89,-11.33
2026-07-22 07:00:00,miércoles,-19.76,-36.69,-27.14,-32.49,-9.17,-8.18,0.0,-21.96,-36.13,-29.55,23.77,-5.79,-11.15
2026-07-22 08:00:00,miércoles,-19.78,-36.94,-26.08,-32.22,-10.97,-8.15,0.0,-23.04,-29.97,-23.63,22.92,-7.25,-11.56
2026-07-22 09:00:00,miércoles,-19.78,-38.2,-25.05,-31.39,-10.78,-8.15,0.0,-33.95,-23.26,-17.48,12.14,-6.12,-12.52
2026-07-22 10:00:00,miércoles,-19.73,-37.56,-20.68,-32.5,-9.71,-8.11,0.0,-31.96,-33.05,-26.88,13.82,-6.42,-8.59
2026-07-22 11:00:00,miércoles,-19.76,-35.41,-20.0,-32.3,-10.69,-7.98,0.0,-28.65,-31.8,-25.51,17.96,-7.73,-6.22
2026-07-22 12:00:00,miércoles,-19.65,-35.69,-18.72,-32.42,-15.19,-7.11,0.0,-22.44,-30.02,-24.05,23.67,-11.58,-7.7
2026-07-22 13:00:00,miércoles,-17.96,-36.13,-17.38,-31.3,-16.67,-7.12,0.0,-23.8,-17.35,-11.6,22.21,-12.03,-2.64
2026-07-22 14:00:00,miércoles,-14.28,-31.0,-18.24,-30.45,-18.38,-7.14,0.0,-23.07,-15.13,-9.23,22.41,-13.68,4.02
2026-07-22 15:00:00,miércoles,-14.87,-27.95,-17.04,-29.2,-21.16,-7.14,0.0,-21.75,-26.61,-20.41,24.2,-15.85,10.67
2026-07-22 16:00:00,miércoles,-16.72,-28.72,-17.44,-24.77,-28.99,-7.11,0.0,-20.53,-14.23,-8.2,25.31,-23.54,13.44
2026-07-22 17:00:00,miércoles,-17.43,-30.36,-11.48,-15.83,-31.93,-7.17,0.0,-21.95,-10.66,-4.8,22.67,-22.27,18.59
2026-07-22 18:00:00,miércoles,-17.43,-30.36,-9.6,0.0,-3.45,-6.93,0.0,-29.43,-19.21,-13.09,16.69,14.56,18.85
2026-07-22 19:00:00,miércoles,-17.65,-31.7,-14.99,0.0,0.0,-7.24,0.0,-38.8,-20.61,-14.63,7.33,13.35,13.26
2026-07-22 20:00:00,miércoles,-18.16,-36.12,-25.17,0.0,0.0,-7.96,0.0,-44.06,-24.34,-18.26,2.12,8.69,0.34
2026-07-22 21:00:00,miércoles,-18.45,-34.94,-25.09,0.0,0.0,-8.3,0.0,-44.46,-11.4,-5.52,1.92,7.88,4.02
2026-07-22 22:00:00,miércoles,-18.45,-36.47,-25.75,0.0,0.0,-7.43,0.0,-50.37,-16.34,-10.39,-4.02,8.61,2.5
2026-07-22 23:00:00,miércoles,-18.45,-37.21,-26.12,0.0,0.0,-8.18,0.0,-41.27,-14.3,-8.29,5.54,7.37,1.22
2026-07-23 00:00:00,jueves,-18.45,-37.53,-14.66,0.0,0.0,-7.64,0.0,-40.24,-12.79,-6.92,6.57,7.37,12.83
2026-07-23 01:00:00,jueves,-18.46,-37.05,-22.17,0.0,0.0,-7.42,0.0,-43.62,-22.79,-16.91,2.69,7.6,6.41
2026-07-23 02:00:00,jueves,-18.45,-37.01,-22.2,0.0,0.0,-7.88,0.0,-39.62,-20.61,-14.61,7.21,6.91,7.53
2026-07-23 03:00:00,jueves,-18.28,-37.38,-22.2,0.0,0.0,-7.17,0.0,-39.47,-14.73,-9.06,7.08,7.43,8.03
2026-07-23 04:00:00,jueves,-18.45,-37.9,-22.22,0.0,0.0,-6.95,0.0,-38.38,-15.88,-10.17,8.25,8.07,7.48
2026-07-23 05:00:00,jueves,-18.65,-37.92,-23.07,0.0,0.0,-6.87,0.0,-40.99,-13.98,-8.07,5.55,8.06,5.27
2026-07-23 06:00:00,jueves,-19.35,-38.32,-24.73,0.0,0.0,-6.57,0.0,-41.68,-18.99,-13.16,1.68,8.9,4.12
2026-07-23 07:00:00,jueves,-19.25,-39.66,-29.13,0.0,0.0,-6.92,0.0,-42.24,-12.62,-6.73,-0.65,8.56,-0.89
2026-07-23 08:00:00,jueves,-19.65,-40.04,-35.19,0.0,0.0,-6.92,0.0,-39.98,-18.03,-12.12,4.42,8.17,-7.27
2026-07-23 09:00:00,jueves,-20.02,-40.15,-35.86,0.0,0.0,-6.47,0.0,-36.76,-20.6,-14.71,7.69,8.45,-7.91
2026-07-23 10:00:00,jueves,-19.92,-40.69,-36.68,0.0,0.0,-6.51,0.0,-37.9,-16.51,-10.65,6.9,8.12,-6.86
2026-07-23 11:00:00,jueves,-20.23,-40.67,-38.22,0.0,0.0,-6.89,0.0,-37.85,-25.21,-19.24,7.18,7.59,-8.84
2026-07-23 12:00:00,jueves,-20.14,-40.75,-38.68,0.0,0.0,-6.99,0.0,-36.9,-24.37,-17.91,8.88,7.73,-9.21
2026-07-23 13:00:00,jueves,-19.87,-40.61,-40.48,0.0,0.0,-7.13,0.0,-39.94,-16.91,-11.06,6.05,7.0,-10.31
2026-07-23 14:00:00,jueves,-19.92,-40.8,-40.66,0.0,0.0,-7.07,0.0,-39.26,-19.23,-13.02,7.28,7.04,-10.25
2026-07-23 15:00:00,jueves,-19.92,-40.63,-40.51,0.0,0.0,-7.11,0.0,-37.98,-21.76,-15.65,8.09,7.13,-8.48
2026-07-23 16:00:00,jueves,-19.93,-40.64,-41.42,0.0,0.0,-7.12,0.0,-36.5,-14.64,-8.47,9.54,7.06,-8.1
2026-07-23 17:00:00,jueves,-19.9,-40.7,-42.45,0.0,0.0,-7.11,0.0,-39.24,-12.12,-6.24,4.66,6.83,-9.13
2026-07-23 18:00:00,jueves,-19.93,-40.73,-41.82,0.0,0.0,-7.17,0.0,-37.45,-12.79,-7.37,6.71,7.48,-9.39
2026-07-23 19:00:00,jueves,-19.9,-40.67,-42.04,0.0,0.0,-7.13,0.0,-40.55,-12.88,-7.4,3.18,8.58,-9.82
2026-07-23 20:00:00,jueves,-19.79,-40.68,-41.92,0.0,0.0,-7.19,0.0,-46.16,-12.76,-7.2,-3.13,8.69,-7.97
2026-07-23 21:00:00,jueves,-19.74,-40.7,-42.05,0.0,0.0,-7.44,0.0,-42.01,-12.83,-7.18,1.57,7.49,-7.19
2026-07-23 22:00:00,jueves,-19.77,-40.63,-41.64,0.0,0.0,-7.55,0.0,-39.43,-12.7,-7.01,4.64,6.85,-7.09
2026-07-23 23:00:00,jueves,-19.72,-40.68,-38.23,0.0,0.0,-7.12,0.0,-35.61,-12.66,-6.79,8.47,7.38,-4.34
2026-07-24 00:00:00,viernes,-19.95,-40.65,-36.03,0.0,0.0,-7.11,0.0,-33.41,-12.74,-6.85,9.66,6.93,-1.32
2026-07-24 01:00:00,viernes,-19.96,-40.7,-36.04,0.0,0.0,-7.15,0.0,-33.5,-13.07,-6.98,9.55,6.38,-1.96
2026-07-24 02:00:00,viernes,-19.91,-40.66,-36.03,0.0,0.0,-7.06,0.0,-33.61,-12.8,-6.72,10.49,6.73,-1.16
2026-07-24 03:00:00,viernes,-19.99,-40.69,-36.04,0.0,0.0,-7.2,0.0,-31.6,-15.87,-9.75,13.0,6.56,-1.37
2026-07-24 04:00:00,viernes,-19.79,-40.67,-36.03,0.0,0.0,-7.13,0.0,-32.47,-19.29,-13.33,13.23,6.87,-0.64
2026-07-24 05:00:00,viernes,-19.93,-40.72,-36.08,0.0,0.0,-7.16,0.0,-31.9,-17.91,-11.66,14.49,8.43,-1.12
2026-07-24 06:00:00,viernes,-19.96,-40.67,-36.02,0.0,0.0,-7.08,0.0,-32.05,-15.22,-9.05,13.99,9.51,-0.68
2026-07-24 07:00:00,viernes,-19.76,-40.72,-36.07,0.0,0.0,-7.18,0.0,-33.28,-17.23,-11.05,12.63,9.18,0.33
2026-07-24 08:00:00,viernes,-19.68,-40.63,-35.99,0.0,0.0,-7.13,0.0,-35.38,-21.56,-15.47,9.77,9.08,0.02
2026-07-24 09:00:00,viernes,-19.85,-40.69,-36.04,0.0,0.0,-7.13,0.0,-37.65,-22.2,-16.11,7.29,8.62,-0.28
2026-07-24 10:00:00,viernes,-19.93,-40.64,-36.09,0.0,0.0,-7.15,0.0,-37.25,-19.24,-13.46,6.44,8.64,-1.05
2026-07-24 11:00:00,viernes,-19.95,-40.7,-42.27,0.0,0.0,-6.87,0.0,-35.18,-15.75,-10.04,8.6,9.76,-6.32
2026-07-24 12:00:00,viernes,-19.8,-40.69,-42.89,0.0,0.0,-6.03,0.0,-38.79,-15.29,-9.4,4.21,11.66,-5.71
2026-07-24 13:00:00,viernes,-19.95,-40.74,-42.83,0.0,0.0,-5.6,0.0,-37.68,-14.18,-8.35,6.4,14.44,-6.11
2026-07-24 14:00:00,viernes,-19.93,-40.65,-42.77,0.0,0.0,-5.59,0.0,-39.0,-15.53,-9.66,6.86,14.79,-5.58
2026-07-24 15:00:00,viernes,-19.82,-40.69,-42.87,0.0,0.0,-5.62,0.0,-36.95,-18.14,-12.19,6.75,15.0,-5.76
2026-07-24 16:00:00,viernes,-20.06,-40.7,-43.25,0.0,0.0,-5.55,0.0,-37.27,-23.41,-17.28,5.93,11.88,-6.31
2026-07-24 17:00:00,viernes,-19.85,-40.73,-43.12,0.0,0.0,-5.41,0.0,-35.47,-22.15,-16.14,7.7,13.95,-6.55
2026-07-24 18:00:00,viernes,-19.87,-40.66,-43.1,0.0,0.0,-4.62,0.0,-37.42,-19.12,-13.22,5.23,17.38,-6.66
2026-07-24 19:00:00,viernes,-19.89,-40.68,-42.77,0.0,0.0,-4.59,0.0,-42.69,-15.83,-9.81,-0.66,21.98,-6.15
2026-07-24 20:00:00,viernes,-19.9,-40.67,-42.86,0.0,0.0,-4.63,0.0,-42.38,-17.41,-11.48,-0.14,24.49,-5.49
2026-07-24 21:00:00,viernes,-19.9,-40.71,-42.9,-4.25,0.0,-6.23,0.0,-34.44,-19.2,-13.3,7.76,20.13,-5.92
2026-07-24 22:00:00,viernes,-19.81,-40.69,-43.07,-12.66,0.0,-8.32,0.0,-36.31,-16.9,-10.75,6.5,7.89,-6.33
2026-07-24 23:00:00,viernes,-19.68,-40.68,-43.13,-16.49,0.0,-7.62,0.0,-40.47,-18.48,-12.54,3.24,3.73,-6.83
2026-07-25 00:00:00,sábado,-19.81,-40.71,-43.04,-10.2,0.0,-4.29,0.0,-38.28,-16.62,-10.66,5.08,17.85,-4.93
2026-07-25 01:00:00,sábado,-19.76,-40.73,-42.99,-6.69,0.0,-0.73,0.0,-43.96,-14.97,-9.07,-0.69,30.17,-5.06
2026-07-25 02:00:00,sábado,-19.79,-40.71,-43.0,-26.04,0.0,-7.17,0.0,-39.51,-17.73,-12.08,4.63,2.0,-5.31
2026-07-25 03:00:00,sábado,-19.85,-40.64,-43.07,-31.58,0.0,-8.11,0.0,-36.13,-19.1,-13.0,9.85,-1.65,-6.19
2026-07-25 04:00:00,sábado,-19.79,-40.71,-43.07,-34.16,0.0,-9.09,0.0,-32.16,-17.17,-11.05,13.98,-1.89,-6.72
2026-07-25 05:00:00,sábado,-19.92,-40.84,-43.06,-33.45,-0.37,-9.17,0.0,-31.21,-18.32,-12.21,14.85,-2.42,-7.29
2026-07-25 06:00:00,sábado,-19.9,-41.16,-43.07,-28.18,-8.23,-9.17,0.0,-33.6,-22.98,-16.73,12.89,-10.42,-7.32
2026-07-25 07:00:00,sábado,-19.9,-41.1,-43.21,-26.26,-11.71,-9.16,0.0,-37.73,-21.9,-15.57,6.97,-13.19,-7.7
2026-07-25 08:00:00,sábado,-19.84,-40.79,-42.85,-24.95,-11.31,-9.16,0.0,-33.8,-20.74,-14.46,11.99,-10.79,-5.96
2026-07-25 09:00:00,sábado,-19.88,-41.03,-42.52,-25.35,-11.92,-9.01,0.0,-37.11,-17.03,-11.05,7.09,-10.21,-6.12
2026-07-25 10:00:00,sábado,-19.88,-41.08,-43.01,-25.46,-19.96,-8.88,0.0,-37.6,-22.1,-16.3,6.53,-14.06,-7.44
2026-07-25 11:00:00,sábado,-19.87,-41.07,-42.87,-26.02,-16.31,-8.86,0.0,-36.5,-20.56,-14.66,7.47,-11.63,-7.11
2026-07-25 12:00:00,sábado,-19.88,-41.08,-42.87,-26.61,-15.18,-8.87,0.0,-35.18,-20.29,-14.03,11.06,-9.49,-6.29
2026-07-25 13:00:00,sábado,-19.87,-41.12,-42.87,-26.88,-12.73,-8.65,0.0,-34.95,-18.5,-12.32,11.25,-5.31,-6.15
2026-07-25 14:00:00,sábado,-19.88,-41.08,-43.06,-26.04,-16.6,-8.68,0.0,-30.79,-18.66,-12.62,15.3,-7.95,-6.62
2026-07-25 15:00:00,sábado,-19.85,-41.11,-43.05,-27.67,-10.18,-8.67,0.0,-36.81,-19.02,-12.88,8.76,-2.76,-5.85
2026-07-25 16:00:00,sábado,-19.86,-41.08,-43.14,-26.9,-12.18,-8.63,0.0,-28.16,-24.31,-18.19,17.11,-3.71,-6.68
2026-07-25 17:00:00,sábado,-19.87,-41.12,-43.19,-26.25,-14.83,-8.66,0.0,-29.87,-20.11,-14.23,15.01,-5.25,-5.91
2026-07-25 18:00:00,sábado,-19.85,-41.14,-43.09,-28.8,-11.04,-8.7,0.0,-31.74,-19.47,-13.69,14.03,-4.2,-5.39
2026-07-25 19:00:00,sábado,-19.86,-41.05,-43.15,-29.2,-12.37,-8.66,0.0,-31.33,-21.99,-16.12,14.76,-5.29,-5.95
2026-07-25 20:00:00,sábado,-19.85,-41.09,-43.08,-29.95,-11.97,-8.65,0.0,-32.28,-19.62,-13.87,13.72,-5.76,-6.11
2026-07-25 21:00:00,sábado,-19.54,-41.1,-43.07,-29.95,-8.78,-8.68,0.0,-32.38,-20.92,-15.13,13.7,-3.0,-5.71
2026-07-25 22:00:00,sábado,-19.71,-41.03,-43.17,-32.44,-11.71,-8.66,0.0,-32.97,-20.74,-14.94,13.43,-8.52,-5.66
2026-07-25 23:00:00,sábado,-19.52,-41.15,-43.26,-34.54,-13.14,-8.66,0.0,-31.72,-22.15,-16.26,14.68,-12.17,-5.46
2026-07-26 00:00:00,domingo,-19.54,-41.07,-43.24,-35.92,-15.39,-8.65,0.0,-30.06,-21.79,-15.92,16.29,-15.98,-5.62
2026-07-26 01:00:00,domingo,-19.26,-41.1,-43.08,-36.06,-12.91,-8.67,0.0,-33.75,-17.11,-11.32,12.5,-12.82,-4.86
2026-07-26 02:00:00,domingo,-19.63,-41.08,-43.04,-35.11,-11.83,-8.6,0.0,-35.48,-18.23,-12.32,10.7,-9.79,-6.24
2026-07-26 03:00:00,domingo,-19.85,-41.07,-42.6,-35.61,-9.64,-8.15,0.0,-39.31,-16.52,-10.66,6.75,-7.61,-6.0
2026-07-26 04:00:00,domingo,-19.86,-41.13,-42.48,-35.82,-8.12,-8.16,0.0,-38.24,-17.32,-11.45,6.95,-6.92,-5.23
2026-07-26 05:00:00,domingo,-19.88,-41.09,-42.45,-35.39,-10.82,-8.16,0.0,-33.14,-18.08,-12.17,12.81,-9.19,-5.83
2026-07-26 06:00:00,domingo,-19.86,-41.04,-42.36,-35.15,-7.78,-8.16,0.0,-33.7,-17.29,-11.23,13.1,-5.46,-5.68
2026-07-26 07:00:00,domingo,-19.78,-41.07,-42.36,-35.66,-6.27,-8.14,0.0,-30.57,-19.3,-13.16,16.02,-4.65,-3.83
2026-07-26 08:00:00,domingo,-18.27,-41.05,-42.33,-35.61,-6.6,-8.15,0.0,-29.03,-20.51,-14.53,17.01,-5.43,-3.12
2026-07-26 09:00:00,domingo,-19.87,-41.09,-42.44,-35.56,-8.13,-7.89,0.0,-28.85,-21.77,-15.7,17.18,-6.78,-5.42
2026-07-26 10:00:00,domingo,-19.85,-41.04,-42.2,-34.74,-13.39,-7.64,0.0,-32.36,-18.36,-12.37,13.39,-10.59,-4.65
2026-07-26 11:00:00,domingo,-19.8,-41.08,-42.33,-35.66,-9.1,-7.65,0.0,-37.29,-17.05,-11.18,8.18,-6.96,-5.21
2026-07-26 12:00:00,domingo,-19.76,-41.1,-42.25,-35.78,-6.45,-7.65,0.0,-35.47,-12.94,-7.05,10.29,-4.15,-4.75
2026-07-26 13:00:00,domingo,-19.84,-41.02,-42.22,-35.66,-8.0,-7.65,0.0,-35.01,-17.29,-11.31,10.78,-5.72,-4.7
2026-07-26 14:00:00,domingo,-19.76,-41.1,-42.18,-35.82,-8.78,-7.63,0.0,-34.77,-15.18,-9.21,10.85,-7.3,-4.97
2026-07-26 15:00:00,domingo,-19.89,-41.05,-41.94,-36.08,-13.2,-7.6,0.0,-31.25,-14.36,-8.42,13.4,-11.72,-4.62
2026-07-26 16:00:00,domingo,-19.86,-41.06,-42.25,-36.05,-16.19,-7.93,0.0,-34.65,-14.74,-8.85,9.88,-14.97,-5.73
2026-07-26 17:00:00,domingo,-19.84,-41.07,-42.37,-37.14,-10.66,-8.69,0.0,-34.0,-16.18,-10.32,10.78,-10.74,-6.13
2026-07-26 18:00:00,domingo,-19.87,-41.12,-42.39,-36.93,-12.65,-8.66,0.0,-39.64,-14.66,-8.87,3.34,-12.79,-4.89
2026-07-26 19:00:00,domingo,-19.87,-41.05,-42.47,-36.96,-9.03,-8.67,0.0,-36.84,-17.97,-12.1,5.77,-10.04,-4.73
2026-07-26 20:00:00,domingo,-19.86,-41.04,-42.06,-36.37,-11.22,-8.65,0.0,-30.55,-13.59,-7.86,14.15,-11.93,-4.71
2026-07-26 21:00:00,domingo,-19.85,-41.08,-41.72,-36.52,-13.76,-8.65,0.0,-35.02,-14.1,-8.41,10.4,-15.11,-4.51
2026-07-26 22:00:00,domingo,-19.86,-41.07,-42.71,-36.66,-11.65,-8.66,0.0,-33.85,-18.39,-12.54,12.2,-12.05,-5.92
2026-07-26 23:00:00,domingo,-19.6,-41.11,-41.71,-36.76,-10.64,-8.66,0.0,-33.59,-18.01,-12.45,12.26,-11.02,-4.36
2026-07-27 00:00:00,lunes,-19.84,-41.06,-40.73,-36.78,-14.53,-8.66,0.0,-29.24,-17.63,-11.94,15.68,-14.66,-3.03
2026-07-27 01:00:00,lunes,-19.82,-41.13,-40.78,-36.0,-13.73,-8.65,0.0,-32.07,-13.66,-7.76,11.33,-13.31,-3.63
2026-07-27 02:00:00,lunes,-19.86,-41.08,-40.75,-36.08,-13.65,-8.66,0.0,-32.09,-16.47,-10.59,10.03,-13.1,-3.92
2026-07-27 03:00:00,lunes,-19.87,-41.1,-40.77,-35.79,-12.01,-8.68,0.0,-31.42,-15.33,-9.43,10.46,-11.41,-3.36
2026-07-27 04:00:00,lunes,-19.86,-41.06,-40.72,-35.68,-11.96,-8.67,0.0,-26.02,-16.29,-10.3,15.93,-11.46,-3.61
2026-07-27 05:00:00,lunes,-19.79,-41.09,-40.75,-34.98,-12.61,-8.67,0.0,-32.94,-16.87,-10.97,9.19,-11.38,-3.39
2026-07-27 06:00:00,lunes,-19.78,-41.06,-40.72,-35.18,-12.67,-8.65,0.0,-31.88,-18.96,-12.89,10.67,-11.29,-3.61
2026-07-27 07:00:00,lunes,-19.85,-41.1,-40.75,-35.32,-9.74,-8.69,0.0,-28.28,-17.52,-11.43,17.54,-8.4,-3.04
2026-07-27 08:00:00,lunes,-19.84,-41.11,-40.79,-35.43,-12.41,-8.65,0.0,-27.21,-17.98,-12.08,18.57,-11.7,-3.16
2026-07-27 09:00:00,lunes,-19.8,-40.98,-40.68,-35.57,-7.14,-8.63,0.0,-22.44,-19.49,-13.61,23.43,-7.6,-4.18
2026-07-27 10:00:00,lunes,-19.68,-41.11,-40.76,-35.38,-9.01,-8.67,0.0,-28.44,-28.25,-22.13,17.64,-9.53,-4.7
2026-07-27 11:00:00,lunes,-19.74,-41.16,-40.9,-35.01,-7.76,-8.68,0.0,-30.25,-29.51,-23.17,15.72,-7.09,-3.78
2026-07-27 12:00:00,lunes,-19.82,-41.09,-41.98,-35.42,-6.36,-8.65,0.0,-27.02,-28.01,-21.93,18.86,-5.77,-4.52
2026-07-27 13:00:00,lunes,-19.84,-41.01,-42.28,-35.53,-9.73,-8.64,0.0,-32.39,-23.46,-17.27,13.2,-7.61,-5.73
2026-07-27 14:00:00,lunes,-19.81,-41.09,-42.11,-36.03,-10.93,-8.67,0.0,-30.19,-19.57,-13.74,15.57,-9.62,-4.18
2026-07-27 15:00:00,lunes,-19.84,-41.02,-42.08,-35.01,-10.65,-8.64,0.0,-34.21,-24.87,-18.83,10.32,-8.74,-4.89
2026-07-27 16:00:00,lunes,-19.83,-41.07,-41.9,-24.66,-5.9,-7.84,0.0,-35.88,-23.98,-18.02,6.98,6.62,-4.65
2026-07-27 17:00:00,lunes,-19.81,-41.14,-42.46,-13.09,-11.83,-7.47,0.0,-35.43,-20.17,-14.55,7.61,13.2,-4.91
2026-07-27 18:00:00,lunes,-19.81,-41.1,-42.47,-30.28,-9.02,-8.12,0.0,-38.4,-17.65,-12.14,5.78,-1.7,-4.48
2026-07-27 19:00:00,lunes,-19.82,-41.1,-42.47,-35.95,-10.0,-8.13,0.0,-37.03,-21.37,-15.61,8.59,-10.0,-4.63
2026-07-27 20:00:00,lunes,-19.83,-41.69,-42.55,-36.09,-12.48,-8.13,0.0,-39.75,-22.73,-16.77,5.73,-12.32,-5.57
2026-07-27 21:00:00,lunes,-19.84,-41.71,-42.75,-36.18,-13.26,-8.16,0.0,-42.64,-23.9,-17.98,2.16,-13.47,-6.19
2026-07-27 22:00:00,lunes,-19.82,-41.63,-42.59,-36.08,-15.67,-8.18,0.0,-36.76,-19.5,-13.77,9.34,-16.18,-5.82
2026-07-27 23:00:00,lunes,-19.82,-41.7,-42.83,-35.61,-15.5,-8.12,0.0,-35.5,-18.83,-13.0,10.61,-15.09,-7.05
2026-07-28 00:00:00,martes,-19.86,-41.62,-42.56,-35.06,-15.7,-8.15,0.0,-35.65,-13.81,-8.04,10.72,-13.58,-6.63
2026-07-28 01:00:00,martes,-19.84,-41.52,-42.33,-35.07,-16.43,-8.12,0.0,-35.06,-15.38,-9.52,11.02,-13.58,-6.18
2026-07-28 02:00:00,martes,-19.84,-41.67,-42.69,-35.13,-14.27,-8.18,0.0,-31.46,-15.84,-9.93,14.64,-11.6,-6.7
2026-07-28 03:00:00,martes,-19.62,-41.65,-42.35,-35.04,-11.58,-8.15,0.0,-30.44,-13.47,-7.66,15.75,-9.04,-6.49
2026-07-28 04:00:00,martes,-19.74,-41.62,-42.31,-35.1,-15.19,-8.15,0.0,-32.49,-13.78,-7.88,13.57,-12.83,-6.61
2026-07-28 05:00:00,martes,-19.8,-41.7,-42.57,-35.17,-16.44,-8.13,0.0,-32.38,-16.6,-10.92,13.55,-14.2,-7.39
2026-07-28 06:00:00,martes,-19.83,-41.66,-42.61,-35.05,-16.2,-8.16,0.0,-32.95,-16.38,-10.91,12.73,-13.76,-7.01
2026-07-28 07:00:00,martes,-19.85,-41.67,-42.37,-34.74,-14.17,-8.16,0.0,-34.32,-16.42,-10.76,11.77,-12.21,-6.68
2026-07-28 08:00:00,martes,-19.86,-41.62,-42.3,-34.11,-16.82,-8.13,0.0,-34.39,-14.9,-9.12,11.61,-14.51,-5.28
2026-07-28 09:00:00,martes,-19.9,-41.58,-42.11,-33.43,-15.97,-8.27,0.0,-34.13,-14.24,-8.63,11.82,-13.23,-6.76
2026-07-28 10:00:00,martes,-19.86,-41.71,-41.36,-32.17,-16.79,-8.63,0.0,-34.5,-16.96,-11.18,11.71,-13.14,-6.52
2026-07-28 11:00:00,martes,-19.86,-41.63,-40.12,-31.19,-11.32,-8.68,0.0,-38.34,-18.41,-12.71,7.66,-6.11,-5.03
2026-07-28 12:00:00,martes,-19.86,-41.66,-40.14,-31.86,-9.64,-8.66,0.0,-37.2,-18.42,-12.7,8.3,-4.86,-3.53
2026-07-28 13:00:00,martes,-19.87,-41.71,-40.17,-32.02,-10.03,-8.63,0.0,-33.2,-22.25,-16.49,12.31,-5.74,-4.4
2026-07-28 14:00:00,martes,-19.85,-41.68,-40.75,-31.94,-7.17,-8.68,0.0,-28.78,-24.97,-19.08,17.09,-3.65,-5.08
2026-07-28 15:00:00,martes,-19.84,-41.67,-41.34,-30.67,-3.07,-8.65,0.0,-30.58,-24.55,-18.43,14.7,1.64,-5.08
2026-07-28 16:00:00,martes,-19.84,-41.66,-41.33,-28.34,-4.78,-8.41,0.0,-31.88,-29.56,-23.38,11.81,2.43,-5.35
2026-07-28 17:00:00,martes,-19.86,-41.72,-41.47,-23.07,-13.55,-8.59,0.0,-26.03,-28.91,-22.83,17.93,-1.37,-5.37
2026-07-28 18:00:00,martes,-19.86,-41.59,-42.79,-31.34,-6.03,-8.63,0.0,-29.16,-23.16,-17.4,15.22,-1.2,-6.22
2026-07-28 19:00:00,martes,-19.85,-41.67,-43.08,-31.62,-13.95,-8.7,0.0,-40.12,-26.18,-20.22,4.95,-10.45,-6.1
2026-07-28 20:00:00,martes,-19.83,-41.65,-42.87,-31.71,-12.23,-8.65,0.0,-42.69,-20.94,-15.23,2.09,-8.48,-5.66
2026-07-28 21:00:00,martes,-19.83,-41.72,-43.03,-31.86,-14.44,-8.63,0.0,-42.29,-24.34,-18.31,0.67,-10.84,-6.47
2026-07-28 22:00:00,martes,-19.85,-41.62,-42.81,-31.91,-12.1,-8.43,0.0,-38.86,-23.6,-17.78,4.97,-8.21,-4.31
2026-07-28 23:00:00,martes,-19.88,-41.62,-43.1,-32.01,-11.53,-8.18,0.0,-30.89,-21.21,-15.66,14.3,-6.62,-5.4
2026-07-29 00:00:00,miércoles,-19.84,-41.64,-42.98,-31.81,-17.18,-8.12,0.0,-25.22,-19.14,-13.56,19.9,-11.12,-5.78
2026-07-29 01:00:00,miércoles,-19.86,-41.72,-42.84,-31.92,-19.33,-8.15,0.0,-22.9,-20.16,-14.36,22.2,-12.97,-6.5
2026-07-29 02:00:00,miércoles,-19.86,-41.66,-42.76,-31.91,-18.29,-8.14,0.0,-26.34,-21.98,-16.28,18.97,-12.43,-5.15
2026-07-29 03:00:00,miércoles,-19.88,-41.7,-42.63,-31.77,-12.69,-8.15,0.0,-24.38,-20.96,-15.44,21.11,-6.32,-4.7
2026-07-29 04:00:00,miércoles,-19.88,-41.66,-42.45,-29.73,-16.23,-8.15,0.0,-26.04,-13.04,-7.54,19.42,-8.48,-5.64
2026-07-29 05:00:00,miércoles,-19.88,-41.67,-42.72,-29.91,-12.98,-8.17,0.0,-25.05,-18.6,-12.84,20.48,-6.13,-6.68
2026-07-29 06:00:00,miércoles,-19.86,-41.72,-42.77,-29.98,-12.48,-8.15,0.0,-23.42,-20.6,-14.84,21.68,-5.91,-5.53
2026-07-29 07:00:00,miércoles,-19.8,-41.7,-42.92,-29.93,-8.64,-8.12,0.0,-23.41,-20.47,-14.9,22.22,-2.32,-4.9
2026-07-29 08:00:00,miércoles,-19.89,-41.7,-43.27,-29.59,-11.08,-8.22,0.0,-24.18,-22.04,-16.41,20.93,-5.32,-5.84
2026-07-29 09:00:00,miércoles,-19.8,-41.61,-43.16,-29.61,-10.31,-8.08,0.0,-19.45,-21.2,-15.44,25.08,-4.41,-6.9
2026-07-29 10:00:00,miércoles,-19.81,-41.77,-43.11,-29.73,-9.61,-8.72,0.0,-22.01,-20.44,-14.63,21.93,-5.11,-6.65
2026-07-29 11:00:00,miércoles,-19.87,-41.61,-42.67,-29.68,-7.14,-9.19,0.0,-26.56,-12.51,-6.62,16.82,-3.55,-8.46
2026-07-29 12:00:00,miércoles,-19.83,-41.51,-42.34,-28.75,-8.81,-9.17,0.0,-24.57,-10.47,-4.7,18.5,-3.42,-8.95
2026-07-29 13:00:00,miércoles,-19.46,-41.75,-42.75,-27.62,-12.03,-9.16,0.0,-32.73,-17.89,-12.12,5.32,-5.6,-10.19
2026-07-29 14:00:00,miércoles,-19.86,-41.68,-42.84,-28.56,-10.5,-9.15,0.0,-36.03,-16.66,-10.84,-3.3,-4.44,-10.32
2026-07-29 15:00:00,miércoles,-19.87,-41.64,-42.79,-32.08,-8.99,-9.2,0.0,-34.16,-15.74,-10.07,-4.43,-6.38,-9.81
2026-07-29 16:00:00,miércoles,-19.78,-41.7,-43.22,-33.16,-9.11,-9.14,0.0,-31.92,-23.17,-17.32,-3.24,-6.66,-8.77
2026-07-29 17:00:00,miércoles,-19.86,-41.76,-42.65,-31.19,-8.58,-9.13,0.0,-21.66,-17.13,-11.52,3.88,-4.46,-8.77
2026-07-29 18:00:00,miércoles,-19.84,-41.66,-43.4,-32.74,-4.57,-8.72,0.0,-26.61,-16.7,-11.18,-0.83,-0.98,-9.79
2026-07-29 19:00:00,miércoles,-19.85,-41.64,-43.2,-32.87,-16.44,-8.66,0.0,-24.64,-12.91,-7.2,1.09,-13.78,-8.91
2026-07-29 20:00:00,miércoles,-19.88,-41.72,-43.31,-31.26,-16.51,-9.1,0.0,-23.32,-13.16,-7.46,3.52,-14.48,-8.77
2026-07-29 21:00:00,miércoles,-19.89,-41.66,-43.29,-30.67,-20.41,-8.63,0.0,-25.46,-14.54,-8.87,1.71,-18.32,-7.86
2026-07-29 22:00:00,miércoles,-19.9,-41.65,-43.16,-28.0,-17.2,-8.66,0.0,-23.79,-13.76,-8.16,5.35,-12.32,-7.97
2026-07-29 23:00:00,miércoles,-19.91,-41.63,-42.8,-28.21,-12.08,-8.64,0.0,-26.77,-11.44,-6.0,5.39,-7.38,-7.28
2026-07-30 00:00:00,jueves,-19.89,-41.66,-42.54,-29.45,-9.8,-8.69,0.0,-29.74,-14.01,-8.57,5.9,-4.66,-7.65
2026-07-30 01:00:00,jueves,-19.89,-42.03,-39.28,-29.69,-8.61,-8.64,0.0,-15.18,-14.2,-8.7,21.39,-2.48,-4.38
2026-07-30 02:00:00,jueves,-19.87,-42.63,-38.03,-29.64,-13.27,-8.65,0.0,-10.46,-14.42,-9.01,27.33,-7.19,-4.44
2026-07-30 03:00:00,jueves,-19.84,-42.59,-38.03,-29.93,-16.94,-8.68,0.0,-14.3,-14.09,-8.41,25.37,-10.9,-5.19
2026-07-30 04:00:00,jueves,-19.79,-42.97,-38.37,-32.34,-13.19,-8.65,0.0,-23.18,-20.97,-15.5,18.6,-10.21,-3.37
2026-07-30 05:00:00,jueves,-19.77,-42.51,-40.48,-30.05,-10.14,-8.68,0.0,-24.21,-13.86,-8.39,18.61,-5.11,-5.07
2026-07-30 06:00:00,jueves,-19.82,-42.45,-40.58,-30.06,-3.13,-8.61,0.0,-21.07,-12.14,-6.52,22.04,1.79,-6.06
2026-07-30 07:00:00,jueves,-19.8,-42.41,-40.54,-28.5,-4.0,-8.6,0.0,-27.9,-12.8,-7.36,16.07,2.46,-4.61
2026-07-30 08:00:00,jueves,-19.78,-42.0,-41.79,-29.49,-3.12,-8.71,0.0,-26.07,-13.65,-8.14,17.89,2.27,-5.38
2026-07-30 09:00:00,jueves,-19.82,-39.54,-42.32,-32.31,-3.09,-8.63,0.0,-26.2,-15.81,-10.31,17.93,-0.9,-4.48
2026-07-30 10:00:00,jueves,-19.77,-42.57,-42.43,-33.72,-3.09,-8.43,0.0,-27.49,-14.94,-9.53,16.31,-1.56,-8.16
2026-07-30 11:00:00,jueves,-19.81,-42.04,-42.34,-35.21,-3.1,-8.16,0.0,-28.32,-24.16,-18.64,15.68,-2.87,-6.33
2026-07-30 12:00:00,jueves,-19.87,-42.5,-42.33,-35.48,-3.1,-8.13,0.0,-24.8,-23.16,-17.55,19.18,-2.99,-7.43
2026-07-30 13:00:00,jueves,-19.86,-42.35,-42.34,-34.96,-7.32,-8.18,0.0,-20.26,-23.99,-18.38,22.34,-6.77,-6.75
2026-07-30 14:00:00,jueves,-19.86,-42.58,-42.36,-36.01,-5.08,-8.14,0.0,-24.66,-28.25,-22.52,16.98,-5.19,-6.78
2026-07-30 15:00:00,jueves,-19.85,-42.3,-42.35,-36.05,-7.07,-8.15,0.0,-23.76,-26.52,-20.68,17.95,-6.57,-6.7
2026-07-30 16:00:00,jueves,-19.84,-42.3,-42.38,-35.94,-9.75,-8.12,0.0,-25.21,-30.47,-24.64,15.36,-9.24,-6.46
2026-07-30 17:00:00,jueves,-19.85,-42.41,-42.39,-36.18,-7.94,-8.5,0.0,-19.25,-20.11,-14.58,22.48,-7.87,-6.97
2026-07-30 18:00:00,jueves,-19.86,-41.01,-42.27,-34.05,-9.05,-8.89,0.0,-15.91,-21.59,-15.92,27.93,-7.3,-5.53
2026-07-30 19:00:00,jueves,-19.84,-41.58,-42.41,-34.06,-7.7,-9.16,0.0,-32.17,-19.05,-13.15,13.05,-7.36,-4.65
2026-07-30 20:00:00,jueves,-19.85,-42.5,-43.36,-33.99,-8.27,-9.21,0.0,-38.45,-20.38,-14.48,6.53,-7.98,-5.76
2026-07-30 21:00:00,jueves,-19.84,-41.63,-43.63,-33.85,-11.84,-9.14,0.0,-41.36,-21.35,-15.63,3.9,-11.51,-6.03
2026-07-30 22:00:00,jueves,-19.84,-42.16,-43.39,-34.32,-18.25,-9.22,0.0,-38.93,-25.12,-19.24,6.33,-18.34,-6.26
2026-07-30 23:00:00,jueves,-19.86,-42.4,-43.26,-34.1,-19.32,-9.14,0.0,-32.5,-22.71,-16.75,12.52,-17.99,-6.1
2026-07-31 00:00:00,viernes,-19.85,-42.24,-43.31,-34.08,-20.81,-9.18,0.0,-25.29,-23.9,-18.09,19.09,-19.48,-6.06
2026-07-31 01:00:00,viernes,-19.96,-42.24,-43.05,-33.8,-23.73,-9.14,0.0,-27.32,-25.63,-19.7,15.76,-22.39,-6.33
2026-07-31 02:00:00,viernes,-19.9,-42.25,-43.0,-30.24,-7.46,-9.2,0.0,-26.58,-25.51,-19.52,16.14,-2.02,-5.88
2026-07-31 03:00:00,viernes,-19.86,-42.62,-42.94,-23.6,-3.13,-9.13,0.0,-33.57,-18.57,-12.73,8.45,7.97,-6.41
2026-07-31 04:00:00,viernes,-19.85,-42.62,-42.9,-13.6,-4.37,-9.22,0.0,-35.21,-21.14,-15.27,7.61,16.31,-5.76
2026-07-31 05:00:00,viernes,-19.85,-42.71,-43.02,-31.33,-17.63,-9.2,0.0,-30.36,-20.33,-14.37,12.55,-14.29,-5.6
2026-07-31 06:00:00,viernes,-19.85,-42.69,-42.99,-33.1,-21.43,-9.17,0.0,-30.5,-20.76,-15.07,12.14,-20.05,-6.49
2026-07-31 07:00:00,viernes,-19.85,-42.61,-42.92,-33.44,-17.37,-9.22,0.0,-30.15,-18.25,-12.7,12.11,-16.33,-6.32
2026-07-31 08:00:00,viernes,-19.85,-42.58,-42.9,-33.72,-15.93,-9.2,0.0,-26.31,-17.58,-11.97,14.8,-14.86,-6.85
2026-07-31 09:00:00,viernes,-19.83,-42.65,-43.01,-33.97,-15.26,-9.13,0.0,-32.67,-16.95,-11.41,8.64,-15.17,-7.63
2026-07-31 10:00:00,viernes,-19.83,-42.52,-42.91,-31.03,-18.09,-9.22,0.0,-31.94,-14.73,-9.13,9.78,-18.89,-6.28
2026-07-31 11:00:00,viernes,-19.84,-42.69,-42.99,-29.77,-12.58,-9.09,0.0,-26.72,-18.17,-12.63,13.88,-15.37,-8.14
2026-07-31 12:00:00,viernes,-19.79,-42.53,-42.91,-27.93,-16.25,-8.71,0.0,-30.58,-18.04,-12.02,10.56,-17.23,-6.2
2026-07-31 13:00:00,viernes,-19.75,-42.7,-43.0,-28.79,-11.91,-8.67,0.0,-31.78,-23.54,-17.76,8.95,-13.7,-5.76
2026-07-31 14:00:00,viernes,-19.85,-42.71,-42.98,-28.04,-10.48,-8.57,0.0,-32.03,-20.83,-15.04,9.54,-12.56,-5.88
2026-07-31 15:00:00,viernes,-19.81,-42.65,-43.05,-26.24,-10.17,-8.4,0.0,-33.35,-21.69,-16.05,7.97,-10.09,-6.97
2026-07-31 16:00:00,viernes,-19.83,-42.63,-43.42,-23.23,-18.17,-8.26,0.0,-34.0,-19.41,-13.93,8.92,-17.34,-6.87
2026-07-31 17:00:00,viernes,-19.76,-42.74,-43.44,-13.63,-27.4,-8.86,0.0,-33.29,-20.32,-14.76,9.77,-19.23,-6.84
2026-07-31 18:00:00,viernes,-19.75,-42.7,-43.24,-12.13,-21.99,-8.88,0.0,-35.21,-20.09,-14.71,7.66,-11.48,-7.15
2026-07-31 19:00:00,viernes,-19.8,-42.62,-43.44,-15.19,-30.53,-9.17,0.0,-41.06,-18.34,-12.92,2.59,-20.14,-6.93
2026-07-31 20:00:00,viernes,-19.82,-42.67,-43.44,-19.82,-23.37,-8.89,0.0,-40.13,-17.65,-12.06,2.93,-13.28,-6.84
2026-07-31 21:00:00,viernes,-19.81,-42.41,-43.14,-23.71,-17.4,-8.6,0.0,-39.21,-20.48,-15.05,3.78,-9.25,-5.7
2026-07-31 22:00:00,viernes,-19.81,-42.46,-43.4,-28.46,-10.84,-8.24,0.0,-41.44,-20.55,-15.11,1.99,-6.49,-6.35
2026-07-31 23:00:00,viernes,-19.81,-42.29,-42.94,-31.16,-13.52,-8.21,0.0,-28.69,-18.45,-12.9,14.39,-11.11,-6.65
2026-08-01 00:00:00,sábado,-19.81,-42.4,-43.07,-33.63,-7.06,-8.45,0.0,-28.66,-16.84,-11.4,13.81,-7.42,-7.37
2026-08-01 01:00:00,sábado,-19.83,-42.69,-42.72,-33.54,-7.22,-9.14,0.0,-27.68,-17.21,-11.75,15.57,-7.52,-6.05
2026-08-01 02:00:00,sábado,-19.83,-42.98,-42.59,-34.84,-7.7,-9.2,0.0,-25.55,-22.52,-16.99,18.74,-9.1,-6.78
2026-08-01 03:00:00,sábado,-19.79,-42.82,-43.24,-34.1,-8.64,-9.19,0.0,-26.98,-17.61,-11.92,18.08,-8.66,-6.65
2026-08-01 04:00:00,sábado,-19.8,-42.94,-43.11,-31.86,-10.43,-9.18,0.0,-28.88,-15.37,-9.94,16.31,-7.99,-7.58
2026-08-01 05:00:00,sábado,-19.81,-43.05,-41.58,-31.65,-6.99,-9.14,0.0,-23.32,-20.8,-15.19,21.37,-4.41,-5.36
2026-08-01 06:00:00,sábado,-19.8,-42.92,-41.64,-31.79,-5.95,-9.16,0.0,-24.0,-17.29,-11.68,21.18,-3.75,-5.92
2026-08-01 07:00:00,sábado,-19.8,-42.91,-41.58,-30.33,-3.83,-9.16,0.0,-20.97,-16.45,-10.75,23.88,0.2,-6.93
2026-08-01 08:00:00,sábado,-19.72,-42.72,-41.57,-28.75,-7.19,-8.83,0.0,-18.91,-16.34,-10.8,26.34,-1.29,-6.53
2026-08-01 09:00:00,sábado,-19.8,-42.87,-41.63,-31.69,-3.74,-8.59,0.0,-26.48,-17.48,-11.99,17.93,-0.91,-6.35
2026-08-01 10:00:00,sábado,-19.84,-43.06,-41.66,-31.92,-7.4,-8.65,0.0,-25.22,-18.55,-12.91,19.28,-4.74,-7.75
2026-08-01 11:00:00,sábado,-19.82,-42.71,-41.6,-33.03,-10.39,-8.66,0.0,-25.46,-18.16,-12.53,19.44,-8.31,-6.19
2026-08-01 12:00:00,sábado,-19.81,-42.69,-41.58,-32.83,-12.4,-8.63,0.0,-25.65,-17.96,-12.51,16.19,-10.04,-6.8
2026-08-01 13:00:00,sábado,-19.83,-42.81,-41.62,-32.8,-9.29,-8.69,0.0,-24.93,-17.88,-12.29,16.03,-7.37,-7.69
2026-08-01 14:00:00,sábado,-19.81,-42.48,-42.44,-32.32,-10.55,-8.71,0.0,-23.83,-10.92,-5.61,17.11,-8.25,-8.02
2026-08-01 15:00:00,sábado,-19.85,-42.32,-42.74,-32.96,-9.53,-8.65,0.0,-23.16,-10.28,-5.01,17.78,-7.88,-8.47
2026-08-01 16:00:00,sábado,-19.87,-42.33,-42.68,-32.59,-6.26,-8.68,0.0,-21.03,-11.49,-6.27,20.25,-4.61,-9.0
2026-08-01 17:00:00,sábado,-19.85,-42.26,-42.8,-32.95,-11.04,-8.65,0.0,-18.69,-11.89,-6.38,22.82,-9.15,-7.25
2026-08-01 18:00:00,sábado,-19.85,-41.05,-42.77,-32.63,-9.1,-8.68,0.0,-21.12,-8.17,-2.95,21.38,-5.52,-5.93
2026-08-01 19:00:00,sábado,-19.9,-42.14,-42.67,-32.73,-9.01,-8.63,0.0,-20.2,-8.33,-3.0,22.49,-4.84,-6.86
2026-08-01 20:00:00,sábado,-19.86,-42.46,-42.78,-33.65,-9.18,-8.66,0.0,-20.15,-16.38,-11.09,24.17,-6.65,-8.23
2026-08-01 21:00:00,sábado,-19.87,-42.46,-42.75,-33.89,-11.64,-8.66,0.0,-20.95,-15.86,-10.32,24.09,-9.12,-8.18
2026-08-01 22:00:00,sábado,-19.79,-42.45,-42.24,-33.79,-8.52,-8.64,0.0,-21.56,-14.5,-9.26,23.42,-6.91,-7.65
2026-08-01 23:00:00,sábado,-19.78,-42.38,-40.98,-33.82,-8.36,-8.63,0.0,-26.54,-13.44,-8.0,15.81,-6.9,-5.83
2026-08-02 00:00:00,domingo,-18.32,-42.18,-40.94,-33.87,-7.9,-8.68,0.0,-25.84,-11.34,-5.86,19.6,-5.99,-3.36
2026-08-02 01:00:00,domingo,0.0,-42.7,-42.98,-34.26,-5.75,-8.66,0.0,-18.97,-18.69,-12.92,26.46,-4.21,12.56
2026-08-02 02:00:00,domingo,0.0,-40.79,-43.76,-33.81,-6.43,-8.67,0.0,-19.15,-32.57,-26.88,26.92,-4.13,14.31
2026-08-02 03:00:00,domingo,0.0,-41.97,-43.84,-33.95,-4.81,-8.66,0.0,-25.31,-28.26,-22.6,20.8,-2.56,12.78
2026-08-02 04:00:00,domingo,-10.68,-42.79,-43.51,-33.42,-8.61,-8.63,0.0,-24.77,-24.13,-18.54,21.03,-5.66,1.03
2026-08-02 05:00:00,domingo,-19.94,-42.68,-41.0,-31.38,-7.88,-8.67,0.0,-25.73,-25.72,-19.68,19.71,-2.84,-6.05
2026-08-02 06:00:00,domingo,-13.73,-38.04,-35.38,-31.63,-9.24,-8.65,0.0,-28.57,-24.85,-19.31,16.93,-4.42,5.24
2026-08-02 07:00:00,domingo,0.0,-7.1,-0.15,-31.64,-9.11,-8.66,0.0,-26.13,0.0,2.92,19.08,-4.21,52.81
2026-08-02 08:00:00,domingo,0.0,0.0,0.0,-31.39,-10.15,-8.69,0.0,-26.95,0.0,2.01,18.06,-4.96,46.85
2026-08-02 09:00:00,domingo,0.0,0.0,0.0,-33.07,-6.89,-8.46,0.0,-24.79,0.0,1.98,19.19,-3.01,41.14
2026-08-02 10:00:00,domingo,0.0,0.0,0.0,-33.23,-18.44,-8.17,0.0,-29.29,0.0,1.95,14.86,-14.07,36.09
2026-08-02 11:00:00,domingo,0.0,0.0,0.0,-32.79,-17.77,-8.14,0.0,-25.69,0.0,3.13,18.89,-12.83,35.43
2026-08-02 12:00:00,domingo,0.0,0.0,0.0,-32.74,-11.59,-8.15,0.0,-23.81,0.0,4.0,20.49,-6.8,36.2
2026-08-02 13:00:00,domingo,0.0,0.0,0.0,-32.77,-7.6,-8.14,0.0,-27.25,0.0,4.39,17.2,-2.97,39.85
2026-08-02 14:00:00,domingo,0.0,0.0,0.0,-32.38,-8.59,-8.16,0.0,-25.41,0.0,4.42,20.05,-3.41,55.63
2026-08-02 15:00:00,domingo,0.0,0.0,-2.51,-32.61,-15.13,-8.15,0.0,-27.73,0.0,4.49,17.84,-10.86,63.22
2026-08-02 16:00:00,domingo,0.0,0.0,-19.96,-34.25,-16.67,-8.38,0.0,-27.1,0.0,4.81,17.67,-14.68,53.02
2026-08-02 17:00:00,domingo,0.0,0.0,-20.73,-34.86,-6.73,-8.64,0.0,-25.78,0.0,5.23,18.99,-5.19,57.07
2026-08-02 18:00:00,domingo,0.0,0.0,-22.06,-34.68,-6.7,-8.69,0.0,-23.89,0.0,5.18,21.37,-5.12,62.38
2026-08-02 19:00:00,domingo,0.0,0.0,-23.79,-34.98,-8.9,-8.66,0.0,-25.77,0.0,5.29,19.63,-7.29,63.3
2026-08-02 20:00:00,domingo,0.0,0.0,-37.15,-35.03,-8.22,-8.68,0.0,-32.92,0.0,5.3,9.98,-6.94,49.24
2026-08-02 21:00:00,domingo,0.0,0.0,-40.62,-34.98,-9.01,-8.66,0.0,-30.17,0.0,5.15,10.66,-6.97,48.68
2026-08-02 22:00:00,domingo,0.0,0.0,-41.61,-35.12,-9.84,-8.66,0.0,-26.26,0.0,5.12,11.18,-7.97,48.1
2026-08-02 23:00:00,domingo,0.0,0.0,-42.62,-34.7,-10.9,-8.66,0.0,-18.85,0.0,5.14,19.14,-8.37,47.92
2026-08-03 00:00:00,lunes,0.0,0.0,-43.49,-34.97,-9.1,-8.69,0.0,-21.22,0.0,5.04,18.21,-6.79,44.43
2026-08-03 01:00:00,lunes,0.0,0.0,-43.32,-34.98,-11.41,-8.63,0.0,-18.17,0.0,4.97,22.59,-9.6,45.24
2026-08-03 02:00:00,lunes,0.0,0.0,-42.72,-34.95,-11.08,-8.62,0.0,-15.72,0.0,4.77,25.51,-8.96,47.83
2026-08-03 03:00:00,lunes,0.0,-1.38,-43.16,-34.73,-15.11,-8.63,0.0,-16.02,0.0,4.71,24.72,-12.61,47.69
2026-08-03 04:00:00,lunes,0.0,-23.53,-41.42,-34.92,-16.58,-8.69,0.0,-14.94,0.0,4.69,28.55,-14.35,27.71
2026-08-03 05:00:00,lunes,0.0,-39.62,-36.58,-35.17,-14.48,-8.67,0.0,-13.75,0.0,4.97,30.21,-12.92,15.33
2026-08-03 06:00:00,lunes,0.0,-39.97,-36.23,-32.07,-18.82,-8.66,0.0,-15.74,0.0,4.92,28.52,-15.03,15.47
2026-08-03 07:00:00,lunes,-2.27,-40.95,-36.23,-31.04,-20.7,-8.68,0.0,-13.8,0.0,4.8,30.56,-15.85,12.83
2026-08-03 08:00:00,lunes,-12.04,-40.46,-38.39,-34.33,-13.73,-8.65,0.0,-18.5,0.0,4.77,25.75,-11.98,3.75
2026-08-03 09:00:00,lunes,-11.93,-41.45,-32.83,-34.6,-13.78,-8.65,0.0,-19.65,0.0,4.7,23.8,-11.85,8.64
2026-08-03 10:00:00,lunes,-11.93,-41.5,-27.06,-34.5,-15.4,-8.76,0.0,-19.41,0.0,4.64,24.04,-12.99,14.64
2026-08-03 11:00:00,lunes,-11.74,-41.5,-30.32,-35.11,-10.85,-8.66,0.0,-18.98,0.0,4.49,26.0,-9.04,12.23
2026-08-03 12:00:00,lunes,-11.21,-41.52,-31.4,-36.18,-14.98,-8.63,0.0,-20.27,0.0,4.47,23.91,-14.57,12.89
2026-08-03 13:00:00,lunes,-11.21,-40.7,-35.74,-36.05,-14.82,-8.64,0.0,-23.64,0.0,4.73,20.0,-13.42,8.68
2026-08-03 14:00:00,lunes,-11.8,-27.46,-34.26,-34.75,-7.0,-8.62,0.0,-19.31,0.0,4.76,22.91,-4.19,22.93
2026-08-03 15:00:00,lunes,-11.92,-41.46,-38.32,-34.53,-5.84,-8.7,0.0,-15.08,0.0,5.12,27.8,-3.23,4.97
2026-08-03 16:00:00,lunes,-16.46,-41.53,-40.05,-34.99,-8.2,-8.66,0.0,-13.98,0.0,5.09,30.32,-6.07,-2.0
2026-08-03 17:00:00,lunes,-19.62,-41.48,-38.18,-35.02,-10.33,-8.68,0.0,-19.19,0.0,5.04,24.33,-8.45,-2.84
2026-08-03 18:00:00,lunes,-19.64,-41.54,-32.01,-35.15,-10.24,-8.62,0.0,-22.12,-0.58,4.62,20.73,-8.28,4.11
2026-08-03 19:00:00,lunes,-19.58,-41.95,-30.44,-34.77,-11.6,-8.68,0.0,-35.09,-5.37,0.17,8.06,-9.64,6.41
2026-08-03 20:00:00,lunes,-19.74,-42.11,-39.39,-35.04,-13.12,-8.69,0.0,-36.61,-5.19,0.53,8.54,-11.51,-2.83
2026-08-03 21:00:00,lunes,-19.77,-42.15,-43.73,-35.04,-13.97,-8.64,0.0,-37.77,-5.87,-0.21,7.98,-12.13,-7.1
2026-08-03 22:00:00,lunes,-19.78,-42.07,-40.38,-34.88,-13.84,-8.64,0.0,-36.67,-9.4,-3.65,9.22,-11.87,-3.79
2026-08-03 23:00:00,lunes,-19.81,-42.03,-39.04,-34.27,-14.67,-8.69,0.0,-37.96,-10.77,-4.83,5.66,-11.82,-1.96
2026-08-04 00:00:00,martes,-19.8,-42.1,-25.09,-34.92,-18.23,-8.62,0.0,-32.2,-10.82,-5.26,11.23,-15.07,12.31
2026-08-04 01:00:00,martes,-19.78,-42.05,-22.56,-35.05,-16.97,-8.66,0.0,-27.9,-10.87,-5.35,16.28,-14.21,15.06
2026-08-04 02:00:00,martes,-19.78,-42.01,-29.18,-35.06,-16.33,-8.67,0.0,-30.68,-10.96,-5.0,13.29,-13.36,8.98
2026-08-04 03:00:00,martes,-19.79,-41.96,-23.93,-35.02,-15.16,-8.67,0.0,-31.15,-11.09,-5.36,12.44,-12.51,13.58
2026-08-04 04:00:00,martes,-19.8,-41.95,-31.28,-35.13,-15.51,-8.66,0.0,-24.78,-11.16,-5.57,18.62,-12.82,6.82
2026-08-04 05:00:00,martes,-19.81,-42.09,-39.91,-34.96,-15.06,-8.66,0.0,-25.47,-11.28,-5.91,18.65,-12.33,-3.02
2026-08-04 06:00:00,martes,-18.98,-42.0,-34.09,-35.12,-15.3,-8.65,0.0,-31.59,-11.18,-5.74,12.06,-12.89,2.38
2026-08-04 07:00:00,martes,-19.64,-42.04,-34.12,-35.02,-13.97,-8.63,0.0,-29.88,-11.24,-5.99,13.54,-11.34,3.21
2026-08-04 08:00:00,martes,-19.87,-41.9,-23.21,-34.85,-14.57,-8.69,0.0,-29.66,-11.13,-5.93,13.33,-12.12,14.16
2026-08-04 09:00:00,martes,-19.88,-41.66,-17.95,-34.71,-15.48,-8.63,0.0,-30.12,-10.96,-5.56,12.62,-12.69,18.44
2026-08-04 10:00:00,martes,-19.88,-41.39,-17.64,-34.41,-13.38,-8.68,0.0,-32.85,-10.92,-5.24,10.19,-10.05,18.6
2026-08-04 11:00:00,martes,-19.89,-41.62,-22.14,-34.85,-9.5,-8.66,0.0,-29.5,-11.02,-5.54,13.02,-6.79,13.8
2026-08-04 12:00:00,martes,-19.88,-41.51,-30.76,-34.77,-10.3,-8.65,0.0,-31.71,-11.77,-6.4,9.59,-7.74,7.43
2026-08-04 13:00:00,martes,-19.88,-41.03,-19.46,-35.1,-6.76,-8.66,0.0,-29.68,-11.97,-6.59,12.86,-4.96,19.3
2026-08-04 14:00:00,martes,-19.87,-41.16,-20.71,-34.77,-8.16,-8.69,0.0,-21.23,-12.07,-6.71,22.28,-5.04,16.7
2026-08-04 15:00:00,martes,-19.87,-41.21,-30.69,-34.9,-3.76,-8.65,0.0,-33.98,-12.24,-6.57,10.04,-0.78,7.04
2026-08-04 16:00:00,martes,-19.81,-41.2,-24.16,-34.56,-6.55,-8.68,0.0,-32.47,-12.13,-6.41,12.35,-3.79,14.15
2026-08-04 17:00:00,martes,-19.81,-41.26,-35.83,-35.11,-7.08,-8.62,0.0,-26.72,-12.18,-6.6,18.35,-4.36,2.58
2026-08-04 18:00:00,martes,-19.84,-41.71,-40.33,-35.59,-10.13,-8.67,0.0,-31.51,-10.87,-5.25,13.2,-7.77,-2.58
2026-08-04 19:00:00,martes,-19.91,-42.12,-43.21,-36.01,-10.36,-8.66,0.0,-33.89,-14.02,-8.44,10.69,-9.08,-5.77
2026-08-04 20:00:00,martes,-19.9,-41.98,-42.98,-36.09,-11.01,-8.69,0.0,-39.17,-13.78,-8.17,5.27,-10.44,-5.79
2026-08-04 21:00:00,martes,-19.91,-42.04,-42.41,-35.96,-11.54,-8.64,0.0,-35.24,-11.02,-5.53,9.54,-11.3,-5.6
2026-08-04 22:00:00,martes,-19.94,-42.06,-42.57,-36.09,-14.67,-8.67,0.0,-41.01,-15.07,-9.48,4.34,-14.55,-3.85
2026-08-04 23:00:00,martes,-19.91,-42.04,-42.89,-35.93,-12.79,-8.67,0.0,-34.33,-10.19,-4.5,11.63,-11.85,-5.35
2026-08-05 00:00:00,miércoles,-19.92,-42.06,-42.91,-36.08,-16.79,-8.62,0.0,-22.99,-12.92,-7.38,22.18,-15.35,-5.31
2026-08-05 01:00:00,miércoles,-19.94,-42.63,-43.06,-36.25,-17.02,-8.68,0.0,-21.26,-14.81,-9.0,23.82,-15.43,-5.69
2026-08-05 02:00:00,miércoles,-19.9,-42.36,-39.16,-36.1,-16.53,-8.69,0.0,-19.84,-11.79,-5.78,25.26,-14.35,-1.24
2026-08-05 03:00:00,miércoles,-19.93,-42.85,-43.02,-36.19,-17.78,-8.6,0.0,-19.75,-14.0,-7.79,25.22,-16.47,-6.54
2026-08-05 04:00:00,miércoles,-19.91,-42.74,-42.95,-36.04,-13.5,-8.68,0.0,-24.44,-13.1,-7.01,20.47,-12.19,-5.37
2026-08-05 05:00:00,miércoles,-19.92,-42.77,-43.01,-36.12,-14.33,-8.64,0.0,-24.67,-13.48,-7.87,20.66,-13.61,-5.24
2026-08-05 06:00:00,miércoles,-19.92,-42.73,-43.0,-36.08,-14.71,-8.64,0.0,-24.68,-13.92,-8.11,20.72,-13.89,-3.97
2026-08-05 07:00:00,miércoles,-19.91,-42.73,-42.99,-36.02,-13.23,-8.66,0.0,-24.73,-12.44,-6.82,20.38,-12.37,-4.07
2026-08-05 08:00:00,miércoles,-19.89,-43.16,-42.98,-35.83,-12.91,-8.67,0.0,-24.87,-15.49,-9.8,19.86,-12.12,-5.26
2026-08-05 09:00:00,miércoles,-19.94,-43.24,-42.98,-36.12,-13.15,-8.64,0.0,-25.54,-14.22,-8.39,19.75,-11.78,-5.77
2026-08-05 10:00:00,miércoles,-19.93,-43.34,-43.0,-36.14,-14.85,-8.68,0.0,-27.42,-16.47,-10.86,17.76,-13.26,-6.52
2026-08-05 11:00:00,miércoles,-19.89,-43.22,-42.95,-35.16,-7.86,-8.64,0.0,-30.06,-17.19,-11.44,14.87,-5.56,-7.06
2026-08-05 12:00:00,miércoles,-19.93,-43.15,-43.02,-35.78,-9.6,-8.66,0.0,-29.84,-14.1,-8.46,15.01,-7.72,-7.33
2026-08-05 13:00:00,miércoles,-19.93,-43.08,-43.01,-36.06,-8.85,-8.66,0.0,-30.33,-15.89,-10.19,12.73,-6.94,-7.11
2026-08-05 14:00:00,miércoles,-19.93,-43.0,-42.85,-35.97,-6.98,-8.65,0.0,-28.62,-12.76,-7.06,13.17,-4.83,-7.49
2026-08-05 15:00:00,miércoles,-19.96,-42.5,-39.97,-36.03,-3.39,-8.67,0.0,-27.55,-11.39,-5.66,14.43,-1.78,-3.75
2026-08-05 16:00:00,miércoles,-19.94,-42.51,-39.81,-35.99,-4.04,-8.64,0.0,-22.08,-12.49,-6.6,21.59,-2.15,-3.03
2026-08-05 17:00:00,miércoles,-19.89,-42.02,-34.31,-36.13,-4.65,-8.64,0.0,-20.42,-11.5,-5.38,23.77,-2.51,1.77
2026-08-05 18:00:00,miércoles,-19.94,-42.12,-31.3,-35.84,-4.23,-8.64,0.0,-24.22,-15.88,-9.81,19.42,-3.75,4.65
2026-08-05 19:00:00,miércoles,-19.94,-42.35,-36.52,-36.38,-5.97,-8.7,0.0,-37.71,-12.62,-6.65,7.41,-6.43,0.54
2026-08-05 20:00:00,miércoles,-19.91,-42.37,-37.04,-36.53,-10.08,-8.67,0.0,-39.09,-10.86,-5.03,6.52,-10.05,-0.65
2026-08-05 21:00:00,miércoles,-19.94,-42.39,-37.04,-37.06,-10.81,-8.66,0.0,-39.85,-12.45,-6.74,5.77,-11.12,0.08
2026-08-05 22:00:00,miércoles,-19.91,-42.29,-37.0,-37.09,-12.62,-8.64,0.0,-39.54,-9.76,-4.06,6.07,-12.87,-0.46
2026-08-05 23:00:00,miércoles,-19.93,-42.39,-37.1,-36.73,-11.45,-8.66,0.0,-29.73,-14.36,-8.51,15.84,-10.44,-0.57
2026-08-06 00:00:00,jueves,-19.94,-42.34,-36.99,-37.08,-12.56,-8.67,0.0,-24.94,-14.54,-8.93,20.89,-12.03,-0.29
2026-08-06 01:00:00,jueves,-19.93,-42.25,-39.78,-37.13,-9.17,-8.67,0.0,-18.81,-11.47,-6.13,26.74,-9.29,-2.99
2026-08-06 02:00:00,jueves,-19.93,-42.25,-42.39,-37.09,-12.0,-8.64,0.0,-19.48,-14.28,-8.69,25.72,-11.81,-5.62
2026-08-06 03:00:00,jueves,-19.92,-42.5,-42.38,-37.22,-13.72,-8.66,0.0,-18.08,-14.97,-9.32,26.39,-13.84,-4.62
2026-08-06 04:00:00,jueves,-19.93,-42.52,-42.38,-37.01,-16.8,-8.67,0.0,-20.51,-12.36,-6.68,23.99,-16.1,-4.43
2026-08-06 05:00:00,jueves,-19.92,-42.77,-42.27,-37.26,-14.63,-8.66,0.0,-23.09,-9.91,-4.19,21.68,-14.1,-4.46
2026-08-06 06:00:00,jueves,-19.94,-43.0,-37.83,-37.08,-18.25,-8.67,0.0,-22.46,-11.52,-5.79,22.9,-17.07,0.72
2026-08-06 07:00:00,jueves,-19.93,-43.22,-37.64,-37.19,-15.38,-8.67,0.0,-21.32,-12.42,-6.8,22.22,-14.19,-0.08
2026-08-06 08:00:00,jueves,-19.94,-43.09,-37.58,-37.0,-15.69,-8.67,0.0,-23.51,-11.49,-5.82,18.68,-14.54,-0.06
2026-08-06 09:00:00,jueves,-19.93,-42.88,-37.69,-37.19,-15.25,-8.64,0.0,-26.61,-10.35,-4.68,15.82,-14.77,0.63
2026-08-06 10:00:00,jueves,-19.9,-43.14,-38.08,-37.17,-13.17,-8.68,0.0,-25.53,-14.19,-8.62,17.01,-12.16,-1.18
2026-08-06 11:00:00,jueves,-19.93,-43.02,-38.01,-37.04,-13.81,-8.63,0.0,-22.95,-11.05,-5.44,20.18,-12.03,-2.48
2026-08-06 12:00:00,jueves,-19.92,-43.06,-35.94,-36.96,-14.23,-8.69,0.0,-25.52,-12.32,-6.78,17.42,-12.67,1.02
2026-08-06 13:00:00,jueves,-19.93,-43.27,-36.78,-36.99,-15.33,-8.65,0.0,-19.58,-19.14,-13.3,24.65,-13.57,-0.73
2026-08-06 14:00:00,jueves,-19.92,-43.16,-37.35,-36.69,-15.76,-8.66,0.0,-21.64,-18.25,-12.54,23.58,-13.73,-1.85
2026-08-06 15:00:00,jueves,-19.92,-43.14,-39.04,-36.42,-15.24,-8.65,0.0,-25.98,-22.38,-16.48,19.26,-13.34,-2.31
2026-08-06 16:00:00,jueves,-19.89,-43.13,-39.23,-37.03,-17.32,-8.65,0.0,-24.8,-22.84,-16.78,19.86,-16.45,-3.14
2026-08-06 17:00:00,jueves,-19.83,-43.06,-40.82,-37.19,-21.11,-8.63,0.0,-21.59,-27.57,-21.58,22.39,-20.23,-4.37
2026-08-06 18:00:00,jueves,-19.94,-43.01,-40.99,-37.08,-22.56,-8.72,0.0,-26.3,-27.37,-21.29,18.46,-21.05,-3.69
2026-08-06 19:00:00,jueves,-19.93,-43.05,-41.64,-37.2,-18.66,-8.65,0.0,-35.96,-25.3,-19.11,10.29,-17.63,-4.61
2026-08-06 20:00:00,jueves,-19.88,-40.38,-35.03,-37.08,-18.4,-8.67,0.0,-40.14,-45.05,-38.78,4.22,-17.2,-5.31
2026-08-06 21:00:00,jueves,-19.94,-40.13,-31.38,-37.58,-16.89,-8.65,0.0,-33.43,-46.79,-40.77,10.9,-16.95,-3.51
2026-08-06 22:00:00,jueves,-19.78,-40.09,-31.96,-38.01,-13.35,-8.67,0.0,-41.26,-43.84,-37.83,3.29,-13.64,-2.66
2026-08-06 23:00:00,jueves,-19.89,-39.01,-27.4,-37.65,-9.92,-8.65,0.0,-27.99,-53.36,-47.42,16.12,-10.29,-1.02
2026-08-07 00:00:00,viernes,-19.95,-38.2,-27.16,-38.19,-11.03,-8.65,0.0,-19.5,-54.68,-48.55,25.11,-12.3,-4.05
2026-08-07 01:00:00,viernes,-19.95,-38.11,-27.07,-38.05,-10.09,-8.67,0.0,-21.26,-49.4,-43.4,24.02,-10.58,-5.47
2026-08-07 02:00:00,viernes,-19.89,-38.16,-27.12,-38.09,-10.47,-8.66,0.0,-23.73,-46.77,-40.85,21.56,-11.17,-5.39
2026-08-07 03:00:00,viernes,-19.94,-38.16,-27.39,-36.86,-16.38,-8.67,0.0,-24.99,-32.61,-26.81,17.99,-15.86,-6.03
2026-08-07 04:00:00,viernes,-19.94,-38.14,-29.5,-34.46,-17.24,-8.63,0.0,-26.16,-20.18,-14.53,16.51,-14.56,-8.61
2026-08-07 05:00:00,viernes,-19.95,-38.14,-29.5,-34.42,-8.03,-8.66,0.0,-26.24,-18.52,-13.08,16.37,-6.22,-4.58
2026-08-07 06:00:00,viernes,-19.95,-38.17,-29.14,-35.95,-6.52,-8.68,0.0,-28.48,-22.23,-16.63,12.61,-6.0,2.59
2026-08-07 07:00:00,viernes,-19.94,-38.14,-31.05,-37.11,-6.77,-8.66,0.0,-24.08,-31.91,-25.91,16.86,-8.21,1.76
2026-08-07 08:00:00,viernes,-19.4,-38.79,-34.24,-34.43,-10.86,-8.66,0.0,-33.11,-29.23,-23.66,5.75,-9.53,0.94
2026-08-07 09:00:00,viernes,-19.71,-43.34,-37.22,-36.25,-5.82,-8.66,0.0,-27.57,-30.4,-25.14,9.51,-6.25,-6.69
2026-08-07 10:00:00,viernes,-19.29,-43.85,-34.78,-35.38,-5.98,-8.65,0.0,-22.42,-25.69,-20.23,13.5,-4.82,-5.96
2026-08-07 11:00:00,viernes,-16.04,-42.95,-36.08,-32.99,-7.16,-8.68,0.0,-15.0,-19.07,-13.23,18.62,-6.93,-3.75
2026-08-07 12:00:00,viernes,-15.92,-42.63,-35.62,-31.82,-8.78,-8.59,0.0,-24.57,-12.68,-6.7,10.17,-8.03,-2.35
2026-08-07 13:00:00,viernes,-16.14,-42.7,-37.43,-33.35,-5.7,-8.73,0.0,-12.86,-22.66,-16.48,20.7,-2.92,-3.61
2026-08-07 14:00:00,viernes,-16.9,-42.64,-38.29,-35.39,-4.3,-8.64,0.0,-15.57,-18.59,-12.31,17.75,-3.19,-4.41
2026-08-07 15:00:00,viernes,-16.9,-42.65,-38.88,-35.98,-3.08,-8.65,0.0,-17.19,-12.93,-6.59,16.11,-2.33,-5.15
2026-08-07 16:00:00,viernes,-16.22,-42.89,-35.0,-37.55,-4.45,-8.69,0.0,-16.67,-8.81,-2.57,17.42,-6.1,-0.27
2026-08-07 17:00:00,viernes,-15.58,-42.52,-33.95,-37.64,-8.38,-8.65,0.0,-19.8,-5.07,0.98,14.71,-10.23,2.36
2026-08-07 18:00:00,viernes,-14.5,-42.07,-30.3,-37.86,-7.72,-8.66,0.0,-17.38,-7.89,-1.77,16.79,-9.17,9.33
2026-08-07 19:00:00,viernes,-14.27,-41.15,-35.31,-37.79,-12.25,-8.66,0.0,-27.71,-9.92,-3.68,7.8,-12.7,5.47
2026-08-07 20:00:00,viernes,-14.45,-40.49,-41.48,-37.62,-13.67,-8.65,0.0,-28.67,-8.73,-2.46,10.13,-13.55,-0.39
2026-08-07 21:00:00,viernes,-14.73,-41.86,-43.58,-37.91,-12.32,-8.67,0.0,-34.57,-14.79,-8.67,7.67,-13.61,-2.98
2026-08-07 22:00:00,viernes,-17.23,-42.1,-43.72,-37.31,-10.72,-8.66,0.0,-35.79,-20.68,-14.57,7.38,-10.93,-7.3
2026-08-07 23:00:00,viernes,-18.21,-42.13,-43.56,-37.55,-7.52,-8.67,0.0,-29.97,-16.9,-10.84,13.05,-7.96,-6.84
2026-08-08 00:00:00,sábado,-19.94,-42.19,-43.34,-37.73,-4.89,-8.65,0.0,-27.54,-13.7,-7.66,15.12,-5.02,-7.82
2026-08-08 01:00:00,sábado,-19.95,-42.54,-43.28,-37.76,-4.12,-8.64,0.0,-22.67,-17.73,-11.52,20.32,-4.61,-8.76
2026-08-08 02:00:00,sábado,-19.94,-42.29,-43.17,-38.02,-9.23,-8.6,0.0,-19.53,-16.67,-10.46,23.67,-8.44,-7.66
2026-08-08 03:00:00,sábado,-19.94,-42.4,-43.28,-38.09,-10.93,-8.63,0.0,-15.41,-19.42,-13.2,27.83,-10.02,-8.58
2026-08-08 04:00:00,sábado,-19.93,-42.39,-43.18,-38.04,-11.41,-8.69,0.0,-13.68,-16.01,-10.06,29.84,-11.23,-7.2
2026-08-08 05:00:00,sábado,-19.94,-42.45,-43.3,-38.11,-10.32,-8.66,0.0,-21.87,-20.3,-14.21,22.28,-10.69,-7.3
2026-08-08 06:00:00,sábado,-19.94,-42.37,-43.23,-37.86,-11.18,-8.65,0.0,-26.24,-17.64,-11.92,18.32,-10.98,-6.21
2026-08-08 07:00:00,sábado,-19.91,-42.23,-43.11,-38.12,-7.77,-8.65,0.0,-21.99,-14.41,-8.98,22.81,-7.9,-4.96
2026-08-08 08:00:00,sábado,-19.87,-42.22,-43.13,-37.84,-6.88,-8.65,0.0,-19.64,-14.23,-8.65,24.19,-7.54,-5.09
2026-08-08 09:00:00,sábado,-19.7,-42.27,-39.44,-37.96,-6.89,-8.65,0.0,-16.01,-14.15,-8.43,28.44,-8.29,-3.22
2026-08-08 10:00:00,sábado,-19.83,-42.4,-38.75,-38.05,-7.18,-8.69,0.0,-14.47,-15.95,-10.07,30.02,-8.5,-3.25
2026-08-08 11:00:00,sábado,-19.94,-42.58,-38.55,-37.93,-7.49,-8.65,0.0,-18.69,-23.14,-17.22,25.54,-8.22,-1.91
2026-08-08 12:00:00,sábado,-19.94,-42.54,-39.49,-38.1,-12.32,-8.65,0.0,-20.88,-28.18,-22.02,23.4,-12.91,-3.49
2026-08-08 13:00:00,sábado,-19.93,-42.71,-41.66,-38.22,-13.25,-8.7,0.0,-28.59,-21.98,-15.95,14.24,-13.97,-4.61
2026-08-08 14:00:00,sábado,-19.93,-42.91,-42.01,-38.15,-15.19,-8.66,0.0,-33.24,-27.79,-21.73,7.51,-15.68,-6.88
2026-08-08 15:00:00,sábado,-19.93,-42.6,-42.02,-38.08,-16.23,-8.65,0.0,-27.18,-27.01,-20.77,13.25,-16.64,-6.01
2026-08-08 16:00:00,sábado,-19.93,-42.75,-41.98,-38.22,-15.5,-8.67,0.0,-29.58,-27.36,-20.84,10.69,-16.36,-6.09
2026-08-08 17:00:00,sábado,-19.93,-42.72,-41.99,-37.65,-16.86,-8.63,0.0,-23.26,-24.4,-18.3,14.95,-16.95,-6.13
2026-08-08 18:00:00,sábado,-19.84,-41.88,-42.05,-37.91,-13.66,-8.76,0.0,-18.13,-17.71,-12.05,21.18,-14.12,-5.95
2026-08-08 19:00:00,sábado,-19.93,-42.6,-41.96,-37.93,-8.91,-8.66,0.0,-15.41,-15.92,-10.07,25.31,-9.16,-5.78
2026-08-08 20:00:00,sábado,-19.93,-42.53,-42.01,-38.15,-10.01,-8.67,0.0,-28.63,-14.02,-8.01,12.85,-10.77,-5.88
2026-08-08 21:00:00,sábado,-19.93,-42.47,-42.0,-37.58,-12.09,-8.65,0.0,-31.85,-15.7,-9.76,9.29,-12.19,-6.42
2026-08-08 22:00:00,sábado,-19.93,-42.42,-41.87,-36.79,-11.6,-8.65,0.0,-30.88,-12.99,-6.99,10.84,-11.11,-5.65
2026-08-08 23:00:00,sábado,-19.93,-42.62,-41.92,-36.97,-9.6,-8.96,0.0,-24.8,-15.93,-10.08,17.25,-9.27,-6.69
2026-08-09 00:00:00,domingo,-19.93,-42.4,-41.91,-36.87,-8.21,-8.64,0.0,-21.01,-11.25,-5.35,22.91,-7.68,-5.73
2026-08-09 01:00:00,domingo,-19.93,-42.31,-42.8,-37.07,-11.06,-8.59,0.0,-23.09,-10.65,-4.84,19.33,-10.8,-5.25
2026-08-09 02:00:00,domingo,-19.93,-42.31,-41.98,-37.04,-12.1,-8.64,0.0,-22.19,-10.83,-5.09,21.06,-11.9,-4.87
2026-08-09 03:00:00,domingo,-19.93,-42.32,-42.06,-36.94,-11.01,-8.72,0.0,-30.54,-12.01,-6.4,9.75,-10.74,-5.63
2026-08-09 04:00:00,domingo,-19.93,-42.22,-42.17,-36.99,-9.5,-8.67,0.0,-21.96,-10.92,-5.09,15.89,-9.52,-5.96
2026-08-09 05:00:00,domingo,-19.93,-42.09,-42.31,-36.99,-8.85,-8.69,0.0,-11.72,-11.78,-5.62,25.08,-8.64,-5.83
2026-08-09 06:00:00,domingo,-19.93,-42.04,-38.67,-37.05,-11.44,-8.62,0.0,-12.37,-11.66,-5.58,23.88,-10.76,-2.27
2026-08-09 07:00:00,domingo,-19.93,-42.23,-41.49,-36.9,-10.0,-8.68,0.0,-13.87,-14.02,-7.93,22.32,-9.25,-4.75
2026-08-09 08:00:00,domingo,-19.94,-42.34,-41.67,-36.84,-9.01,-8.65,0.0,-13.92,-11.2,-5.37,21.33,-8.5,-5.43
2026-08-09 09:00:00,domingo,-19.94,-42.53,-40.81,-36.44,-10.54,-8.67,0.0,-12.86,-13.87,-8.13,22.45,-10.32,-5.05
2026-08-09 10:00:00,domingo,-19.94,-42.82,-40.38,-36.68,-9.52,-8.66,0.0,-14.01,-14.26,-8.68,22.33,-8.8,-4.72
2026-08-09 11:00:00,domingo,-19.93,-42.98,-38.45,-36.99,-7.12,-8.65,0.0,-11.94,-16.75,-10.88,22.7,-6.32,-3.36
2026-08-09 12:00:00,domingo,-19.94,-43.02,-38.41,-36.96,-13.18,-8.61,0.0,-17.89,-18.11,-12.11,17.37,-12.3,-2.64
2026-08-09 13:00:00,domingo,-19.94,-42.96,-38.43,-36.98,-13.8,-8.68,0.0,-20.4,-13.1,-7.07,14.46,-13.34,-3.63
2026-08-09 14:00:00,domingo,-19.94,-43.1,-38.39,-37.05,-11.29,-8.67,0.0,-24.16,-15.69,-10.09,10.9,-11.06,-2.62
2026-08-09 15:00:00,domingo,-19.86,-43.27,-38.54,-36.91,-11.34,-8.66,0.0,-25.01,-14.6,-8.63,10.77,-10.64,-3.17
2026-08-09 16:00:00,domingo,-19.94,-43.25,-38.78,-37.24,-14.89,-9.08,0.0,-25.73,-16.68,-10.42,9.5,-14.84,-4.01
2026-08-09 17:00:00,domingo,-19.93,-43.12,-39.03,-37.18,-13.76,-9.15,0.0,-28.11,-13.83,-7.72,4.66,-13.85,-3.83
2026-08-09 18:00:00,domingo,-19.94,-43.19,-39.03,-37.11,-13.17,-9.17,0.0,-27.5,-13.05,-7.14,4.99,-12.85,-4.45
2026-08-09 19:00:00,domingo,-19.94,-43.04,-38.99,-36.68,-9.07,-9.18,0.0,-27.15,-12.97,-6.84,5.85,-8.83,-3.06
2026-08-09 20:00:00,domingo,-19.94,-42.9,-39.03,-37.06,-10.34,-9.14,0.0,-23.57,-13.52,-7.37,10.06,-10.52,-3.73
2026-08-09 21:00:00,domingo,-19.94,-42.74,-39.0,-37.0,-11.37,-9.19,0.0,-25.96,-10.97,-5.03,7.35,-11.22,-3.73
2026-08-09 22:00:00,domingo,-19.94,-42.8,-38.96,-36.96,-11.58,-9.19,0.0,-27.37,-13.03,-7.05,6.32,-11.68,-3.87
2026-08-09 23:00:00,domingo,-19.94,-42.4,-38.75,-36.93,-13.08,-9.14,0.0,-26.31,-11.61,-5.55,9.08,-12.78,-3.49
2026-08-10 00:00:00,lunes,-19.94,-42.35,-38.96,-36.99,-10.1,-9.18,0.0,-24.57,-12.01,-6.05,11.35,-9.83,-3.4
2026-08-10 01:00:00,lunes,-19.94,-42.6,-39.0,-36.95,-10.86,-9.13,0.0,-26.34,-16.23,-10.22,11.24,-10.6,-4.27
2026-08-10 02:00:00,lunes,-19.94,-42.66,-39.0,-37.01,-13.11,-9.17,0.0,-23.66,-16.71,-10.57,16.27,-12.39,-3.37
2026-08-10 03:00:00,lunes,-19.94,-42.67,-39.03,-36.85,-10.82,-9.22,0.0,-27.81,-16.06,-10.25,9.39,-10.2,-3.14
2026-08-10 04:00:00,lunes,-19.94,-42.52,-38.96,-36.96,-8.99,-9.17,0.0,-28.92,-14.18,-8.45,8.3,-8.82,-2.39
2026-08-10 05:00:00,lunes,-19.93,-42.6,-39.43,-37.19,-9.6,-9.15,0.0,-14.18,-15.72,-9.78,21.82,-9.53,-3.45
2026-08-10 06:00:00,lunes,-19.93,-42.47,-40.04,-37.09,-9.33,-9.16,0.0,-24.08,-13.85,-8.06,6.05,-9.2,-4.49
2026-08-10 07:00:00,lunes,-19.93,-42.55,-38.93,-36.57,-7.6,-9.13,0.0,-28.81,-13.66,-7.93,-0.04,-7.35,-3.14
2026-08-10 08:00:00,lunes,-19.94,-42.5,-40.54,-36.82,-14.48,-8.6,0.0,-30.5,-18.9,-13.19,-2.14,-14.37,-4.98
2026-08-10 09:00:00,lunes,-19.94,-42.46,-40.44,-36.69,-16.24,-8.65,0.0,-23.97,-16.45,-10.8,2.14,-16.04,-4.66
2026-08-10 10:00:00,lunes,-19.95,-42.51,-40.77,-36.87,-15.72,-8.68,0.0,-21.55,-18.42,-12.77,6.29,-14.99,-4.88
2026-08-10 11:00:00,lunes,-19.94,-42.79,-40.79,-36.87,-14.02,-8.73,0.0,-22.95,-19.83,-14.25,6.46,-13.05,-4.37
2026-08-10 12:00:00,lunes,-19.93,-42.67,-40.81,-36.88,-11.14,-8.62,0.0,-15.93,-19.18,-13.39,13.98,-11.34,-5.0
2026-08-10 13:00:00,lunes,-19.94,-42.54,-40.78,-36.92,-14.87,-8.67,0.0,-14.05,-15.62,-9.87,16.95,-15.01,-4.13
2026-08-10 14:00:00,lunes,-19.94,-42.49,-40.63,-36.97,-14.16,-8.66,0.0,-8.91,-14.3,-8.62,23.37,-14.03,-4.02
2026-08-10 15:00:00,lunes,-19.94,-42.55,-40.78,-36.52,-11.72,-8.65,0.0,-14.29,-15.78,-9.9,15.58,-10.75,-4.44
2026-08-10 16:00:00,lunes,-19.94,-42.53,-40.77,-36.81,-15.56,-8.66,0.0,-22.09,-13.16,-7.34,8.62,-14.98,-5.37
2026-08-10 17:00:00,lunes,-19.93,-42.24,-40.82,-36.65,-16.6,-8.64,0.0,-17.87,-9.51,-3.83,14.87,-15.49,-5.83
2026-08-10 18:00:00,lunes,-19.94,-42.31,-40.77,-36.96,-16.34,-8.67,0.0,-18.02,-14.04,-7.92,16.14,-15.42,-4.6
2026-08-10 19:00:00,lunes,-19.93,-42.12,-40.66,-37.05,-14.27,-8.67,0.0,-23.51,-13.06,-6.98,15.12,-13.47,-3.89
2026-08-10 20:00:00,lunes,-19.92,-42.11,-40.76,-36.53,-13.71,-8.64,0.0,-22.62,-14.3,-8.4,17.32,-12.79,-4.8
2026-08-10 21:00:00,lunes,-19.9,-42.47,-40.79,-36.8,-14.18,-8.68,0.0,-28.15,-10.85,-5.15,11.1,-14.37,-4.49
2026-08-10 22:00:00,lunes,-19.94,-42.53,-40.8,-36.9,-14.03,-8.67,0.0,-29.44,-13.48,-7.94,8.89,-13.83,-3.63
2026-08-10 23:00:00,lunes,-19.94,-42.51,-40.76,-36.65,-11.75,-8.65,0.0,-22.83,-13.89,-8.09,16.32,-10.97,-4.81
2026-08-11 00:00:00,martes,-19.94,-42.39,-40.8,-36.88,-14.26,-8.65,0.0,-17.94,-11.57,-5.78,20.3,-14.04,-4.91
2026-08-11 01:00:00,martes,-19.92,-42.41,-40.76,-36.92,-14.82,-8.64,0.0,-15.57,-13.95,-8.34,20.51,-13.74,-4.85
2026-08-11 02:00:00,martes,-19.68,-42.22,-40.76,-37.13,-14.72,-8.67,0.0,-13.85,-12.06,-6.48,24.46,-13.76,-5.36
2026-08-11 03:00:00,martes,-19.94,-42.07,-39.36,-37.02,-13.45,-8.66,0.0,-15.18,-9.85,-4.07,25.66,-12.54,-3.72
2026-08-11 04:00:00,martes,-19.88,-42.09,-40.19,-36.77,-13.57,-8.66,0.0,-18.37,-13.01,-7.25,22.81,-12.64,-4.19
2026-08-11 05:00:00,martes,-19.95,-41.99,-38.37,-37.07,-14.72,-8.64,0.0,-3.99,-11.24,-5.45,33.56,-13.82,-2.4
2026-08-11 06:00:00,martes,-19.95,-42.11,-39.76,-37.21,-15.25,-8.69,0.0,-2.82,-13.34,-7.33,31.12,-14.64,-2.96
2026-08-11 07:00:00,martes,-19.95,-42.12,-40.48,-36.88,-15.55,-8.64,0.0,-3.88,-15.81,-9.96,30.39,-14.48,-3.36
2026-08-11 08:00:00,martes,-19.84,-42.05,-40.55,-36.83,-15.05,-8.65,0.0,-5.15,-12.86,-7.08,26.44,-13.91,-3.84
2026-08-11 09:00:00,martes,-19.94,-42.18,-39.89,-36.82,-14.15,-8.67,0.0,-8.23,-13.84,-8.09,23.61,-13.27,-3.48
2026-08-11 10:00:00,martes,-19.95,-42.25,-40.77,-36.89,-13.38,-8.66,0.0,-9.31,-13.32,-7.56,21.46,-12.97,-3.77
2026-08-11 11:00:00,martes,-19.94,-42.49,-40.79,-36.6,-14.14,-8.68,0.0,-8.07,-16.77,-10.91,21.77,-13.34,-3.86
2026-08-11 12:00:00,martes,-19.95,-42.65,-40.79,-36.66,-12.56,-8.62,0.0,-13.9,-17.91,-12.2,15.53,-11.71,-2.46
2026-08-11 13:00:00,martes,-19.94,-42.66,-40.83,-36.76,-14.81,-8.63,0.0,-26.03,-14.07,-8.82,3.73,-14.5,-3.83
2026-08-11 14:00:00,martes,-19.75,-42.75,-41.44,-36.94,-11.8,-8.69,0.0,-28.96,-16.12,-10.91,1.16,-11.47,-4.98
2026-08-11 15:00:00,martes,-19.87,-42.6,-41.93,-36.49,-9.9,-8.67,0.0,-21.24,-11.79,-6.43,9.31,-9.23,-4.73
2026-08-11 16:00:00,martes,-19.95,-42.53,-41.18,-36.63,-10.47,-8.64,0.0,-25.55,-13.98,-8.45,4.96,-9.71,-3.93
2026-08-11 17:00:00,martes,-19.92,-42.62,-40.86,-37.13,-7.38,-8.67,0.0,-22.34,-12.29,-6.83,8.94,-7.55,-4.69
2026-08-11 18:00:00,martes,-19.89,-42.78,-40.76,-36.77,-7.45,-8.68,0.0,-17.62,-15.44,-9.91,14.35,-7.18,-4.2
2026-08-11 19:00:00,martes,-19.92,-42.82,-40.82,-37.14,-9.28,-8.63,0.0,-19.73,-16.66,-11.16,12.25,-8.81,-3.44
2026-08-11 20:00:00,martes,-19.94,-42.75,-40.81,-37.15,-10.27,-8.68,0.0,-22.91,-16.57,-10.97,7.39,-9.89,-4.47
2026-08-11 21:00:00,martes,-19.93,-42.03,-40.77,-37.16,-11.48,-8.67,0.0,-26.33,-13.41,-7.89,3.67,-11.2,-3.99
2026-08-11 22:00:00,martes,-19.94,-42.12,-40.82,-37.13,-12.28,-8.65,0.0,-21.36,-15.39,-9.89,9.39,-12.27,-3.8
2026-08-11 23:00:00,martes,-19.94,-42.23,-40.84,-37.19,-13.87,-8.66,0.0,-23.04,-15.81,-10.33,11.73,-13.3,-3.84
2026-08-12 00:00:00,miércoles,-19.93,-42.39,-40.76,-37.08,-14.83,-8.65,0.0,-14.32,-16.65,-11.12,24.22,-13.95,-3.23
2026-08-12 01:00:00,miércoles,-19.95,-42.26,-41.12,-37.09,-13.61,-8.67,0.0,-13.78,-14.49,-8.57,24.59,-12.98,-3.61
2026-08-12 02:00:00,miércoles,-19.94,-42.09,-41.44,-36.93,-10.34,-8.58,0.0,-12.07,-13.82,-8.0,27.05,-9.69,-3.95
2026-08-12 03:00:00,miércoles,-19.92,-42.19,-41.34,-36.99,-11.71,-8.66,0.0,-10.45,-17.89,-12.0,29.03,-11.58,-4.21
2026-08-12 04:00:00,miércoles,-19.79,-41.82,-40.41,-37.06,-11.2,-8.7,0.0,-9.76,-10.3,-4.44,28.37,-12.02,-0.38
2026-08-12 05:00:00,miércoles,-19.94,-42.13,-41.62,-37.24,-10.95,-8.67,0.0,-17.38,-20.92,-14.85,20.72,-12.06,-3.99
2026-08-12 06:00:00,miércoles,-19.94,-42.05,-41.97,-37.04,-12.99,-8.62,0.0,-19.29,-13.32,-7.24,21.21,-13.03,-5.26
2026-08-12 07:00:00,miércoles,-19.94,-42.16,-41.83,-37.07,-13.0,-8.68,0.0,-20.23,-12.95,-7.3,21.81,-12.75,-5.15
2026-08-12 08:00:00,miércoles,-19.95,-42.23,-41.96,-37.06,-14.55,-8.67,0.0,-18.79,-20.44,-14.83,22.74,-14.0,-5.45
2026-08-12 09:00:00,miércoles,-19.95,-42.06,-41.95,-37.22,-15.24,-8.65,0.0,-23.6,-16.57,-10.98,16.82,-14.84,-5.76
2026-08-12 10:00:00,miércoles,-19.95,-42.27,-41.96,-37.03,-15.46,-8.66,0.0,-19.03,-20.56,-14.98,22.44,-14.65,-5.36
2026-08-12 11:00:00,miércoles,-19.95,-42.29,-41.98,-37.16,-12.13,-8.63,0.0,-20.97,-20.45,-14.88,20.97,-11.02,-5.4
2026-08-12 12:00:00,miércoles,-19.93,-42.18,-41.9,-36.54,-11.12,-8.67,0.0,-26.07,-14.46,-8.96,15.47,-10.29,-5.26
2026-08-12 13:00:00,miércoles,-19.95,-42.66,-41.97,-36.33,-7.92,-8.66,0.0,-22.36,-20.38,-15.02,20.1,-7.16,-6.22
2026-08-12 14:00:00,miércoles,-19.94,-43.11,-42.0,-36.66,-7.36,-8.66,0.0,-25.94,-12.18,-7.22,15.26,-6.59,-5.33
2026-08-12 15:00:00,miércoles,-19.94,-42.83,-42.0,-36.53,-10.34,-8.68,0.0,-27.78,-14.68,-9.48,15.1,-9.19,-5.73
2026-08-12 16:00:00,miércoles,-19.93,-42.53,-41.94,-36.73,-9.76,-8.67,0.0,-19.47,-12.0,-7.06,23.17,-8.78,-5.73
2026-08-12 17:00:00,miércoles,-19.93,-42.28,-41.83,-37.0,-10.71,-8.62,0.0,-30.63,-10.57,-5.69,11.92,-9.99,-4.95
2026-08-12 18:00:00,miércoles,-19.94,-42.8,-41.96,-36.41,-13.16,-8.7,0.0,-29.25,-14.69,-9.6,13.01,-12.03,-6.24
2026-08-12 19:00:00,miércoles,-19.93,-42.77,-42.03,-36.56,-14.17,-8.71,0.0,-30.74,-12.27,-7.22,12.46,-14.17,-5.57
2026-08-12 20:00:00,miércoles,-19.95,-42.44,-40.39,-36.5,-19.25,-8.64,0.0,-35.82,-12.32,-7.3,8.06,-19.6,-4.08
2026-08-12 21:00:00,miércoles,-19.94,-42.27,-39.99,-36.41,-17.72,-8.67,0.0,-37.48,-11.31,-6.32,5.44,-18.06,-2.71
2026-08-12 22:00:00,miércoles,-19.95,-42.04,-39.98,-36.55,-18.9,-8.67,0.0,-34.16,-9.7,-4.75,8.76,-19.08,-3.2
2026-08-12 23:00:00,miércoles,-19.82,-42.44,-31.08,-35.55,-21.0,-8.6,0.0,-27.76,-11.51,-6.34,15.12,-19.85,6.4
2026-08-13 00:00:00,jueves,-19.95,-42.27,-30.06,-36.56,-13.6,-8.73,0.0,-21.41,-11.35,-6.32,21.25,-12.78,6.89
2026-08-13 01:00:00,jueves,-19.95,-42.29,-31.53,-36.97,-6.39,-8.67,0.0,-14.62,-8.77,-3.67,27.81,-6.51,4.72
2026-08-13 02:00:00,jueves,-19.93,-42.53,-32.1,-36.62,-12.1,-8.64,0.0,-17.82,-12.46,-7.19,25.42,-12.61,2.74
2026-08-13 03:00:00,jueves,-19.84,-42.39,-32.04,-36.94,-16.63,-8.65,0.0,-20.94,-9.32,-3.94,23.43,-16.06,2.36
2026-08-13 04:00:00,jueves,-19.7,-42.4,-32.06,-37.09,-18.73,-8.64,0.0,-18.57,-12.81,-7.36,25.64,-18.43,2.05
2026-08-13 05:00:00,jueves,-19.95,-42.25,-32.07,-37.11,-18.97,-8.66,0.0,-17.73,-7.95,-2.68,26.18,-18.31,2.26
2026-08-13 06:00:00,jueves,-19.94,-42.36,-32.12,-37.26,-19.03,-8.66,0.0,-20.43,-9.85,-4.59,23.67,-18.65,2.32
2026-08-13 07:00:00,jueves,-19.93,-42.6,-32.06,-37.0,-18.51,-8.56,0.0,-18.55,-14.19,-8.9,26.16,-18.41,2.21
2026-08-13 08:00:00,jueves,-19.84,-42.55,-32.03,-36.66,-15.88,-8.64,0.0,-18.38,-13.89,-8.62,26.39,-16.08,3.06
2026-08-13 09:00:00,jueves,-19.95,-42.46,-34.12,-36.92,-15.59,-8.67,0.0,-23.72,-16.89,-11.84,21.14,-16.25,0.65
2026-08-13 10:00:00,jueves,-19.95,-42.27,-36.22,-36.07,-16.26,-8.66,0.0,-25.2,-13.34,-8.35,19.84,-16.84,-0.84
2026-08-13 11:00:00,jueves,-19.94,-42.73,-36.74,-36.61,-13.98,-8.65,0.0,-28.0,-12.06,-7.12,16.09,-14.89,-1.61
2026-08-13 12:00:00,jueves,-19.93,-42.97,-36.87,-36.29,-14.36,-8.66,0.0,-20.87,-11.53,-6.63,22.53,-15.14,-2.23
2026-08-13 13:00:00,jueves,-19.94,-43.09,-36.8,-36.19,-15.22,-8.6,0.0,-20.29,-15.28,-10.34,24.11,-16.08,-1.52
2026-08-13 14:00:00,jueves,-19.8,-42.9,-36.94,-35.7,-15.19,-8.73,0.0,-23.97,-11.31,-6.31,20.3,-16.19,-2.23
2026-08-13 15:00:00,jueves,-19.87,-42.81,-36.8,-36.01,-12.98,-8.55,0.0,-23.87,-12.41,-7.26,20.69,-14.48,-1.95
2026-08-13 16:00:00,jueves,-19.83,-42.42,-36.41,-35.7,-16.18,-8.69,0.0,-28.86,-11.81,-6.6,15.47,-17.25,-0.03
2026-08-13 17:00:00,jueves,-19.84,-42.29,-34.21,-34.37,-16.47,-8.63,0.0,-24.98,-10.57,-5.7,19.24,-15.75,1.88
2026-08-13 18:00:00,jueves,-19.85,-43.07,-39.92,-35.16,-13.48,-8.65,0.0,-27.55,-13.03,-7.82,16.91,-12.86,-4.18
2026-08-13 19:00:00,jueves,-19.88,-43.27,-41.62,-36.36,-11.11,-8.79,0.0,-40.0,-13.02,-7.75,5.91,-12.35,-4.28
2026-08-13 20:00:00,jueves,-19.89,-43.26,-42.81,-36.91,-12.23,-8.6,0.0,-39.38,-16.64,-11.31,6.22,-12.95,-6.01
2026-08-13 21:00:00,jueves,-19.84,-43.25,-42.81,-36.95,-16.33,-7.85,0.0,-39.87,-17.62,-12.31,5.8,-15.76,-7.96
2026-08-13 22:00:00,jueves,-19.88,-43.3,-42.4,-36.51,-18.21,-7.58,0.0,-38.47,-16.82,-11.34,7.76,-16.49,-7.43
2026-08-13 23:00:00,jueves,-19.92,-43.21,-41.28,-35.92,-17.81,-7.62,0.0,-29.84,-12.88,-7.67,15.85,-15.42,-5.4
2026-08-14 00:00:00,viernes,-19.93,-43.16,-36.9,-36.72,-19.44,-7.59,0.0,-21.97,-11.25,-6.19,22.95,-17.1,-1.07
2026-08-14 01:00:00,viernes,-19.94,-43.04,-36.01,-37.06,-16.22,-7.65,0.0,-20.99,-9.99,-4.89,23.45,-14.8,-0.37
2026-08-14 02:00:00,viernes,-19.95,-43.04,-36.07,-37.27,-18.23,-7.65,0.0,-24.91,-9.91,-4.82,19.42,-17.09,-1.14
2026-08-14 03:00:00,viernes,-19.94,-43.19,-36.01,-36.89,-17.02,-7.97,0.0,-25.97,-12.47,-7.28,18.27,-15.49,-1.89
2026-08-14 04:00:00,viernes,-19.94,-43.24,-36.07,-37.27,-17.36,-8.19,0.0,-24.2,-14.38,-9.05,20.55,-15.99,-1.11
2026-08-14 05:00:00,viernes,-19.94,-43.24,-36.03,-37.06,-14.99,-8.14,0.0,-19.99,-10.2,-4.71,24.76,-13.55,-0.23
2026-08-14 06:00:00,viernes,-19.95,-43.23,-36.1,-37.35,-18.64,-8.14,0.0,-21.65,-10.64,-5.56,23.51,-17.1,0.12
2026-08-14 07:00:00,viernes,-19.95,-43.14,-36.0,-36.64,-14.42,-8.16,0.0,-22.33,-11.76,-6.8,22.49,-12.82,0.24
2026-08-14 08:00:00,viernes,-19.95,-43.01,-36.02,-36.91,-13.83,-8.13,0.0,-15.9,-8.72,-3.71,28.87,-12.99,-1.01
2026-08-14 09:00:00,viernes,-19.95,-43.03,-36.06,-37.07,-15.91,-8.15,0.0,-18.13,-11.47,-6.49,26.88,-14.97,-2.24
2026-08-14 10:00:00,viernes,-19.95,-42.86,-36.03,-37.63,-14.69,-8.15,0.0,-19.78,-9.14,-4.16,25.35,-14.09,-1.56
2026-08-14 11:00:00,viernes,-19.94,-42.89,-37.72,-37.45,-13.08,-8.18,0.0,-18.7,-8.6,-3.62,26.46,-12.39,-3.29
2026-08-14 12:00:00,viernes,-19.95,-42.87,-37.45,-27.43,-23.8,-8.19,0.0,-20.14,-8.34,-3.36,24.37,-12.78,-3.46
2026-08-14 13:00:00,viernes,-19.94,-42.89,-37.26,-27.31,-16.43,-9.15,0.0,-20.86,-8.37,-3.41,22.87,-7.51,-3.83
2026-08-14 14:00:00,viernes,-19.93,-43.05,-37.3,-36.18,-4.45,-8.78,0.0,-19.01,-10.77,-5.76,24.85,-4.27,-3.56
2026-08-14 15:00:00,viernes,-19.69,-43.1,-37.22,-35.83,-14.3,-8.8,0.0,-23.96,-11.64,-6.62,20.87,-15.57,-2.21
2026-08-14 16:00:00,viernes,-19.83,-42.65,-36.74,-33.73,-13.25,-9.21,0.0,-23.12,-5.33,-0.34,21.74,-13.82,-2.9
2026-08-14 17:00:00,viernes,-19.91,-43.23,-33.77,-31.47,-15.16,-9.07,0.0,-24.61,-14.06,-8.99,20.3,-13.76,-0.13
2026-08-14 18:00:00,viernes,-19.93,-43.34,-38.0,-31.59,-10.52,-8.18,0.0,-30.09,-10.29,-4.66,14.97,-9.29,-2.63
2026-08-14 19:00:00,viernes,-19.93,-43.41,-40.2,-30.97,-12.75,-8.16,0.0,-39.22,-18.58,-12.49,6.84,-10.79,-3.93
2026-08-14 20:00:00,viernes,-19.88,-43.5,-40.65,-33.08,-13.04,-8.25,0.0,-37.82,-15.42,-9.53,8.3,-14.33,-5.13
2026-08-14 21:00:00,viernes,-19.94,-43.36,-39.98,-30.14,-14.35,-8.64,0.0,-36.12,-12.89,-7.08,9.64,-13.39,-5.58
2026-08-14 22:00:00,viernes,-19.93,-43.47,-39.74,-30.36,-15.63,-8.64,0.0,-34.15,-14.15,-8.22,12.07,-15.0,-5.4
2026-08-14 23:00:00,viernes,-19.89,-43.43,-39.42,-26.09,-16.65,-8.64,0.0,-21.87,-14.92,-9.13,23.78,-11.71,-5.1
2026-08-15 00:00:00,sábado,-19.93,-43.24,-39.41,-26.47,-8.72,-8.69,0.0,-26.35,-17.93,-12.33,19.16,-3.96,-5.31
2026-08-15 01:00:00,sábado,-19.94,-43.34,-39.48,-28.94,-3.78,-8.65,0.0,-24.0,-17.39,-11.6,21.01,1.76,-6.06
2026-08-15 02:00:00,sábado,-19.93,-43.24,-39.4,-30.39,-3.09,-8.64,0.0,-26.93,-14.66,-9.12,18.67,2.94,-6.38
2026-08-15 03:00:00,sábado,-19.92,-43.26,-39.45,-29.44,-13.24,-8.69,0.0,-24.04,-16.7,-11.3,21.26,-5.55,-5.67
2026-08-15 04:00:00,sábado,-19.92,-42.68,-39.41,-29.38,-10.78,-8.67,0.0,-21.47,-18.16,-12.77,23.67,-3.0,-4.24
2026-08-15 05:00:00,sábado,-19.92,-42.58,-39.41,-29.52,-6.83,-8.64,0.0,-20.26,-13.93,-8.53,24.65,0.51,-4.69
2026-08-15 06:00:00,sábado,-19.92,-42.66,-39.44,-30.61,-7.52,-8.68,0.0,-24.93,-17.52,-12.13,20.66,-0.51,-5.77
2026-08-15 07:00:00,sábado,-19.89,-42.5,-39.39,-30.61,-14.12,-8.63,0.0,-22.85,-16.45,-10.95,22.36,-6.61,-4.0
2026-08-15 08:00:00,sábado,-19.93,-42.2,-39.37,-30.33,-18.07,-8.68,0.0,-25.24,-9.89,-4.43,19.7,-10.28,-4.24
2026-08-15 09:00:00,sábado,-19.94,-42.05,-38.6,-33.85,-17.77,-8.66,0.0,-25.65,-9.45,-4.06,18.86,-14.15,-3.22
2026-08-15 10:00:00,sábado,-19.77,-42.15,-38.17,-34.45,-17.68,-8.63,0.0,-29.86,-12.67,-7.18,14.74,-14.6,-3.39
2026-08-15 11:00:00,sábado,-19.88,-42.16,-38.23,-35.45,-17.67,-8.66,0.0,-25.0,-11.07,-5.54,19.15,-15.43,-3.82
2026-08-15 12:00:00,sábado,-19.84,-42.4,-39.51,-37.56,-13.85,-8.65,0.0,-29.83,-15.81,-10.27,14.5,-13.23,-4.98
2026-08-15 13:00:00,sábado,-19.81,-42.56,-43.17,-37.96,-11.76,-8.68,0.0,-29.62,-17.89,-12.21,14.6,-11.6,-8.81
2026-08-15 14:00:00,sábado,-19.93,-42.69,-43.29,-37.87,-12.37,-8.63,0.0,-30.54,-18.02,-12.28,12.27,-12.9,-9.14
2026-08-15 15:00:00,sábado,-19.92,-42.73,-43.29,-37.71,-10.67,-8.7,0.0,-32.58,-23.42,-17.57,9.24,-10.92,-9.64
2026-08-15 16:00:00,sábado,-19.92,-42.55,-43.15,-37.45,-11.94,-8.66,0.0,-36.08,-16.67,-10.76,6.31,-12.17,-10.03
2026-08-15 17:00:00,sábado,-19.94,-42.74,-41.69,-37.71,-14.1,-8.64,0.0,-33.96,-17.85,-12.04,9.29,-14.17,-8.28
2026-08-15 18:00:00,sábado,-19.93,-43.34,-40.62,-36.5,-15.77,-8.67,0.0,-32.56,-19.64,-13.73,11.65,-14.82,-7.66
2026-08-15 19:00:00,sábado,-19.94,-43.59,-40.63,-36.08,-13.91,-8.68,0.0,-32.81,-21.45,-15.4,12.84,-12.23,-7.33
2026-08-15 20:00:00,sábado,-19.95,-43.3,-40.64,-36.22,-16.06,-8.62,0.0,-27.17,-19.4,-13.2,16.41,-14.49,-7.43
2026-08-15 21:00:00,sábado,-19.95,-43.25,-40.61,-36.11,-16.08,-8.68,0.0,-24.13,-20.09,-14.43,19.04,-15.21,-7.07
2026-08-15 22:00:00,sábado,-19.91,-43.34,-40.6,-36.08,-15.25,-8.67,0.0,-27.02,-21.23,-15.69,18.21,-14.29,-6.38
2026-08-15 23:00:00,sábado,-19.94,-43.2,-39.76,-36.06,-13.88,-8.65,0.0,-28.86,-23.11,-17.0,17.3,-12.45,-5.38
2026-08-16 00:00:00,domingo,-19.94,-43.06,-38.82,-35.94,-14.86,-8.68,0.0,-27.71,-20.53,-14.5,18.24,-13.23,-5.0
2026-08-16 01:00:00,domingo,-19.95,-43.13,-38.81,-36.11,-16.63,-8.61,0.0,-23.25,-23.88,-17.81,21.81,-14.55,-4.69
2026-08-16 02:00:00,domingo,-19.95,-42.84,-38.81,-36.18,-17.34,-8.67,0.0,-21.27,-18.29,-12.26,23.9,-15.31,-5.01
2026-08-16 03:00:00,domingo,-19.94,-42.56,-38.77,-36.14,-15.1,-8.65,0.0,-25.98,-15.27,-9.19,19.71,-12.73,-3.83
2026-08-16 04:00:00,domingo,-19.95,-42.12,-38.74,-36.09,-11.4,-8.67,0.0,-28.63,-14.1,-8.15,16.53,-9.12,-3.85
2026-08-16 05:00:00,domingo,-19.9,-41.98,-38.73,-36.06,-12.78,-8.67,0.0,-30.53,-13.28,-7.55,13.01,-10.71,-3.59
2026-08-16 06:00:00,domingo,-19.93,-41.88,-38.38,-36.19,-10.32,-8.67,0.0,-31.26,-13.23,-7.41,12.52,-8.74,-2.88
2026-08-16 07:00:00,domingo,-19.94,-41.93,-35.92,-35.95,-8.88,-8.66,0.0,-31.37,-14.78,-8.77,11.95,-7.09,-0.97
2026-08-16 08:00:00,domingo,-19.95,-42.49,-35.98,-36.04,-8.12,-8.66,0.0,-33.15,-20.13,-14.09,10.03,-6.16,-1.89
2026-08-16 09:00:00,domingo,-19.95,-42.44,-35.95,-36.02,-8.95,-8.65,0.0,-30.43,-18.94,-12.88,13.4,-7.2,-1.24
2026-08-16 10:00:00,domingo,-19.94,-42.52,-36.03,-36.02,-8.5,-8.6,0.0,-31.86,-16.74,-10.75,12.79,-8.07,-2.04
2026-08-16 11:00:00,domingo,-19.94,-42.92,-35.93,-36.0,-5.27,-8.19,0.0,-26.66,-21.96,-15.75,18.57,-4.28,-3.21
2026-08-16 12:00:00,domingo,-19.94,-42.87,-36.02,-36.07,-5.52,-8.3,0.0,-25.61,-20.39,-14.14,19.76,-4.08,-3.02
2026-08-16 13:00:00,domingo,-19.95,-42.73,-36.04,-36.15,-10.84,-8.66,0.0,-25.01,-18.71,-12.43,19.7,-9.31,-2.5
2026-08-16 14:00:00,domingo,-19.9,-42.48,-35.99,-36.15,-8.09,-8.65,0.0,-26.37,-18.16,-11.95,18.39,-7.04,-1.52
2026-08-16 15:00:00,domingo,-19.95,-42.43,-35.99,-35.91,-13.29,-8.68,0.0,-25.0,-15.81,-9.44,19.95,-11.8,-2.39
2026-08-16 16:00:00,domingo,-19.95,-42.16,-36.42,-36.04,-15.66,-8.66,0.0,-25.62,-13.0,-7.07,18.92,-14.16,-2.58
2026-08-16 17:00:00,domingo,-19.95,-42.08,-35.3,-36.14,-15.8,-8.64,0.0,-26.43,-12.78,-6.91,18.26,-14.48,-0.72
2026-08-16 18:00:00,domingo,-19.95,-42.73,-35.94,-36.02,-17.31,-8.67,0.0,-25.12,-21.77,-15.79,19.52,-15.96,-2.43
2026-08-16 19:00:00,domingo,-19.94,-43.13,-36.03,-36.1,-15.17,-8.65,0.0,-24.53,-23.69,-17.21,20.73,-14.44,-3.05
2026-08-16 20:00:00,domingo,-19.96,-43.13,-35.99,-35.95,-16.8,-8.65,0.0,-23.24,-21.61,-15.33,21.82,-15.89,-3.32
2026-08-16 21:00:00,domingo,-19.96,-42.91,-35.93,-35.83,-14.45,-8.73,0.0,-26.09,-20.75,-14.84,18.92,-13.57,-3.0
2026-08-16 22:00:00,domingo,-19.93,-43.34,-35.96,-36.95,-13.17,-8.67,0.0,-26.25,-28.11,-21.97,18.92,-13.55,-5.16
2026-08-16 23:00:00,domingo,-19.9,-36.76,-34.71,-36.87,-11.5,-8.65,0.0,-29.62,-29.76,-23.7,15.12,-11.62,1.44
2026-08-17 00:00:00,lunes,-19.96,-36.77,-36.42,-36.89,-13.75,-8.62,0.0,-32.01,-22.72,-16.66,10.91,-13.18,-1.38
2026-08-17 01:00:00,lunes,-19.96,-36.16,-34.5,-36.43,-15.36,-8.68,0.0,-30.93,-21.76,-16.06,11.86,-13.82,-0.97
2026-08-17 02:00:00,lunes,-19.96,-36.17,-34.07,-34.13,-14.87,-8.67,0.0,-26.06,-19.9,-14.22,17.0,-11.42,-1.72
2026-08-17 03:00:00,lunes,-19.95,-36.17,-34.04,-34.02,-12.8,-8.64,0.0,-29.73,-26.62,-21.17,13.64,-9.41,-0.56
2026-08-17 04:00:00,lunes,-19.95,-36.18,-33.97,-34.06,-13.99,-8.68,0.0,-30.51,-17.63,-12.22,10.41,-10.27,-2.32
2026-08-17 05:00:00,lunes,-19.95,-35.02,-30.16,-35.86,-13.16,-8.61,0.0,-30.95,-16.64,-11.27,10.95,-11.31,0.52
2026-08-17 06:00:00,lunes,-19.96,-34.03,-24.9,-38.11,-11.28,-8.7,0.0,-31.74,-18.19,-12.75,10.9,-11.73,6.51
2026-08-17 07:00:00,lunes,-19.95,-32.95,-11.49,-37.8,-9.78,-8.65,0.0,-30.5,-7.01,-1.69,11.13,-9.67,20.25
2026-08-17 08:00:00,lunes,-19.96,-19.02,-15.73,-37.96,-10.04,-8.68,0.0,-31.76,-14.02,-8.66,8.77,-10.18,28.58
2026-08-17 09:00:00,lunes,-19.94,-0.01,-17.95,-38.05,-9.67,-8.6,0.0,-29.36,-7.92,-2.54,11.13,-10.56,44.69
2026-08-17 10:00:00,lunes,-19.92,0.0,-8.78,-37.93,-12.02,-8.64,0.0,-27.71,-24.29,-18.56,13.38,-12.9,53.93
2026-08-17 11:00:00,lunes,-19.9,0.0,0.0,-37.34,-12.44,-8.72,0.0,-24.61,-15.3,-9.53,15.72,-12.28,60.69
2026-08-17 12:00:00,lunes,-19.9,0.0,0.0,-37.55,-12.75,-8.65,0.0,-23.33,-4.51,1.28,17.24,-12.97,62.76
2026-08-17 13:00:00,lunes,-19.92,0.0,0.0,-37.74,-10.73,-8.68,0.0,-30.27,-7.74,-1.71,10.48,-11.22,59.87
2026-08-17 14:00:00,lunes,-19.93,0.0,0.0,-37.9,-10.81,-8.69,0.0,-28.09,-8.15,-1.93,13.45,-11.11,57.16
2026-08-17 15:00:00,lunes,-19.93,0.0,0.0,-37.65,-10.06,-8.61,0.0,-29.88,-19.2,-12.85,12.56,-10.76,48.65
2026-08-17 16:00:00,lunes,-19.92,0.0,0.0,-37.96,-9.73,-8.67,0.0,-29.66,-14.99,-9.0,13.69,-10.42,42.04
2026-08-17 17:00:00,lunes,-19.54,0.0,0.0,-37.89,-6.9,-8.68,0.0,-25.01,-12.0,-6.04,19.14,-6.93,39.56
2026-08-17 18:00:00,lunes,-19.46,0.0,0.0,-37.87,-8.52,-8.66,0.0,-30.62,-10.62,-5.04,14.2,-9.28,38.53
2026-08-17 19:00:00,lunes,-19.91,0.0,0.0,-38.12,-12.68,-8.65,0.0,-37.73,-9.57,-3.83,7.02,-14.07,35.23
2026-08-17 20:00:00,lunes,-19.93,0.0,0.0,-38.05,-12.08,-8.64,0.0,-39.46,-17.34,-11.6,5.2,-12.78,35.47
2026-08-17 21:00:00,lunes,-19.94,0.0,0.0,-38.03,-11.9,-8.68,0.0,-36.92,-13.7,-8.28,7.93,-12.3,34.05
2026-08-17 22:00:00,lunes,-19.94,0.0,0.0,-37.89,-11.99,-8.67,0.0,-41.1,-13.15,-7.84,2.71,-12.4,34.12
2026-08-17 23:00:00,lunes,-19.91,0.0,0.0,-37.94,-10.7,-8.66,0.0,-37.83,-11.2,-6.03,4.62,-10.77,32.38
2026-08-18 00:00:00,martes,-19.94,0.0,0.0,-37.36,-12.08,-8.66,0.0,-31.6,-13.37,-8.02,11.32,-11.29,31.84
2026-08-18 01:00:00,martes,-19.07,0.0,0.0,-35.71,-12.39,-8.64,0.0,-29.16,-13.99,-8.69,15.57,-10.4,32.09
2026-08-18 02:00:00,martes,-17.93,0.0,0.0,-35.77,-12.65,-8.68,0.0,-30.3,-13.19,-7.83,14.3,-11.17,29.09
2026-08-18 03:00:00,martes,-17.93,0.0,0.0,-35.8,-11.49,-8.62,0.0,-30.44,-13.62,-8.29,13.1,-9.43,28.15
2026-08-18 04:00:00,martes,-17.93,0.0,0.0,-35.97,-12.42,-8.69,0.0,-31.36,-14.82,-9.44,11.08,-10.35,27.16
2026-08-18 05:00:00,martes,-17.94,0.0,0.0,-35.87,-12.24,-8.67,0.0,-33.5,-16.91,-11.55,8.55,-10.35,25.56
2026-08-18 06:00:00,martes,-17.93,0.0,0.0,-36.65,-13.49,-8.63,0.0,-31.3,-12.98,-7.9,12.83,-12.44,25.39
2026-08-18 07:00:00,martes,-17.93,0.0,0.0,-37.98,-13.46,-8.66,0.0,-27.75,-11.08,-5.88,14.86,-13.94,23.6
2026-08-18 08:00:00,martes,-17.93,0.0,0.0,-37.78,-12.49,-8.7,0.0,-31.03,-12.74,-7.56,11.56,-12.04,24.29
2026-08-18 09:00:00,martes,-17.93,0.0,0.0,-37.74,-12.41,-8.58,0.0,-32.35,-12.54,-7.46,9.77,-11.91,23.24
2026-08-18 10:00:00,martes,-17.93,0.0,0.0,-37.73,-16.97,-8.63,0.0,-29.45,-12.84,-7.87,11.23,-16.54,22.05
2026-08-18 11:00:00,martes,-17.93,0.0,0.0,-37.11,-16.34,-8.72,0.0,-31.66,-13.01,-8.14,8.08,-15.53,20.85
2026-08-18 12:00:00,martes,-17.93,0.0,0.0,-37.71,-18.38,-8.67,0.0,-30.77,-14.24,-9.31,10.52,-18.33,19.75
2026-08-18 13:00:00,martes,-17.16,0.0,0.0,-37.59,-19.26,-8.64,0.0,-35.8,-14.83,-9.85,5.29,-19.81,20.06
2026-08-18 14:00:00,martes,-16.65,0.0,0.0,-37.6,-15.24,-8.65,0.0,-33.52,-15.9,-10.75,6.89,-15.95,20.54
2026-08-18 15:00:00,martes,-16.48,0.0,0.0,-37.96,-17.11,-8.69,0.0,-33.37,-16.55,-11.38,5.78,-17.73,20.39
2026-08-18 16:00:00,martes,-16.17,0.0,0.0,-37.67,-11.15,-8.66,0.0,-34.85,-18.07,-12.74,4.27,-11.55,20.16
2026-08-18 17:00:00,martes,-15.96,0.0,0.0,-37.71,-14.02,-8.67,0.0,-41.42,-18.59,-13.28,-2.68,-14.31,19.94
2026-08-18 18:00:00,martes,-15.96,0.0,0.0,-37.91,-13.87,-8.65,0.0,-42.82,-18.82,-13.63,-4.81,-14.09,19.79
2026-08-18 19:00:00,martes,-15.96,0.0,0.0,-38.23,-14.4,-8.66,0.0,-39.53,-16.6,-11.42,0.02,-15.23,19.85
2026-08-18 20:00:00,martes,-15.96,0.0,0.0,-37.59,-17.94,-8.65,0.0,-41.49,-17.04,-11.89,-1.42,-18.25,19.96
2026-08-18 21:00:00,martes,-15.96,0.0,0.0,-38.08,-16.17,-8.68,0.0,-45.51,-18.6,-13.38,-6.03,-16.67,20.01
2026-08-18 22:00:00,martes,-15.96,0.0,0.0,-37.02,-14.42,-8.66,0.0,-41.03,-17.36,-12.25,-1.55,-13.96,19.88
2026-08-18 23:00:00,martes,-15.96,0.0,0.0,-36.52,-11.3,-8.66,0.0,-39.58,-16.9,-11.63,0.79,-10.12,19.86
2026-08-19 00:00:00,miércoles,-15.96,0.0,0.0,-35.65,-13.83,-8.66,0.0,-28.97,-14.3,-9.07,11.35,-12.11,19.59
2026-08-19 01:00:00,miércoles,-15.97,0.0,0.0,-35.57,-13.67,-8.63,0.0,-29.06,-13.5,-8.21,10.38,-10.74,19.55
2026-08-19 02:00:00,miércoles,-15.97,0.0,0.0,-35.24,-12.95,-8.66,0.0,-25.53,-11.76,-6.5,13.43,-9.67,19.48
2026-08-19 03:00:00,miércoles,-15.97,0.0,0.0,-34.5,-16.11,-8.66,0.0,-30.87,-13.35,-8.11,9.17,-12.84,19.77
2026-08-19 04:00:00,miércoles,-15.97,0.0,0.0,-34.57,-12.82,-8.74,0.0,-25.51,-16.92,-11.61,14.04,-9.26,19.73
2026-08-19 05:00:00,miércoles,-15.96,0.0,0.0,-34.11,-15.64,-8.67,0.0,-29.73,-17.85,-12.36,9.67,-11.79,19.67
2026-08-19 06:00:00,miércoles,-15.97,0.0,0.0,-33.14,-13.8,-8.67,0.0,-26.22,-19.79,-14.53,14.2,-8.68,19.68
2026-08-19 07:00:00,miércoles,-15.96,0.0,0.0,-31.92,-14.51,-8.64,0.0,-25.49,-19.3,-14.25,15.96,-9.01,19.28
2026-08-19 08:00:00,miércoles,-15.97,0.0,0.0,-32.01,-18.68,-8.62,0.0,-24.99,-18.42,-13.24,15.72,-12.53,19.24
2026-08-19 09:00:00,miércoles,-15.96,0.0,0.0,-31.59,-21.14,-8.64,0.0,-24.6,-20.03,-14.97,15.6,-14.59,19.26
2026-08-19 10:00:00,miércoles,-15.96,0.0,0.0,-31.45,-21.07,-8.66,0.0,-23.74,-20.2,-15.21,16.46,-15.38,19.07
2026-08-19 11:00:00,miércoles,-15.96,0.0,0.0,-31.32,-20.64,-8.65,0.0,-25.55,-19.73,-14.73,14.4,-15.1,18.41
2026-08-19 12:00:00,miércoles,-15.96,0.0,0.0,-31.94,-23.97,-8.71,0.0,-23.11,-18.18,-13.21,18.84,-18.89,18.11
2026-08-19 13:00:00,miércoles,-15.96,0.0,0.0,-32.01,-24.14,-8.68,0.0,-23.41,-17.26,-12.26,18.31,-19.86,17.82
2026-08-19 14:00:00,miércoles,-15.96,0.0,0.0,-31.02,-23.88,-8.66,0.0,-21.51,-18.09,-12.99,20.6,-17.6,17.44
2026-08-19 15:00:00,miércoles,-15.96,0.0,0.0,-30.58,-22.88,-8.65,0.0,-20.04,-17.31,-12.33,22.02,-15.63,17.39
2026-08-19 16:00:00,miércoles,-15.96,0.0,0.0,-29.6,-22.17,-8.64,0.0,-30.37,-16.66,-11.56,12.36,-14.3,17.43
2026-08-19 17:00:00,miércoles,-15.96,0.0,0.0,-29.05,-17.85,-8.69,0.0,-42.4,-16.29,-11.2,-0.42,-9.36,17.28
2026-08-19 18:00:00,miércoles,-15.96,0.0,0.0,-28.09,-21.07,-8.66,0.0,-44.66,-16.69,-11.32,-2.21,-11.35,17.59
2026-08-19 19:00:00,miércoles,-15.96,0.0,0.0,-27.89,-20.85,-8.65,0.0,-44.14,-17.71,-12.36,-0.4,-10.94,17.53
2026-08-19 20:00:00,miércoles,-15.96,0.0,0.0,-27.94,-23.41,-8.64,0.0,-37.44,-16.02,-10.68,5.67,-14.32,17.47
2026-08-19 21:00:00,miércoles,-15.96,0.0,0.0,-28.06,-23.47,-8.68,0.0,-43.84,-15.57,-10.33,-1.54,-14.32,17.6
2026-08-19 22:00:00,miércoles,-15.96,0.0,0.0,-26.95,-24.34,-8.64,0.0,-40.84,-16.25,-11.0,2.19,-13.94,17.59
2026-08-19 23:00:00,miércoles,-15.96,0.0,0.0,-25.86,-22.46,-8.97,0.0,-31.98,-16.23,-10.97,10.89,-10.93,17.25
2026-08-20 00:00:00,jueves,-15.96,0.0,0.0,-19.4,-24.47,-9.16,0.0,-27.75,-15.9,-10.59,14.84,-6.24,17.11
2026-08-20 01:00:00,jueves,-15.97,0.0,0.0,-15.1,-25.07,-9.15,0.0,-30.08,-15.51,-10.28,12.19,-2.32,17.01
2026-08-20 02:00:00,jueves,-15.97,0.0,0.0,-18.28,-24.42,-9.17,0.0,-28.08,-14.72,-9.34,14.26,-4.72,16.88
2026-08-20 03:00:00,jueves,-15.97,0.0,0.0,-20.09,-23.14,-9.17,0.0,-27.49,-17.0,-11.59,15.96,-5.16,16.88
2026-08-20 04:00:00,jueves,-15.97,0.0,0.0,-19.91,-24.62,-8.98,0.0,-23.09,-17.61,-12.13,20.62,-6.29,16.82
2026-08-20 05:00:00,jueves,-15.96,0.0,0.0,-17.64,-24.87,-8.66,0.0,-23.33,-18.76,-13.23,19.48,-4.22,16.65
2026-08-20 06:00:00,jueves,-15.96,0.0,0.0,-20.63,-21.93,-8.66,0.0,-23.75,-19.1,-14.08,20.23,-4.02,16.75
2026-08-20 07:00:00,jueves,-15.96,0.0,0.0,-22.07,-22.07,-8.66,0.0,-22.89,-20.44,-15.38,21.14,-5.69,17.63
2026-08-20 08:00:00,jueves,-15.97,0.0,0.0,-22.04,-24.84,-8.66,0.0,-23.46,-20.78,-15.56,21.69,-8.58,17.9
2026-08-20 09:00:00,jueves,-15.97,0.0,0.0,-22.88,-25.64,-8.62,0.0,-23.75,-21.46,-16.23,21.1,-9.94,17.07
2026-08-20 10:00:00,jueves,-15.96,0.0,0.0,-23.94,-26.16,-8.7,0.0,-27.04,-22.07,-16.84,17.25,-10.59,17.3
2026-08-20 11:00:00,jueves,-15.96,0.0,0.0,-24.78,-25.99,-8.65,0.0,-26.37,-20.66,-15.47,18.36,-11.39,17.66
2026-08-20 12:00:00,jueves,-15.89,0.0,0.0,-27.01,-25.46,-8.65,0.0,-21.9,-18.55,-13.43,22.49,-12.98,17.15
2026-08-20 13:00:00,jueves,-12.18,0.0,0.0,-30.48,-27.61,-8.63,0.0,-27.22,-17.46,-12.46,16.01,-18.73,20.7
2026-08-20 14:00:00,jueves,-2.26,0.0,0.0,-31.57,-27.11,-8.65,0.0,-38.93,-17.85,-12.71,1.86,-20.14,29.86
2026-08-20 15:00:00,jueves,0.0,0.0,0.0,-31.52,-27.48,-8.66,0.0,-38.22,-22.45,-17.22,4.25,-20.38,32.07
2026-08-20 16:00:00,jueves,0.0,0.0,0.0,-31.6,-24.95,-8.7,0.0,-44.07,-25.61,-20.13,-1.78,-18.33,32.11
2026-08-20 17:00:00,jueves,0.0,0.0,0.0,-33.11,-22.97,-8.62,0.0,-44.59,-22.46,-17.14,-1.75,-18.3,32.33
2026-08-20 18:00:00,jueves,0.0,0.0,0.0,-33.89,-23.13,-8.65,0.0,-44.7,-22.19,-17.01,-1.87,-19.94,32.15
2026-08-20 19:00:00,jueves,0.0,0.0,0.0,-33.34,-25.52,-8.68,0.0,-37.33,-22.08,-17.08,5.69,-21.7,32.21
2026-08-20 20:00:00,jueves,0.0,0.0,0.0,-33.97,-28.36,-8.64,0.0,-45.45,-22.66,-17.64,-1.54,-24.77,32.09
2026-08-20 21:00:00,jueves,0.0,0.0,0.0,-34.02,-27.79,-8.66,0.0,-38.62,-21.66,-16.64,4.79,-24.22,32.04
2026-08-20 22:00:00,jueves,0.0,0.0,0.0,-34.01,-27.08,-8.67,0.0,-38.61,-21.17,-16.22,4.48,-23.5,31.9
2026-08-20 23:00:00,jueves,0.0,0.0,0.0,-33.69,-25.77,-8.66,0.0,-34.64,-21.56,-16.57,8.52,-21.81,32.06
2026-08-21 00:00:00,viernes,0.0,0.0,0.0,-34.85,-27.85,-8.65,0.0,-26.39,-22.94,-17.92,17.0,-24.27,32.02
2026-08-21 01:00:00,viernes,0.0,0.0,0.0,-35.91,-28.44,-8.67,0.0,-28.01,-22.55,-17.51,16.32,-26.11,32.09
2026-08-21 02:00:00,viernes,0.0,0.0,0.0,-35.9,-23.46,-8.65,0.0,-25.04,-21.92,-16.96,19.88,-21.26,32.11
2026-08-21 03:00:00,viernes,0.0,0.0,0.0,-35.96,-18.12,-8.7,0.0,-28.02,-21.27,-16.31,15.87,-16.37,32.88
2026-08-21 04:00:00,viernes,0.0,0.0,0.0,-35.81,-15.89,-8.65,0.0,-31.37,-21.2,-16.22,12.17,-14.24,33.16
2026-08-21 05:00:00,viernes,0.0,0.0,0.0,-35.97,-17.78,-8.68,0.0,-29.61,-21.79,-16.68,13.17,-16.33,33.02
2026-08-21 06:00:00,viernes,0.0,0.0,0.0,-35.92,-17.35,-8.6,0.0,-27.19,-21.56,-16.12,16.2,-15.62,32.81
2026-08-21 07:00:00,viernes,0.0,0.0,0.0,-35.74,-13.98,-8.67,0.0,-29.39,-23.07,-17.93,14.44,-12.45,32.09
2026-08-21 08:00:00,viernes,0.0,0.0,0.0,-34.16,-20.13,-8.64,0.0,-33.82,-22.03,-16.84,10.04,-17.22,32.06
2026-08-21 09:00:00,viernes,0.0,0.0,0.0,-35.76,-18.42,-8.66,0.0,-43.45,-22.27,-17.12,-2.75,-16.72,31.81
2026-08-21 10:00:00,viernes,0.0,0.0,0.0,-35.84,-18.08,-8.64,0.0,-44.62,-23.17,-17.97,-5.1,-16.55,31.84
2026-08-21 11:00:00,viernes,0.0,0.0,0.0,-35.92,-16.52,-8.72,0.0,-40.53,-23.55,-18.31,-3.12,-14.68,30.74
2026-08-21 12:00:00,viernes,0.0,0.0,0.0,-35.76,-17.52,-8.65,0.0,-26.16,-24.45,-19.08,10.6,-15.66,30.45
2026-08-21 13:00:00,viernes,0.0,0.0,0.0,-35.96,-16.47,-8.68,0.0,-11.51,-25.48,-20.37,24.55,-14.77,30.39
2026-08-21 14:00:00,viernes,0.0,0.0,0.0,-35.72,-15.24,-8.68,0.0,-10.58,-24.15,-18.96,25.41,-13.68,30.37
2026-08-21 15:00:00,viernes,0.0,0.0,0.0,-35.85,-14.53,-8.67,0.0,-10.93,-22.7,-17.4,28.28,-12.9,30.44
2026-08-21 16:00:00,viernes,0.0,0.0,0.0,-35.81,-17.36,-8.62,0.0,-17.23,-22.41,-17.12,23.6,-15.74,30.38
2026-08-21 17:00:00,viernes,0.0,0.0,0.0,-35.76,-16.21,-8.68,0.0,-20.03,-0.77,2.42,21.04,-14.52,30.2
2026-08-21 18:00:00,viernes,0.0,0.0,0.0,-35.83,-13.99,-8.68,0.0,-34.09,0.0,2.27,8.14,-12.09,30.31
2026-08-21 19:00:00,viernes,0.0,0.0,0.0,-36.11,-24.77,-8.64,0.0,-38.01,0.0,2.07,5.5,-24.14,30.38
2026-08-21 20:00:00,viernes,0.0,0.0,0.0,-36.12,-25.91,-8.67,0.0,-42.9,0.0,1.93,0.97,-24.81,30.3
2026-08-21 21:00:00,viernes,0.0,0.0,0.0,-36.12,-25.66,-8.63,0.0,-43.08,0.0,1.76,1.64,-24.03,30.11
2026-08-21 22:00:00,viernes,0.0,0.0,0.0,-36.14,-25.73,-8.66,0.0,-35.98,0.0,1.62,9.57,-24.0,30.03
2026-08-21 23:00:00,viernes,0.0,0.0,0.0,-35.9,-17.96,-8.66,0.0,-37.01,0.0,1.76,8.59,-16.36,30.14
2026-08-22 00:00:00,sábado,0.0,0.0,0.0,-35.86,-20.1,-8.66,0.0,-33.34,0.0,1.75,11.84,-18.02,30.06
2026-08-22 01:00:00,sábado,0.0,0.0,0.0,-35.94,-19.02,-8.63,0.0,-29.46,0.0,1.76,15.11,-17.41,30.06
2026-08-22 02:00:00,sábado,0.0,0.0,0.0,-35.86,-18.6,-8.66,0.0,-19.91,0.0,1.87,25.35,-16.4,30.39
2026-08-22 03:00:00,sábado,0.0,0.0,0.0,-36.0,-19.95,-8.7,0.0,-21.84,0.0,1.45,23.53,-17.3,30.12
2026-08-22 04:00:00,sábado,0.0,0.0,0.0,-35.77,-21.99,-8.61,0.0,-23.01,0.0,1.46,22.29,-19.48,30.17
2026-08-22 05:00:00,sábado,0.0,0.0,0.0,-36.13,-23.12,-8.7,0.0,-23.11,0.0,1.33,22.29,-20.28,30.02
2026-08-22 06:00:00,sábado,0.0,0.0,0.0,-36.1,-20.08,-8.66,0.0,-26.24,0.0,1.29,19.53,-17.72,29.96
2026-08-22 07:00:00,sábado,0.0,0.0,0.0,-34.09,-24.37,-8.66,0.0,-22.1,0.0,1.31,23.46,-20.72,30.31
2026-08-22 08:00:00,sábado,0.0,0.0,0.0,-33.75,-23.05,-8.64,0.0,-25.7,0.0,1.28,19.66,-18.97,29.84
2026-08-22 09:00:00,sábado,0.0,0.0,0.0,-33.06,-20.53,-8.65,0.0,-27.97,0.0,1.28,17.35,-15.86,28.51
2026-08-22 10:00:00,sábado,0.0,0.0,0.0,-33.83,-14.31,-8.66,0.0,-25.26,0.0,1.25,20.36,-10.6,26.59
2026-08-22 11:00:00,sábado,0.0,0.0,0.0,-33.63,-11.4,-8.68,0.0,-28.81,0.0,1.25,16.36,-7.56,19.25
2026-08-22 12:00:00,sábado,0.0,0.0,0.0,-33.8,-13.6,-8.66,0.0,-30.31,0.0,1.25,14.65,-9.68,15.0
2026-08-22 13:00:00,sábado,0.0,0.0,0.0,-33.87,-12.53,-8.64,0.0,-32.63,0.0,1.25,12.51,-8.75,14.15
2026-08-22 14:00:00,sábado,0.0,0.0,0.0,-33.91,-17.76,-8.69,0.0,-32.85,0.0,1.24,12.74,-14.23,13.64
2026-08-22 15:00:00,sábado,0.0,0.0,0.0,-33.99,-18.54,-8.66,0.0,-29.18,0.0,1.23,16.37,-15.14,13.07
2026-08-22 16:00:00,sábado,0.0,0.0,0.0,-34.02,-17.82,-8.65,0.0,-27.26,0.0,1.25,18.38,-14.18,12.8
2026-08-22 17:00:00,sábado,0.0,0.0,0.0,-33.79,-16.91,-8.68,0.0,-31.39,0.0,1.25,14.44,-13.41,11.82
2026-08-22 18:00:00,sábado,0.0,0.0,0.0,-33.71,-19.12,-8.66,0.0,-30.76,0.0,1.25,15.06,-15.23,11.39
2026-08-22 19:00:00,sábado,0.0,0.0,0.0,-33.46,-27.94,-8.63,0.0,-24.73,0.0,1.28,21.1,-22.76,11.92
2026-08-22 20:00:00,sábado,0.0,0.0,0.0,-33.96,-26.65,-8.7,0.0,-29.81,0.0,1.29,16.01,-22.75,11.06
2026-08-22 21:00:00,sábado,0.0,0.0,0.0,-33.44,-25.07,-8.64,0.0,-26.58,0.0,1.28,18.84,-20.99,10.71
2026-08-22 22:00:00,sábado,0.0,0.0,0.0,-33.8,-22.0,-8.67,0.0,-26.32,0.0,1.29,19.54,-18.23,10.59
2026-08-22 23:00:00,sábado,0.0,0.0,0.0,-33.14,-19.26,-8.66,0.0,-29.36,0.0,1.29,16.52,-14.09,10.59
2026-08-23 00:00:00,domingo,0.0,0.0,0.0,-33.15,-21.34,-8.66,0.0,-29.21,0.0,1.26,16.17,-16.15,10.62
2026-08-23 01:00:00,domingo,0.0,0.0,0.0,-33.49,-22.86,-8.56,0.0,-29.44,0.0,1.25,16.42,-17.71,10.57
2026-08-23 02:00:00,domingo,0.0,0.0,0.0,-34.03,-24.56,-8.72,0.0,-27.41,0.0,1.24,17.85,-20.41,10.4
2026-08-23 03:00:00,domingo,0.0,0.0,0.0,-34.09,-26.57,-8.67,0.0,-26.52,0.0,1.24,16.92,-22.38,10.27
2026-08-23 04:00:00,domingo,0.0,0.0,0.0,-34.86,-25.9,-8.64,0.0,-26.38,0.0,1.24,17.7,-22.67,10.36
2026-08-23 05:00:00,domingo,0.0,0.0,0.0,-34.94,-17.77,-8.68,0.0,-25.23,0.0,1.25,19.58,-15.14,10.34
2026-08-23 06:00:00,domingo,0.0,0.0,0.0,-34.92,-16.12,-8.65,0.0,-31.78,0.0,1.25,14.04,-13.43,10.38
2026-08-23 07:00:00,domingo,0.0,0.0,0.0,-35.11,-16.85,-8.65,0.0,-28.69,0.0,1.25,16.84,-14.45,10.23
2026-08-23 08:00:00,domingo,0.0,0.0,0.0,-34.94,-24.31,-8.67,0.0,-29.95,0.0,1.24,13.81,-21.05,10.14
2026-08-23 09:00:00,domingo,0.0,0.0,0.0,-35.72,-18.46,-8.63,0.0,-29.38,0.0,1.24,14.47,-16.42,9.74
2026-08-23 10:00:00,domingo,0.0,0.0,0.0,-35.61,-17.43,-8.68,0.0,-29.63,0.0,1.44,14.26,-15.45,9.26
2026-08-23 11:00:00,domingo,0.0,0.0,0.0,-35.89,-16.5,-8.68,0.0,-30.02,0.0,1.5,12.51,-15.3,9.06
2026-08-23 12:00:00,domingo,0.0,0.0,0.0,-35.26,-18.24,-8.65,0.0,-29.84,0.0,1.3,12.65,-15.89,8.61
2026-08-23 13:00:00,domingo,0.0,0.0,0.0,-35.72,-18.99,-8.67,0.0,-30.96,0.0,1.2,11.96,-17.21,8.38
2026-08-23 14:00:00,domingo,0.0,0.0,0.0,-36.13,-18.67,-8.65,0.0,-32.54,0.0,1.19,10.09,-17.34,7.88
2026-08-23 15:00:00,domingo,0.0,0.0,0.0,-36.12,-18.01,-8.68,0.0,-28.75,0.0,1.22,15.11,-16.76,5.28
2026-08-23 16:00:00,domingo,0.0,0.0,0.0,-35.94,-23.73,-8.65,0.0,-29.6,0.0,1.39,15.71,-22.45,4.34
2026-08-23 17:00:00,domingo,0.0,0.0,0.0,-36.1,-19.9,-8.64,0.0,-28.99,0.0,1.56,16.11,-18.42,5.8
2026-08-23 18:00:00,domingo,0.0,0.0,0.0,-36.01,-25.85,-8.63,0.0,-29.78,0.0,1.58,15.31,-24.29,5.17
2026-08-23 19:00:00,domingo,0.0,0.0,0.0,-34.57,-27.43,-8.71,0.0,-32.55,0.0,1.64,12.45,-24.61,4.49
2026-08-23 20:00:00,domingo,0.0,0.0,0.0,-34.84,-26.57,-8.67,0.0,-32.9,0.0,1.66,11.66,-23.55,3.91
2026-08-23 21:00:00,domingo,0.0,0.0,0.0,-34.93,-27.0,-8.65,0.0,-31.68,0.0,1.74,10.92,-24.11,3.7
2026-08-23 22:00:00,domingo,0.0,0.0,0.0,-34.8,-25.09,-8.67,0.0,-30.5,0.0,2.01,14.3,-21.77,3.56
2026-08-23 23:00:00,domingo,0.0,0.0,0.0,-35.51,-24.81,-8.67,0.0,-30.69,0.0,2.02,12.96,-22.11,3.76
2026-08-24 00:00:00,lunes,0.0,0.0,0.0,-36.05,-23.49,-8.67,0.0,-32.35,0.0,1.83,11.49,-21.36,3.73
2026-08-24 01:00:00,lunes,0.0,0.0,0.0,-35.84,-23.02,-8.68,0.0,-34.07,0.0,1.77,10.79,-20.79,3.76
2026-08-24 02:00:00,lunes,0.0,0.0,0.0,-36.37,-24.26,-8.65,0.0,-29.63,0.0,1.75,15.77,-22.2,3.74
2026-08-24 03:00:00,lunes,0.0,0.0,0.0,-37.03,-22.33,-8.66,0.0,-27.39,0.0,1.55,17.49,-21.02,3.89
2026-08-24 04:00:00,lunes,0.0,0.0,0.0,-37.07,-25.07,-8.69,0.0,-29.91,0.0,1.23,15.14,-24.01,3.78
2026-08-24 05:00:00,lunes,0.0,0.0,0.0,-35.96,-18.48,-8.41,0.0,-32.65,0.0,1.23,10.9,-16.79,3.79
2026-08-24 06:00:00,lunes,0.0,0.0,0.0,-35.63,-3.09,-6.96,0.0,-31.31,0.0,1.23,13.14,-0.52,3.76
2026-08-24 07:00:00,lunes,0.0,0.0,0.0,-36.84,-13.37,-7.22,0.0,-28.4,0.0,1.23,16.67,-10.8,3.66
2026-08-24 08:00:00,lunes,0.0,0.0,0.0,-36.42,-20.18,-8.68,0.0,-27.37,0.0,1.23,17.59,-18.3,2.04
2026-08-24 09:00:00,lunes,0.0,0.0,0.0,-24.02,-24.35,-9.11,0.0,-28.01,0.0,1.21,16.81,-10.36,0.0
2026-08-24 10:00:00,lunes,0.0,0.0,0.0,-27.16,-26.2,-8.87,0.0,-30.35,0.0,1.35,14.91,-14.93,0.0
2026-08-24 11:00:00,lunes,0.0,0.0,0.0,-25.72,-25.22,-8.69,0.0,-32.55,0.0,1.49,12.73,-12.8,0.0
2026-08-24 12:00:00,lunes,0.0,0.0,0.0,-34.73,-20.12,-8.71,0.0,-39.14,0.0,1.48,5.91,-16.16,0.0
2026-08-24 13:00:00,lunes,0.0,0.0,0.0,-37.51,-18.83,-8.63,0.0,-44.75,0.0,1.48,0.41,-18.2,0.0
2026-08-24 14:00:00,lunes,0.0,0.0,0.0,-37.97,-18.41,-8.71,0.0,-41.77,0.0,1.47,4.02,-18.49,0.0
2026-08-24 15:00:00,lunes,0.0,0.0,0.0,-36.9,-15.6,-8.61,0.0,-44.26,0.0,1.48,1.64,-14.89,0.0
2026-08-24 16:00:00,lunes,0.0,0.0,0.0,-35.59,-22.77,-8.69,0.0,-45.47,0.0,1.27,0.75,-20.54,0.0
2026-08-24 17:00:00,lunes,0.0,0.0,0.0,-34.89,-24.11,-8.67,0.0,-41.25,0.0,1.13,4.68,-20.77,0.0
2026-08-24 18:00:00,lunes,0.0,0.0,0.0,-34.63,-25.25,-8.67,0.0,-43.18,0.0,1.14,2.48,-22.26,0.0
2026-08-24 19:00:00,lunes,0.0,0.0,0.0,-34.29,-24.8,-8.61,0.0,-42.47,0.0,1.17,3.12,-21.78,0.0
2026-08-24 20:00:00,lunes,0.0,0.0,0.0,-34.75,-25.56,-8.7,0.0,-44.46,0.0,1.2,1.03,-22.68,0.0
2026-08-24 21:00:00,lunes,0.0,0.0,0.0,-35.01,-25.4,-8.67,0.0,-44.89,0.0,1.21,0.34,-22.48,0.02
2026-08-24 22:00:00,lunes,0.0,0.0,0.0,-34.93,-26.66,-8.68,0.0,-46.68,0.0,1.21,-0.7,-23.51,0.12
2026-08-24 23:00:00,lunes,0.0,0.0,0.0,-34.89,-25.28,-8.66,0.0,-45.03,0.0,1.21,0.76,-22.14,0.0
2026-08-25 00:00:00,martes,0.0,0.0,0.0,-34.7,-19.6,-8.67,0.0,-46.54,0.0,1.17,-0.75,-16.53,0.0
2026-08-25 01:00:00,martes,0.0,0.0,0.0,-34.05,-20.7,-8.6,0.0,-47.9,0.0,1.16,-2.45,-17.04,0.0
2026-08-25 02:00:00,martes,0.0,0.0,0.0,-33.94,-19.33,-8.71,0.0,-48.04,0.0,1.16,-1.87,-15.66,0.51
2026-08-25 03:00:00,martes,0.0,0.0,0.0,-34.03,-20.65,-8.63,0.0,-45.94,0.0,1.21,-0.17,-17.13,1.88
2026-08-25 04:00:00,martes,0.0,0.0,0.0,-34.0,-19.74,-8.65,0.0,-44.61,0.0,1.19,1.46,-16.47,1.84
2026-08-25 05:00:00,martes,0.0,0.0,0.0,-34.67,-16.91,-8.67,0.0,-46.47,0.0,1.17,-0.74,-14.35,1.81
2026-08-25 06:00:00,martes,0.0,0.0,0.0,-35.88,-17.32,-8.67,0.0,-32.27,0.0,1.17,12.72,-15.7,1.82
2026-08-25 07:00:00,martes,0.0,0.0,0.0,-34.97,-17.39,-8.66,0.0,-31.6,0.0,1.17,12.72,-14.71,1.79
2026-08-25 08:00:00,martes,0.0,0.0,0.0,-34.7,-18.42,-8.64,0.0,-33.32,0.0,1.19,11.31,-15.53,1.81
2026-08-25 09:00:00,martes,0.0,0.0,0.0,-34.6,-19.34,-8.61,0.0,-30.86,0.0,1.24,14.08,-16.21,1.81
2026-08-25 10:00:00,martes,0.0,0.0,0.0,-34.66,-19.85,-8.68,0.0,-26.04,0.0,1.4,18.5,-17.03,1.82
2026-08-25 11:00:00,martes,0.0,0.0,0.0,-34.13,-18.19,-8.7,0.0,-24.0,0.0,1.42,20.14,-14.38,1.97
2026-08-25 12:00:00,martes,0.0,0.0,0.0,-33.64,-18.72,-8.65,0.0,-33.41,0.0,1.23,11.01,-14.8,2.12
2026-08-25 13:00:00,martes,0.0,0.0,0.0,-33.63,-19.69,-8.67,0.0,-27.95,0.0,1.18,16.92,-16.15,2.19
2026-08-25 14:00:00,martes,0.0,0.0,0.0,-32.96,-21.49,-8.61,0.0,-28.51,0.0,1.14,15.81,-17.37,2.22
2026-08-25 15:00:00,martes,0.0,0.0,0.0,-32.68,-21.37,-8.7,0.0,-28.52,0.0,1.15,15.41,-17.16,2.7
2026-08-25 16:00:00,martes,0.0,0.0,0.0,-31.68,-20.78,-8.69,0.0,-27.66,0.0,1.15,15.42,-14.61,3.47
2026-08-25 17:00:00,martes,0.0,0.0,0.0,-31.36,-21.71,-8.58,0.0,-29.0,0.0,1.15,14.48,-14.94,4.21
2026-08-25 18:00:00,martes,0.0,0.0,0.0,-31.2,-21.6,-8.68,0.0,-34.23,0.0,1.16,11.19,-14.88,4.49
2026-08-25 19:00:00,martes,0.0,0.0,0.0,-31.07,-22.54,-8.67,0.0,-37.25,0.0,1.2,8.76,-15.52,4.84
2026-08-25 20:00:00,martes,0.0,0.0,0.0,-30.72,-22.83,-8.65,0.0,-33.34,0.0,1.2,12.44,-15.3,5.06
2026-08-25 21:00:00,martes,0.0,0.0,0.0,-31.04,-19.76,-8.68,0.0,-43.43,0.0,1.22,2.25,-12.75,5.22
2026-08-25 22:00:00,martes,0.0,0.0,0.0,-32.89,-19.21,-8.67,0.0,-44.88,0.0,1.32,1.19,-13.91,5.46
2026-08-25 23:00:00,martes,0.0,0.0,0.0,-34.49,-19.41,-8.67,0.0,-37.84,0.0,1.47,7.99,-15.95,5.59
2026-08-26 00:00:00,miércoles,0.0,0.0,0.0,-34.92,-18.67,-8.65,0.0,-30.0,0.0,1.59,15.59,-15.36,5.48
2026-08-26 01:00:00,miércoles,0.0,0.0,0.0,-33.25,-20.24,-8.66,0.0,-25.57,0.0,1.55,19.66,-15.52,5.42
2026-08-26 02:00:00,miércoles,0.0,0.0,0.0,-30.92,-21.59,-8.66,0.0,-29.43,0.0,1.32,16.0,-14.39,5.41
2026-08-26 03:00:00,miércoles,0.0,0.0,0.0,-30.33,-21.77,-8.67,0.0,-29.23,0.0,1.29,16.31,-13.78,5.39
2026-08-26 04:00:00,miércoles,0.0,0.0,0.0,-30.18,-24.7,-8.62,0.0,-28.63,0.0,1.23,16.95,-17.14,5.77
2026-08-26 05:00:00,miércoles,0.0,0.0,0.0,-30.12,-22.15,-8.68,0.0,-25.51,0.0,1.22,19.67,-14.56,6.41
2026-08-26 06:00:00,miércoles,0.0,0.0,0.0,-33.14,-20.91,-8.67,0.0,-26.11,0.0,1.21,19.0,-15.8,6.18
2026-08-26 07:00:00,miércoles,0.0,0.0,0.0,-32.42,-22.0,-8.63,0.0,-24.98,0.0,1.19,20.47,-16.1,6.28
2026-08-26 08:00:00,miércoles,0.0,0.0,0.0,-30.92,-22.55,-8.68,0.0,-29.6,0.0,1.2,14.37,-15.42,6.88
2026-08-26 09:00:00,miércoles,0.0,0.0,0.0,-30.94,-23.53,-8.64,0.0,-28.41,0.0,1.17,16.21,-16.5,6.85
2026-08-26 10:00:00,miércoles,0.0,0.0,0.0,-32.18,-23.86,-8.66,0.0,-29.2,0.0,1.14,16.62,-17.84,7.14
2026-08-26 11:00:00,miércoles,0.0,0.0,0.0,-31.16,-22.92,-8.67,0.0,-29.87,0.0,1.14,16.07,-15.98,7.08
2026-08-26 12:00:00,miércoles,0.0,0.0,0.0,-27.83,-25.18,-8.65,0.0,-32.63,0.0,1.14,13.41,-14.85,7.38
2026-08-26 13:00:00,miércoles,0.0,0.0,0.0,-24.53,-27.22,-8.64,0.0,-28.88,0.0,1.13,17.18,-14.41,7.57
2026-08-26 14:00:00,miércoles,0.0,0.0,0.0,-23.4,-23.21,-8.71,0.0,-27.56,0.0,1.14,17.45,-9.55,8.05
2026-08-26 15:00:00,miércoles,0.0,0.0,0.0,-20.06,-26.92,-8.66,0.0,-35.45,0.0,1.15,9.36,-9.61,9.52
2026-08-26 16:00:00,miércoles,0.0,0.0,0.0,-20.7,-28.88,-8.67,0.0,-34.64,0.0,1.14,10.54,-11.44,10.45
2026-08-26 17:00:00,miércoles,0.0,0.0,0.0,-19.72,-30.47,-8.63,0.0,-37.29,0.0,1.18,7.31,-12.92,10.52
2026-08-26 18:00:00,miércoles,0.0,0.0,0.0,-20.97,-29.16,-8.74,0.0,-37.39,0.0,1.15,7.89,-13.32,11.08
2026-08-26 19:00:00,miércoles,0.0,0.0,0.0,-21.26,-25.19,-8.66,0.0,-35.81,0.0,1.18,9.58,-9.67,11.52
2026-08-26 20:00:00,miércoles,0.0,0.0,0.0,-22.83,-25.45,-8.66,0.0,-41.31,0.0,1.18,4.23,-11.41,11.82
2026-08-26 21:00:00,miércoles,0.0,0.0,0.0,-22.99,-24.59,-8.66,0.0,-37.65,0.0,1.18,8.43,-10.85,11.71
2026-08-26 22:00:00,miércoles,0.0,0.0,0.0,-23.83,-21.96,-8.68,0.0,-32.62,0.0,1.18,13.75,-9.09,11.85
2026-08-26 23:00:00,miércoles,0.0,0.0,0.0,-23.87,-24.61,-8.64,0.0,-27.34,0.0,1.18,18.69,-11.61,12.34
2026-08-27 00:00:00,jueves,0.0,0.0,0.0,-23.93,-17.74,-8.7,0.0,-26.96,0.0,1.19,18.75,-4.63,12.9
2026-08-27 01:00:00,jueves,0.0,0.0,0.0,-23.98,-26.17,-8.62,0.0,-28.28,0.0,1.18,17.26,-13.14,13.15
2026-08-27 02:00:00,jueves,0.0,0.0,0.0,-24.59,-25.19,-8.67,0.0,-22.57,0.0,1.18,22.87,-12.62,13.92
2026-08-27 03:00:00,jueves,0.0,0.0,0.0,-24.65,-25.34,-8.68,0.0,-25.36,0.0,1.17,19.72,-12.9,14.91
2026-08-27 04:00:00,jueves,0.0,0.0,0.0,-24.86,-21.85,-8.67,0.0,-37.5,0.0,1.17,8.21,-9.99,15.54
2026-08-27 05:00:00,jueves,0.0,0.0,0.0,-25.59,-17.84,-8.64,0.0,-29.03,0.0,1.18,16.36,-6.99,16.85
2026-08-27 06:00:00,jueves,0.0,0.0,0.0,-26.41,-22.26,-8.69,0.0,-27.97,0.0,1.53,17.83,-11.53,17.48
2026-08-27 07:00:00,jueves,0.0,0.0,0.0,-26.75,-18.53,-8.65,0.0,-26.51,0.0,1.59,19.16,-7.84,18.45
2026-08-27 08:00:00,jueves,0.0,0.0,0.0,-27.59,-17.21,-8.65,0.0,-31.95,0.0,1.6,13.02,-8.02,19.93
2026-08-27 09:00:00,jueves,0.0,0.0,0.0,-27.61,-22.19,-8.62,0.0,-34.83,0.0,1.4,9.88,-12.77,20.01
2026-08-27 10:00:00,jueves,0.0,0.0,0.0,-28.71,-20.05,-8.61,0.0,-30.44,0.0,1.64,13.88,-11.87,21.28
2026-08-27 11:00:00,jueves,0.0,0.0,0.0,-29.08,-15.51,-8.73,0.0,-34.42,0.0,2.44,9.4,-7.94,22.48
2026-08-27 12:00:00,jueves,0.0,0.0,0.0,-29.85,-17.88,-8.65,0.0,-32.38,0.0,2.75,10.82,-11.27,23.2
2026-08-27 13:00:00,jueves,0.0,0.0,0.0,-30.58,-17.05,-8.69,0.0,-32.34,0.0,2.53,10.08,-11.17,22.79
2026-08-27 14:00:00,jueves,0.0,0.0,0.0,-31.59,-17.64,-8.66,0.0,-34.75,0.0,2.54,7.77,-13.61,23.35
2026-08-27 15:00:00,jueves,0.0,0.0,0.0,-30.96,-18.34,-8.66,0.0,-43.65,0.0,2.54,-0.33,-13.41,23.64
2026-08-27 16:00:00,jueves,0.0,0.0,0.0,-31.16,-19.03,-8.65,-0.17,-42.53,0.0,2.61,2.49,-14.0,20.62
2026-08-27 17:00:00,jueves,0.0,0.0,0.0,-31.04,-20.67,-8.63,-6.01,-43.44,0.0,3.04,-6.3,-15.44,19.55
2026-08-27 18:00:00,jueves,0.0,0.0,0.0,-31.06,-20.4,-8.66,-14.73,-39.15,0.0,2.92,-12.63,-15.44,18.74
2026-08-27 19:00:00,jueves,0.0,0.0,0.0,-31.11,-22.61,-8.68,-19.26,-30.65,0.0,3.09,-9.95,-17.46,22.4
2026-08-27 20:00:00,jueves,0.0,0.0,0.0,-30.83,-18.74,-8.72,-27.46,-30.05,0.0,3.09,-17.4,-13.71,26.75
2026-08-27 21:00:00,jueves,0.0,0.0,0.0,-31.49,-17.49,-8.62,-25.95,-37.13,0.0,3.03,-23.2,-13.98,28.24
2026-08-27 22:00:00,jueves,0.0,0.0,0.0,-31.6,-15.9,-8.63,-25.98,-29.23,0.0,3.19,-12.89,-12.07,30.34
2026-08-27 23:00:00,jueves,0.0,0.0,0.0,-32.33,-16.67,-8.73,-25.0,-28.15,0.0,3.56,-10.42,-12.68,31.98
2026-08-28 00:00:00,viernes,0.0,0.0,0.0,-33.65,-22.25,-8.65,-21.34,-22.97,0.0,3.89,-1.64,-18.64,32.23
2026-08-28 01:00:00,viernes,0.0,0.0,0.0,-33.88,-20.7,-8.66,-20.99,-17.43,0.0,4.04,6.82,-16.96,31.99
2026-08-28 02:00:00,viernes,0.0,0.0,0.0,-34.96,-16.59,-8.66,-20.97,-17.59,0.0,4.32,7.02,-13.8,32.11
2026-08-28 03:00:00,viernes,0.0,0.0,0.0,-34.86,-13.78,-8.65,-20.97,-12.94,0.0,4.44,11.05,-10.79,31.95
2026-08-28 04:00:00,viernes,0.0,0.0,0.0,-35.66,-14.01,-8.66,-20.93,-13.73,0.0,4.47,9.91,-12.06,32.15
2026-08-28 05:00:00,viernes,0.0,0.0,0.0,-36.38,-15.09,-8.67,-21.0,-24.84,0.0,4.05,-3.76,-14.18,32.58
2026-08-28 06:00:00,viernes,0.0,0.0,0.0,-37.07,-13.61,-8.69,-20.47,-14.78,0.0,4.01,4.4,-13.15,32.79
2026-08-28 07:00:00,viernes,0.0,0.0,0.0,-36.94,-13.03,-8.65,-16.93,-14.56,0.0,4.26,7.94,-12.29,33.21
2026-08-28 08:00:00,viernes,0.0,0.0,0.0,-36.89,-12.51,-8.67,-14.4,-19.03,0.0,4.29,4.54,-12.07,33.13
2026-08-28 09:00:00,viernes,0.0,0.0,0.0,-36.83,-8.27,-8.65,-11.64,-23.92,0.0,4.33,0.72,-8.13,32.93
2026-08-28 10:00:00,viernes,0.0,0.0,0.0,-36.83,-8.65,-8.66,-11.98,-22.85,0.0,4.58,0.07,-8.33,32.37
2026-08-28 11:00:00,viernes,0.0,0.0,0.0,-36.3,-9.51,-8.67,-11.97,-16.62,0.0,4.58,7.65,-8.51,32.98
2026-08-28 12:00:00,viernes,0.0,0.0,0.0,-36.74,-9.87,-8.65,-11.98,-8.09,0.0,4.47,16.49,-8.39,32.71
2026-08-28 13:00:00,viernes,0.0,0.0,0.0,-36.85,-12.1,-8.63,-11.14,-14.52,0.0,4.63,10.02,-10.92,33.7
2026-08-28 14:00:00,viernes,0.0,0.0,0.0,-37.04,-9.57,-8.69,-10.97,-11.27,0.0,4.64,9.74,-8.86,34.22
2026-08-28 15:00:00,viernes,0.0,0.0,0.0,-36.9,-11.28,-8.66,-10.97,-8.93,0.0,4.57,11.29,-10.83,34.15
2026-08-28 16:00:00,viernes,0.0,0.0,0.0,-36.8,-10.58,-8.67,-10.93,-7.47,0.0,4.35,11.59,-9.88,34.72
2026-08-28 17:00:00,viernes,0.0,0.0,0.0,-36.76,-8.5,-8.64,-11.48,-8.99,0.0,4.25,10.45,-7.73,33.81
2026-08-28 18:00:00,viernes,0.0,0.0,0.0,-36.97,-8.47,-8.67,-13.03,-13.46,0.0,4.2,4.56,-7.81,32.98
2026-08-28 19:00:00,viernes,0.0,0.0,0.0,-36.83,-11.5,-8.69,-14.39,-17.12,0.0,4.34,1.21,-11.15,33.38
2026-08-28 20:00:00,viernes,0.0,0.0,0.0,-37.02,-12.51,-8.64,-21.67,-18.39,-1.47,2.87,-3.75,-12.45,34.16
2026-08-28 21:00:00,viernes,0.0,0.0,0.0,-36.92,-12.11,-8.64,-18.03,-27.99,-3.74,0.74,-10.08,-12.2,33.95
2026-08-28 22:00:00,viernes,0.0,0.0,0.0,-36.95,-12.87,-8.7,-15.94,-26.78,-4.15,0.46,-7.07,-12.87,33.97
2026-08-28 23:00:00,viernes,0.0,0.0,0.0,-36.66,-13.92,-8.65,-18.4,-19.88,-6.53,-1.74,-1.94,-13.46,34.73
2026-08-29 00:00:00,sábado,0.0,0.0,0.0,-37.0,-12.02,-8.64,-25.58,-10.75,-10.01,-4.88,5.37,-11.56,35.15
2026-08-29 01:00:00,sábado,-1.18,0.0,0.0,-36.98,-11.95,-8.66,-26.5,-8.36,-10.72,-5.5,8.5,-11.27,34.81
2026-08-29 02:00:00,sábado,-7.63,0.0,0.0,-37.07,-14.39,-8.67,-25.53,-22.68,-10.91,-5.59,-5.7,-13.7,29.17
2026-08-29 03:00:00,sábado,-13.04,0.0,0.0,-36.99,-11.0,-8.63,-26.52,-21.97,-10.92,-5.61,-6.37,-10.04,22.92
2026-08-29 04:00:00,sábado,-13.43,0.0,0.0,-36.94,-11.56,-8.69,-30.03,-12.96,-11.16,-6.05,1.3,-11.17,23.37
2026-08-29 05:00:00,sábado,-13.96,0.0,0.0,-37.01,-11.98,-8.67,-30.89,-15.96,-11.26,-6.28,-1.91,-11.44,20.72
2026-08-29 06:00:00,sábado,-13.96,0.0,0.0,-37.12,-12.35,-8.67,-31.5,-13.67,-11.41,-6.42,0.53,-11.68,23.19
2026-08-29 07:00:00,sábado,-13.96,0.0,0.0,-37.01,-13.88,-8.63,-30.55,-18.29,-11.41,-6.41,-3.15,-13.61,22.69
2026-08-29 08:00:00,sábado,-13.96,0.0,0.0,-36.96,-14.22,-8.64,-29.01,-19.07,-11.44,-6.14,-3.82,-13.92,24.02
2026-08-29 09:00:00,sábado,-13.96,0.0,0.0,-37.11,-17.49,-8.65,-29.71,-19.58,-11.01,-5.71,-5.02,-16.98,24.75
2026-08-29 10:00:00,sábado,-13.96,0.0,0.0,-36.71,-16.12,-8.68,-29.34,-17.25,-11.18,-5.89,-1.68,-14.77,24.74
2026-08-29 11:00:00,sábado,-13.66,0.0,0.0,-36.46,-15.12,-8.64,-28.89,-15.7,-12.26,-7.25,0.3,-14.03,25.98
2026-08-29 12:00:00,sábado,-8.84,0.0,0.0,-36.86,-16.43,-8.67,-29.07,-13.65,-10.5,-5.33,2.32,-15.07,30.37
2026-08-29 13:00:00,sábado,-1.09,0.0,0.0,-36.94,-16.68,-8.67,-28.74,-17.36,-9.52,-4.45,-1.98,-16.65,37.07
2026-08-29 14:00:00,sábado,0.0,0.0,0.0,-36.95,-16.31,-8.64,-31.0,-19.38,-11.44,-6.34,-6.38,-16.84,38.72
2026-08-29 15:00:00,sábado,0.0,0.0,0.0,-36.86,-15.72,-8.66,-30.6,-16.88,-11.52,-6.37,-3.54,-14.98,39.98
2026-08-29 16:00:00,sábado,0.0,0.0,0.0,-37.15,-16.89,-8.65,-31.66,-13.97,-9.23,-4.15,-0.96,-16.24,39.87
2026-08-29 17:00:00,sábado,0.0,0.0,0.0,-37.15,-16.17,-8.65,-30.09,-21.05,-7.28,-2.27,-6.57,-15.71,40.45
2026-08-29 18:00:00,sábado,0.0,0.0,0.0,-36.97,-15.1,-8.7,-29.26,-22.9,-8.98,-3.99,-9.36,-14.57,41.19
2026-08-29 19:00:00,sábado,-0.17,0.0,0.0,-36.62,-16.04,-8.66,-28.85,-26.04,-19.05,-13.84,-11.74,-14.68,40.2
2026-08-29 20:00:00,sábado,-11.82,0.0,0.0,-36.89,-19.37,-8.65,-29.11,-22.66,-19.2,-13.89,-9.46,-18.5,30.16
2026-08-29 21:00:00,sábado,-14.27,0.0,0.0,-37.09,-19.82,-8.67,-28.34,-25.67,-23.98,-18.68,-12.06,-19.5,28.15
2026-08-29 22:00:00,sábado,-14.98,0.0,0.0,-36.91,-16.26,-8.62,-29.23,-19.8,-30.03,-24.62,-6.61,-16.08,28.25
2026-08-29 23:00:00,sábado,-14.97,0.0,0.0,-37.06,-15.38,-8.7,-30.26,-17.5,-31.04,-25.61,-5.58,-15.34,27.68
2026-08-30 00:00:00,domingo,-14.98,0.0,0.0,-37.01,-14.8,-8.64,-28.61,-20.72,-29.49,-24.06,-7.33,-14.21,28.32
2026-08-30 01:00:00,domingo,-14.97,0.0,0.0,-37.03,-14.71,-8.67,-28.47,-20.59,-31.83,-26.47,-6.34,-14.43,29.21
2026-08-30 02:00:00,domingo,-14.98,0.0,0.0,-36.83,-15.38,-8.66,-28.87,-20.67,-31.53,-26.22,-7.63,-15.47,33.0
2026-08-30 03:00:00,domingo,-14.98,0.0,0.0,-35.86,-18.0,-8.66,-30.03,-17.35,-25.76,-20.55,-5.79,-20.17,35.32
2026-08-30 04:00:00,domingo,-14.98,0.0,0.0,-30.82,-21.09,-8.68,-13.6,-9.35,-22.51,-17.27,17.5,-18.29,37.66
2026-08-30 05:00:00,domingo,-14.98,0.0,0.0,-33.06,-13.29,-8.62,0.0,0.0,-18.29,-12.99,39.17,-9.76,37.49
2026-08-30 06:00:00,domingo,-14.98,0.0,0.0,-33.13,-11.93,-8.69,0.0,0.0,-16.58,-11.06,39.21,-9.18,37.64
2026-08-30 07:00:00,domingo,-14.98,0.0,0.0,-28.77,-17.66,-8.64,0.0,-11.34,-15.03,-9.39,29.14,-14.35,40.84
2026-08-30 08:00:00,domingo,-14.98,0.0,0.0,-24.87,-13.37,-8.69,0.0,-18.39,-13.87,-8.3,23.17,-7.63,43.44
2026-08-30 09:00:00,domingo,-14.98,0.0,0.0,-25.77,-10.95,-8.62,0.0,-20.51,-15.97,-10.63,21.54,-6.68,43.17
2026-08-30 10:00:00,domingo,-14.98,0.0,0.0,-27.02,-9.41,-8.64,0.0,-19.33,-14.42,-8.92,22.96,-9.05,44.2
2026-08-30 11:00:00,domingo,-14.98,0.0,0.0,-26.36,-10.44,-8.72,0.0,-22.46,-15.67,-10.3,19.21,-11.07,41.12
2026-08-30 12:00:00,domingo,-14.98,0.0,0.0,-23.67,-11.08,-8.69,0.0,-25.87,-20.89,-15.53,15.75,-8.73,36.99
2026-08-30 13:00:00,domingo,-14.98,0.0,0.0,-23.95,-13.46,-8.66,0.0,-27.08,-20.14,-14.97,15.44,-8.04,42.25
2026-08-30 14:00:00,domingo,-14.97,0.0,0.0,-27.86,-14.0,-8.63,0.0,-23.73,-20.57,-15.42,19.13,-8.29,43.0
2026-08-30 15:00:00,domingo,-14.98,0.0,0.0,-30.14,-13.39,-8.68,0.0,-30.16,-12.37,-6.13,12.49,-7.87,43.29
2026-08-30 16:00:00,domingo,-14.97,0.0,0.0,-27.25,-15.93,-8.58,0.0,-33.29,-10.22,-4.01,8.17,-7.11,43.94
2026-08-30 17:00:00,domingo,-14.98,0.0,0.0,-30.8,-17.39,-8.66,0.0,-33.83,-27.6,-21.21,8.18,-11.32,45.04
2026-08-30 18:00:00,domingo,-15.59,0.0,0.0,-32.94,-13.55,-8.69,0.0,-27.22,-27.81,-21.63,15.35,-9.5,45.5
2026-08-30 19:00:00,domingo,-15.99,0.0,0.0,-33.1,-7.56,-8.68,0.0,-31.31,-16.61,-10.8,11.16,-4.03,45.55
2026-08-30 20:00:00,domingo,-16.26,0.0,0.0,-33.99,-7.49,-8.68,0.0,-29.16,-28.16,-22.05,12.99,-4.88,44.66
2026-08-30 21:00:00,domingo,-19.78,0.0,0.0,-35.31,-8.05,-8.64,0.0,-26.35,-45.86,-39.71,15.76,-6.47,41.74
2026-08-30 22:00:00,domingo,-19.89,0.0,0.0,-36.46,-6.62,-8.66,0.0,-28.76,-51.9,-45.71,14.02,-6.0,41.02
2026-08-30 23:00:00,domingo,-19.94,0.0,0.0,-35.2,-9.95,-8.65,0.0,-28.24,-40.3,-34.5,15.78,-7.37,42.71
2026-08-31 00:00:00,lunes,-19.91,0.0,0.0,-34.9,-17.23,-8.65,0.0,-22.91,-29.53,-24.09,21.53,-14.19,40.89
2026-08-31 01:00:00,lunes,-19.92,0.0,0.0,-35.19,-20.25,-8.66,0.0,-22.7,-26.59,-21.25,22.06,-17.83,40.44
2026-08-31 02:00:00,lunes,-19.95,0.0,0.0,-34.89,-17.69,-8.64,0.0,-21.1,-21.16,-15.98,24.31,-14.69,44.97
2026-08-31 03:00:00,lunes,-19.89,0.0,0.0,-35.27,-18.96,-8.66,0.0,-23.1,-17.5,-12.34,22.49,-16.33,46.5
2026-08-31 04:00:00,lunes,-19.85,0.0,0.0,-36.02,-19.0,-8.66,0.0,-19.63,-19.78,-14.65,26.21,-17.45,47.23
2026-08-31 05:00:00,lunes,-19.83,0.0,0.0,-35.96,-16.38,-8.68,0.0,-25.05,-21.13,-15.99,19.89,-14.8,46.25
2026-08-31 06:00:00,lunes,-19.85,0.0,0.0,-35.45,-15.68,-8.63,0.0,-18.62,-20.26,-15.11,25.83,-13.47,45.6
2026-08-31 07:00:00,lunes,-19.84,0.0,0.0,-36.06,-14.25,-8.7,0.0,-19.5,-22.51,-17.25,24.29,-12.93,45.0
2026-08-31 08:00:00,lunes,-19.86,0.0,0.0,-35.7,-17.14,-8.64,0.0,-26.58,-39.21,-33.72,17.15,-15.34,35.36
2026-08-31 09:00:00,lunes,-19.83,0.0,0.0,-36.05,-18.04,-8.63,0.0,-26.17,-40.12,-34.72,17.25,-17.06,31.52
2026-08-31 10:00:00,lunes,-19.76,0.0,0.0,-35.94,-18.89,-8.65,0.0,-23.43,-34.19,-28.9,19.94,-17.54,31.52
2026-08-31 11:00:00,lunes,-19.75,0.0,0.0,-35.82,-16.87,-8.65,0.0,-25.32,-28.58,-23.33,17.64,-15.03,32.78
2026-08-31 12:00:00,lunes,-19.76,0.0,0.0,-36.03,-19.14,-8.64,0.0,-22.93,-19.57,-14.37,19.86,-18.69,35.49
2026-08-31 13:00:00,lunes,-19.79,0.0,0.0,-36.05,-20.48,-8.58,0.0,-26.41,-25.19,-19.26,16.49,-19.58,39.99
2026-08-31 14:00:00,lunes,-19.83,0.0,0.0,-36.09,-20.54,-8.68,0.0,-28.26,-24.81,-18.81,14.48,-19.28,40.22
2026-08-31 15:00:00,lunes,-18.4,0.0,0.0,-36.12,-21.24,-8.64,0.0,-29.05,-27.41,-21.49,13.7,-19.99,40.7
2026-08-31 16:00:00,lunes,-13.73,0.0,0.0,-35.54,-17.93,-8.77,0.0,-28.44,-30.59,-24.53,14.38,-16.21,46.51
2026-08-31 17:00:00,lunes,-13.43,0.0,0.0,-35.59,-16.35,-8.67,0.0,-38.43,-34.85,-28.93,4.52,-14.79,46.62
2026-08-31 18:00:00,lunes,-15.59,0.0,0.0,-35.5,-17.95,-8.63,0.0,-29.24,-37.12,-31.42,13.49,-15.7,44.0
2026-08-31 19:00:00,lunes,-16.97,0.0,0.0,-35.45,-18.72,-8.67,0.0,-32.25,-29.34,-23.86,10.58,-16.18,42.85
2026-08-31 20:00:00,lunes,-16.97,0.0,0.0,-35.83,-18.98,-8.66,0.0,-29.84,-32.32,-26.83,12.77,-16.89,43.84
2026-08-31 21:00:00,lunes,-16.97,0.0,0.0,-35.78,-18.65,-8.66,0.0,-35.33,-33.47,-28.0,7.13,-17.08,43.67
2026-08-31 22:00:00,lunes,-16.97,0.0,0.0,-36.08,-17.48,-8.67,0.0,-37.15,-30.5,-24.91,5.35,-16.43,44.67
2026-08-31 23:00:00,lunes,-16.97,0.0,0.0,-35.59,-16.8,-8.67,0.0,-31.66,-40.4,-34.35,10.92,-14.99,45.89
2026-09-01 00:00:00,martes,-16.97,0.0,0.0,-35.93,-13.18,-8.66,0.0,-34.31,-30.66,-25.08,7.84,-11.56,46.94
